Workbook

Sheet distribuiçao nas atividades
A1: > | B1: svytable(~idade_categ+sub_grupo_cnae, | C1: design | D1: = | E1: mulheres_func_pub_aux) | I1: > | J1: svytable(~idade_categ+sub_grupo_cnae, | K1: design | L1: = | M1: mulheres_func_pub_aux)
B2: sub_grupo_cnae | J2: sub_grupo_cnae
B3: idade_categ | C3: adm_e_gestao_publica | D3: educacao | E3: outras | F3: saude | G3: tecnologia | J3: idade_categ | K3: adm_e_gestao_publica | L3: educacao | M3: outras | N3: saude | O3: tecnologia
B4: 15-19 | C4: 15503.606 | D4: 17333.867 | E4: 10036.252 | F4: 3025.8801 | G4: 63.10832 | J4: 15-19 | K4: 6530.2336 | L4: 4072.5238 | M4: 504.07 | N4: 1254.2995 | O4: 368.9536
B5: 20-24 | C5: 49903.187 | D5: 91467.208 | E5: 15488.244 | F5: 11902.723 | G5: 164.36114 | J5: 20-24 | K5: 52835.538 | L5: 43930.978 | M5: 3305.8311 | N5: 18172.722 | O5: 2321.7293
B6: 25-29 | C6: 72723.555 | D6: 133881.38 | E6: 14816.034 | F6: 20198.175 | G6: 105.29502 | J6: 25-29 | K6: 109576.08 | L6: 109988.29 | M6: 6407.4717 | N6: 43504.488 | O6: 5074.0006
B7: 30-34 | C7: 92983.7 | D7: 168356.79 | E7: 17304.859 | F7: 28478.075 | G7: 131.43081 | J7: 30-34 | K7: 132276.64 | L7: 163435.79 | M7: 6784.2355 | N7: 50935.161 | O7: 4796.8627
B8: 35-39 | C8: 108539.86 | D8: 181423.15 | E8: 19140.835 | F8: 33229.751 | G8: 97.47529 | J8: 35-39 | K8: 132336.94 | L8: 179842.01 | M8: 6310.6152 | N8: 47852.557 | O8: 4701.6727
B9: 40-44 | C9: 97889.13 | D9: 164823.15 | E9: 17901.71 | F9: 33209.345 | G9: 103.65801 | J9: 40-44 | K9: 142696.5 | L9: 197418.91 | M9: 6955.4843 | N9: 48388.262 | O9: 4660.0029
B10: 45-49 | C10: 71493.046 | D10: 138796.67 | E10: 14051.341 | F10: 25082.275 | G10: 48.79853 | J10: 45-49 | K10: 146847.8 | L10: 197686.11 | M10: 7863.0523 | N10: 48061.835 | O10: 4736.5768
B11: Total | C11: =SUM(C4:C10) -> 509036.09 | D11: =SUM(D4:D10) -> 896082.21 | E11: =SUM(E4:E10) -> 108739.28 | F11: =SUM(F4:F10) -> 155126.22 | G11: =SUM(G4:G10) -> 714.12712 | J11: Total | K11: =SUM(K4:K10) -> 723099.73 | L11: =SUM(L4:L10) -> 896374.61 | M11: =SUM(M4:M10) -> 38130.76 | N11: =SUM(N4:N10) -> 258169.33 | O11: =SUM(O4:O10) -> 26659.799
B13: idade_categ | C13: adm_e_gestao_publica | D13: educacao | E13: outras | F13: saude | G13: tecnologia | J13: idade_categ | K13: adm_e_gestao_publica | L13: educacao | M13: outras | N13: saude | O13: tecnologia
B14: 15-19 | C14: =C4/C$11 -> 0.030456792 | D14: =D4/D$11 -> 0.019344059 | E14: =E4/E$11 -> 0.092296481 | F14: =F4/F$11 -> 0.019505922 | G14: =G4/G$11 -> 0.088371269 | J14: 15-19 | K14: =K4/K$11 -> 0.0090308892 | L14: =L4/L$11 -> 0.0045433279 | M14: =M4/M$11 -> 0.013219511 | N14: =N4/N$11 -> 0.0048584374 | O14: =O4/O$11 -> 0.013839324
B15: 20-24 | C15: =C5/C$11 -> 0.098034674 | D15: =D5/D$11 -> 0.10207457 | E15: =E5/E$11 -> 0.14243468 | F15: =F5/F$11 -> 0.076729279 | G15: =G5/G$11 -> 0.2301567 | J15: 20-24 | K15: =K5/K$11 -> 0.07306812 | L15: =L5/L$11 -> 0.049009619 | M15: =M5/M$11 -> 0.086697225 | N15: =N5/N$11 -> 0.07039071 | O15: =O5/O$11 -> 0.087087278
B16: 25-29 | C16: =C6/C$11 -> 0.14286522 | D16: =D6/D$11 -> 0.14940747 | E16: =E6/E$11 -> 0.13625283 | F16: =F6/F$11 -> 0.13020477 | G16: =G6/G$11 -> 0.14744577 | J16: 25-29 | K16: =K6/K$11 -> 0.15153661 | L16: =L6/L$11 -> 0.12270349 | M16: =M6/M$11 -> 0.16803944 | N16: =N6/N$11 -> 0.16851145 | O16: =O6/O$11 -> 0.19032404
B17: 30-34 | C17: =C7/C$11 -> 0.18266622 | D17: =D7/D$11 -> 0.18788097 | E17: =E7/E$11 -> 0.15914084 | F17: =F7/F$11 -> 0.18358002 | G17: =G7/G$11 -> 0.184044 | J17: 30-34 | K17: =K7/K$11 -> 0.18293 | L17: =L7/L$11 -> 0.18232978 | M17: =M7/M$11 -> 0.17792028 | N17: =N7/N$11 -> 0.19729362 | O17: =O7/O$11 -> 0.17992869
B18: 35-39 | C18: =C8/C$11 -> 0.21322626 | D18: =D8/D$11 -> 0.20246262 | E18: =E8/E$11 -> 0.17602504 | F18: =F8/F$11 -> 0.21421105 | G18: =G8/G$11 -> 0.13649571 | J18: 35-39 | K18: =K8/K$11 -> 0.1830134 | L18: =L8/L$11 -> 0.20063265 | M18: =M8/M$11 -> 0.16549933 | N18: =N8/N$11 -> 0.18535338 | O18: =O8/O$11 -> 0.17635815
B19: 40-44 | C19: =C9/C$11 -> 0.19230293 | D19: =D9/D$11 -> 0.18393753 | E19: =E9/E$11 -> 0.16462966 | F19: =F9/F$11 -> 0.2140795 | G19: =G9/G$11 -> 0.14515344 | J19: 40-44 | K19: =K9/K$11 -> 0.19734 | L19: =L9/L$11 -> 0.22024152 | M19: =M9/M$11 -> 0.18241137 | N19: =N9/N$11 -> 0.1874284 | O19: =O9/O$11 -> 0.17479513
B20: 45-49 | C20: =C10/C$11 -> 0.14044789 | D20: =D10/D$11 -> 0.15489278 | E20: =E10/E$11 -> 0.12922047 | F20: =F10/F$11 -> 0.16168946 | G20: =G10/G$11 -> 0.068333114 | J20: 45-49 | K20: =K10/K$11 -> 0.20308097 | L20: =L10/L$11 -> 0.22053961 | M20: =M10/M$11 -> 0.20621284 | N20: =N10/N$11 -> 0.186164 | O20: =O10/O$11 -> 0.17766739
B21: Total | C21: =C11/C$11 -> 1 | D21: =D11/D$11 -> 1 | E21: =E11/E$11 -> 1 | F21: =F11/F$11 -> 1 | G21: =G11/G$11 -> 1 | J21: Total | K21: =K11/K$11 -> 1 | L21: =L11/L$11 -> 1 | M21: =M11/M$11 -> 1 | N21: =N11/N$11 -> 1 | O21: =O11/O$11 -> 1
B23: idade_categ | C23: adm e gestao | D23: educacao | E23: outras | F23: saude | J23: idade_categ | K23: adm_e_gestao_publica | L23: educacao | M23: outras | N23: saude
C24: =C11/SUM($C$11:$G$11) -> 0.30486717 | D24: =D11/SUM($C$11:$G$11) -> 0.53667325 | E24: =(E11+G11)/SUM($C$11:$G$11) -> 0.065552817 | F24: =F11/SUM($C$11:$G$11) -> 0.09290676 | K24: =K11/SUM($K$11:$O$11) -> 0.37226472 | L24: =L11/SUM($K$11:$O$11) -> 0.46146974 | M24: =(M11+O11)/SUM($K$11:$O$11) -> 0.033355342 | N24: =N11/SUM($K$11:$O$11) -> 0.1329102

Sheet parturição_area
A2: > | B2: svytable(~filhos_ever_born+idade_categ+ocupacao_v3, | C2: design | D2: = | E2: mulheres_2000_aux) | Q2: > | R2: svytable(~filhos_ever_born+idade_categ+ocupacao_v3, | S2: design | T2: = | U2: mulheres_2010_aux)
A3: , | B3: , | C3: ocupacao_v3 | D3: = | E3: funcionario_publico | Q3: , | R3: , | S3: ocupacao_v3 | T3: = | U3: funcionario_publico
K4: =E3 -> funcionario_publico | AA4: =U3 -> funcionario_publico
B5: idade_categ | K5: filhos_ever_born | L5: Número de mulheres de 45-49 anos | M5: Mulheres de 45-49 anos com pelo menos N filhos | N5: Razão de Perturição | O5: categ | R5: idade_categ | AA5: filhos_ever_born | AB5: Número de mulheres de 45-49 anos | AC5: Mulheres de 45-49 anos com pelo menos N filhos | AD5: Razão de Perturição | AE5: categ
A6: filhos_ever_born | C6: 15-19 | D6: 20-24 | E6: 25-29 | F6: 30-34 | G6: 35-39 | H6: 40-44 | I6: 45-49 | K6: 0 | L6: =I7 -> 37960.566 | M6: =SUM($L6:L$10) -> 249472.13 | N6: =M7/M6 -> 0.84783644 | O6: 0-1 | P6: =N6+N6*N7+N6*N7*N8+N6*N7*N8*N9 -> 2.1975468 | Q6: filhos_ever_born | S6: 15-19 | T6: 20-24 | U6: 25-29 | V6: 30-34 | W6: 35-39 | X6: 40-44 | Y6: 45-49 | AA6: 0 | AB6: =Y7 -> 64049.11 | AC6: =SUM($AB6:AB$10) -> 405195.35 | AD6: =AC7/AC6 -> 0.84193029 | AE6: 0-1 | AF6: =AD6+AD6*AD7+AD6*AD7*AD8+AD6*AD7*AD8*AD9 -> 1.8526501
B7: 0 | C7: 41345.273 | D7: 114488.49 | E7: 112067.06 | F7: 83577.635 | G7: 63920.477 | H7: 47758.979 | I7: 37960.566 | K7: 1 | L7: =I8 -> 32058.06 | M7: =SUM($L7:L$10) -> 211511.56 | N7: =M8/M7 -> 0.84843354 | O7: 1-2 | R7: 0 | S7: 11624.63 | T7: 91917.41 | U7: 155555.3 | V7: 120959.1 | W7: 79087.21 | X7: 69620.96 | Y7: 64049.11 | AA7: 1 | AB7: =Y8 -> 75909.17 | AC7: =SUM($AB7:AB$10) -> 341146.24 | AD7: =AC8/AC7 -> 0.77748789 | AE7: 1-2
B8: 1 | C8: 3898.1178 | D8: 37640.275 | E8: 65793.539 | F8: 76978.841 | G8: 66682.116 | H8: 49192.592 | I8: 32058.06 | K8: 2 | L8: =I9 -> 71446.38 | M8: =SUM($L8:L$10) -> 179453.5 | N8: =M9/M8 -> 0.6018669 | O8: 2-3 | R8: 1 | S8: 972.507 | T8: 21823.17 | U8: 74569.97 | V8: 113349.4 | W8: 100247 | X8: 87833.32 | Y8: 75909.17 | AA8: 2 | AB8: =Y9 -> 155079.5 | AC8: =SUM($AB8:AB$10) -> 265237.07 | AD8: =AC9/AC8 -> 0.4153174 | AE8: 2-3
B9: 2 | C9: 547.8282 | D9: 12206.917 | E9: 42862.476 | F9: 91601.85 | G9: 119652.09 | H9: 102898.15 | I9: 71446.38 | K9: 3 | L9: =I10 -> 58752.636 | M9: =SUM($L9:L$10) -> 108007.12 | N9: =M10/M9 -> 0.45602998 | O9: 4+ | R9: 2 | S9: 114.3296 | T9: 5488.806 | U9: 32964.41 | V9: 85835.65 | W9: 127981.2 | X9: 151986.7 | Y9: 155079.5 | AA9: 3 | AB9: =Y10 -> 76013.23 | AC9: =SUM($AB9:AB$10) -> 110157.57 | AD9: =AC10/AC9 -> 0.30995909 | AE9: 4+
B10: 3 | C10: 131.4052 | D10: 3445.3239 | E10: 14989.697 | F10: 38070.541 | G10: 59997.878 | H10: 68921.452 | I10: 58752.636 | K10: 4+ | L10: =I11 -> 49254.486 | M10: =SUM($L10:L$10) -> 49254.486 | N10: - | R10: 3 | S10: 13.69486 | T10: 1052.53 | U10: 8863.794 | V10: 28401.08 | W10: 47620.98 | X10: 64874.28 | Y10: 76013.23 | AA10: 4+ | AB10: =Y11 -> 34144.34 | AC10: =SUM($AB10:AB$10) -> 34144.34 | AD10: -
B11: 4+ | C11: 40.0898 | D11: 1144.7147 | E11: 6011.6601 | F11: 17025.995 | G11: 32178.516 | H11: 45155.812 | I11: 49254.486 | R11: 4+ | S11: 4.921647 | T11: 284.8807 | U11: 2596.864 | V11: 9683.464 | W11: 16107.39 | X11: 25803.92 | Y11: 34144.34
A15: > | B15: svytable(~filhos_ever_born+idade_categ+flag_ocup, | C15: design | D15: = | E15: mulheres_2000_aux) | Q15: > | R15: svytable(~filhos_ever_born+idade_categ+flag_ocup, | S15: design | T15: = | U15: mulheres_2000_aux)
A16: , | B16: , | C16: flag_ocup | D16: = | E16: Desocupadas | Q16: , | R16: , | S16: flag_ocup | T16: = | U16: Desocupadas
K17: =E16 -> Desocupadas
B18: idade_categ | K18: filhos_ever_born | L18: Número de mulheres de 45-49 anos | M18: Mulheres de 45-49 anos com pelo menos N filhos | N18: Razão de Perturição | O18: categ | R18: idade_categ
A19: filhos_ever_born | C19: 15-19 | D19: 20-24 | E19: 25-29 | F19: 30-34 | G19: 35-39 | H19: 40-44 | I19: 45-49 | K19: 0 | L19: =I20 -> 195949.04 | M19: =SUM($L19:L$23) -> 2329581.3 | N19: =M20/M19 -> 0.91588659 | O19: 0-1 | P19: =N19+N19*N20+N19*N20*N21+N19*N20*N21*N22 -> 2.764044 | Q19: filhos_ever_born | R19: 15-19 | S19: 20-24 | T19: 25-29 | U19: 30-34 | V19: 35-39 | W19: 40-44 | X19: 45-49 | AA19: filhos_ever_born | AB19: Número de mulheres de 45-49 anos | AC19: Mulheres de 45-49 anos com pelo menos N filhos | AD19: Razão de Perturição | AE19: categ
B20: 0 | C20: 5671376.5 | D20: 1920175.5 | E20: 716129.76 | F20: 385733.62 | G20: 272974.16 | H20: 215204.89 | I20: 195949.04 | K20: 1 | L20: =I21 -> 200851.98 | M20: =SUM($L20:L$23) -> 2133632.3 | N20: =M21/M20 -> 0.90586383 | O20: 1-2 | R20: 0 | S20: 5525438.6 | T20: 2159788.7 | U20: 988402.39 | V20: 533687.48 | W20: 354467.67 | X20: 309091.26 | Y20: 290588.74 | AA20: 0 | AB20: =Y20 -> 290588.74 | AC20: =SUM($AB20:AB$24) -> 2430425.1 | AD20: =AC21/AC20 -> 0.88043707 | AE20: 0-1 | AF20: =AD20+AD20*AD21+AD20*AD21*AD22+AD20*AD21*AD22*AD23 -> 2.3775993
B21: 1 | C21: 823093.69 | D21: 1307285.6 | E21: 898785.41 | F21: 560489.44 | G21: 364607.26 | H21: 246231.56 | I21: 200851.98 | K21: 2 | L21: =I22 -> 494077.58 | M21: =SUM($L21:L$23) -> 1932780.3 | N21: =M22/M21 -> 0.74436951 | O21: 2-3 | R21: 1 | S21: 622807.9 | T21: 1147398.4 | U21: 959343.84 | V21: 655321.7 | W21: 444132.19 | X21: 344142.56 | Y21: 295327.23 | AA21: 1 | AB21: =Y21 -> 295327.23 | AC21: =SUM($AB21:AB$24) -> 2139836.4 | AD21: =AC22/AC21 -> 0.86198607 | AE21: 1-2
B22: 2 | C22: 191265.08 | D22: 790973.33 | E22: 985676.58 | F22: 991299.01 | G22: 853253.72 | H22: 640922.03 | I22: 494077.58 | K22: 3 | L22: =I23 -> 504752.77 | M22: =SUM($L22:L$23) -> 1438702.7 | N22: =M23/M22 -> 0.64916118 | O22: 4+ | R22: 2 | S22: 107475.56 | T22: 540819.79 | U22: 802796.05 | V22: 853477.49 | W22: 790699.84 | X22: 734573.16 | Y22: 682961.15 | AA22: 2 | AB22: =Y22 -> 682961.15 | AC22: =SUM($AB22:AB$24) -> 1844509.1 | AD22: =AC23/AC22 -> 0.62973285 | AE22: 2-3
B23: 3 | C23: 33869.308 | D23: 322390.08 | E23: 547364.87 | F23: 641495.41 | G23: 653607.03 | H23: 581807.87 | I23: 504752.77 | K23: 4+ | L23: =I24 -> 933949.97 | M23: =SUM($L23:L$23) -> 933949.97 | N23: - | R23: 3 | S23: 15483.771 | T23: 182560.06 | U23: 398112.34 | V23: 499485.56 | W23: 503835.44 | X23: 516560.1 | Y23: 528864.44 | AA23: 3 | AB23: =Y23 -> 528864.44 | AC23: =SUM($AB23:AB$24) -> 1161548 | AD23: =AC24/AC23 -> 0.54468998 | AE23: 4+
B24: 4+ | C24: 7114.248 | D24: 135610.64 | E24: 374840.46 | F24: 582493.5 | G24: 740176.22 | H24: 850963.45 | I24: 933949.97 | R24: 4+ | S24: 3321.8647 | T24: 64009.542 | U24: 236204.64 | V24: 376672.98 | W24: 444849.04 | X24: 530304.38 | Y24: 632683.55 | AA24: 4+ | AB24: =Y24 -> 632683.55 | AC24: =SUM($AB24:AB$24) -> 632683.55 | AD24: -
A26: , | B26: , | C26: flag_ocup | D26: = | E26: Ocupadas | Q26: , | R26: , | S26: flag_ocup | T26: = | U26: Ocupadas
K27: =E26 -> Ocupadas
B28: idade_categ | K28: filhos_ever_born | L28: Número de mulheres de 45-49 anos | M28: Mulheres de 45-49 anos com pelo menos N filhos | N28: Razão de Perturição | O28: categ | R28: idade_categ
A29: filhos_ever_born | C29: 15-19 | D29: 20-24 | E29: 25-29 | F29: 30-34 | G29: 35-39 | H29: 40-44 | I29: 45-49 | K29: 0 | L29: =I30 -> 246970.77 | M29: =SUM($L29:L$33) -> 2180876.7 | N29: =M30/M29 -> 0.8867562 | O29: 0-1 | P29: =N29+N29*N30+N29*N30*N31+N29*N30*N31*N32 -> 2.4967892 | Q29: filhos_ever_born | R29: 15-19 | S29: 20-24 | T29: 25-29 | U29: 30-34 | V29: 35-39 | W29: 40-44 | X29: 45-49 | AA29: filhos_ever_born | AB29: Número de mulheres de 45-49 anos | AC29: Mulheres de 45-49 anos com pelo menos N filhos | AD29: Razão de Perturição | AE29: categ
B30: 0 | C30: 1932505.8 | D30: 2345583.4 | E30: 1446708.3 | F30: 822220.46 | G30: 522626.31 | H30: 348257.33 | I30: 246970.77 | K30: 1 | L30: =I31 -> 246961.73 | M30: =SUM($L30:L$33) -> 1933905.9 | N30: =M31/M30 -> 0.87229899 | O30: 1-2 | R30: 0 | S30: 1907316.4 | T30: 3068895.1 | U30: 2457948 | V30: 1396410.3 | W30: 790505.96 | X30: 588257.11 | Y30: 468838.7 | AA30: 0 | AB30: =Y30 -> 468838.7 | AC30: =SUM($AB30:AB$34) -> 3711499.7 | AD30: =AC31/AC30 -> 0.87367945 | AE30: 0-1 | AF30: =AD30+AD30*AD31+AD30*AD31*AD32+AD30*AD31*AD32*AD33 -> 2.1443669
B31: 1 | C31: 213909.11 | D31: 810523.79 | E31: 950413.58 | F31: 811363.02 | G31: 589924 | H31: 388882.82 | I31: 246961.73 | K31: 2 | L31: =I32 -> 534985.45 | M31: =SUM($L31:L$33) -> 1686944.2 | N31: =M32/M31 -> 0.68286713 | O31: 2-3 | R31: 1 | S31: 210332.64 | T31: 1016922.2 | U31: 1516732.3 | V31: 1449193.9 | W31: 1071511 | X31: 806684.26 | Y31: 593213.03 | AA31: 1 | AB31: =Y31 -> 593213.03 | AC31: =SUM($AB31:AB$34) -> 3242661 | AD31: =AC32/AC31 -> 0.81705981 | AE31: 1-2
B32: 2 | C32: 40156.505 | D32: 314054.06 | E32: 658819.82 | F32: 975674.73 | G32: 1057264.8 | H32: 827832.02 | I32: 534985.45 | K32: 3 | L32: =I33 -> 479578.23 | M32: =SUM($L32:L$33) -> 1151958.7 | N32: =M33/M32 -> 0.58368454 | O32: 4+ | R32: 2 | S32: 31596.012 | T32: 319216.86 | U32: 819842.23 | V32: 1297624 | W32: 1476653 | X32: 1443171.9 | Y32: 1227861.9 | AA32: 2 | AB32: =Y32 -> 1227861.9 | AC32: =SUM($AB32:AB$34) -> 2649448 | AD32: =AC33/AC32 -> 0.53655935 | AE32: 2-3
B33: 3 | C33: 6335.103 | D33: 105821.99 | E33: 288516.92 | F33: 519886.31 | G33: 671134.9 | H33: 644994.83 | I33: 479578.23 | K33: 4+ | L33: =I34 -> 672380.49 | M33: =SUM($L$33:L33) -> 672380.49 | N33: - | R33: 3 | S33: 4441.5461 | T33: 86113.861 | U33: 314087.15 | V33: 604490.25 | W33: 756002.55 | X33: 818089.05 | Y33: 776463.85 | AA33: 3 | AB33: =Y33 -> 776463.85 | AC33: =SUM($AB33:AB$34) -> 1421586.1 | AD33: =AC34/AC33 -> 0.45380454 | AE33: 4+
B34: 4+ | C34: 1669.483 | D34: 42057.04 | E34: 165936.7 | F34: 373861.54 | G34: 579209.93 | H34: 689012.2 | I34: 672380.49 | R34: 4+ | S34: 965.6326 | T34: 27473.903 | U34: 150658.46 | V34: 360171.79 | W34: 488357.18 | X34: 597651.59 | Y34: 645122.22 | AA34: 4+ | AB34: =Y34 -> 645122.22 | AC34: =SUM($AB$34:AB34) -> 645122.22 | AD34: -
A41: > | B41: svytable(~filhos_ever_born+idade_categ+sub_grupo_cnae, | C41: design | D41: = | E41: mulheres_func_pub_aux) | Q41: > | R41: svytable(~filhos_ever_born+idade_categ+sub_grupo_cnae, | S41: design | T41: = | U41: mulheres_func_pub_aux)
A42: , | B42: , | C42: sub_grupo_cnae | D42: = | E42: adm_e_gestao_publica | Q42: , | R42: , | S42: sub_grupo_cnae | T42: = | U42: adm_e_gestao_publica
K43: =E42 -> adm_e_gestao_publica | AA43: =U42 -> adm_e_gestao_publica
B44: idade_categ | K44: filhos_ever_born | L44: Número de mulheres de 45-49 anos | M44: Mulheres de 45-49 anos com pelo menos N filhos | N44: Razão de Perturição | O44: categ | R44: idade_categ | AA44: filhos_ever_born | AB44: Número de mulheres de 45-49 anos | AC44: Mulheres de 45-49 anos com pelo menos N filhos | AD44: Razão de Perturição | AE44: categ
A45: filhos_ever_born | B45: 15-19 | D45: 20-24 | E45: 25-29 | F45: 30-34 | G45: 35-39 | H45: 40-44 | I45: 45-49 | K45: 0 | L45: =I46 -> 11861.199 | M45: =SUM($L45:L$49) -> 71493.046 | N45: =M46/M45 -> 0.83409297 | O45: 0-1 | P45: =N45+N45*N46+N45*N46*N47+N45*N46*N47*N48 -> 2.1483064 | Q45: filhos_ever_born | R45: 15-19 | S45: 20-24 | T45: 25-29 | U45: 30-34 | V45: 35-39 | W45: 40-44 | X45: 45-49 | AA45: 0 | AB45: =Y46 -> 23513.084 | AC45: =SUM($AB45:AB$49) -> 146847.8 | AD45: =AC46/AC45 -> 0.83988126 | AE45: 0-1 | AF45: =AD45+AD45*AD46+AD45*AD46*AD47+AD45*AD46*AD47*AD48 -> 1.8285165
B46: 0 | C46: 14009.261 | D46: 33346.162 | E46: 34009.397 | F46: 26200.658 | G46: 21385.228 | H46: 15566.82 | I46: 11861.199 | K46: 1 | L46: =I47 -> 10331.06 | M46: =SUM($L46:L$49) -> 59631.847 | N46: =M47/M46 -> 0.82675264 | O46: 1-2 | R46: 0 | S46: 5964.061 | T46: 40658.528 | U46: 64329.496 | V46: 47985.174 | W46: 28837.416 | X46: 24592.974 | Y46: 23513.084 | AA46: 1 | AB46: =Y47 -> 29067.78 | AC46: =SUM($AB46:AB$49) -> 123334.71 | AD46: =AC47/AC46 -> 0.76431793 | AE46: 1-2
B47: 1 | C47: 1241.2717 | D47: 11027.547 | E47: 19037.078 | F47: 23146.302 | G47: 21294.742 | H47: 16579.628 | I47: 10331.06 | K47: 2 | L47: =I48 -> 19196.317 | M47: =SUM($L47:L$49) -> 49300.787 | N47: =M48/M47 -> 0.61062859 | O47: 2-3 | R47: 1 | S47: 494.85517 | T47: 9247.817 | U47: 28121.904 | V47: 40529.422 | W47: 36010.362 | X47: 31949.806 | Y47: 29067.78 | AA47: 2 | AB47: =Y48 -> 55513.08 | AC47: =SUM($AB47:AB$49) -> 94266.932 | AD47: =AC48/AC47 -> 0.4111076 | AE47: 2-3
B48: 2 | C48: 180.75991 | D48: 4124.6051 | E48: 12465.311 | F48: 26511.09 | G48: 37194.896 | H48: 31539.776 | I48: 19196.317 | K48: 3 | L48: =I49 -> 15552.605 | M48: =SUM($L48:L$49) -> 30104.47 | N48: =M49/M48 -> 0.4833789 | O48: 4+ | R48: 2 | S48: 57.622587 | T48: 2334.1143 | U48: 12656.038 | V48: 29640.74 | W48: 45213.442 | X48: 54278.002 | Y48: 55513.08 | AA48: 3 | AB48: =Y49 -> 26595.723 | AC48: =SUM($AB48:AB$49) -> 38753.853 | AD48: =AC49/AC48 -> 0.31372698 | AE48: 4+
B49: 3 | C49: 72.313831 | D49: 1084.909 | E49: 5062.6415 | F49: 11340.23 | G49: 17778.425 | H49: 19583.737 | I49: 15552.605 | K49: 4+ | L49: =I50 -> 14551.866 | M49: =SUM($L49:L$49) -> 14551.866 | N49: - | R49: 3 | S49: 13.694856 | T49: 467.03928 | U49: 3429.5806 | V49: 10349.921 | W49: 15992.525 | X49: 22227.317 | Y49: 26595.723 | AA49: 4+ | AB49: =Y50 -> 12158.129 | AC49: =SUM($AB49:AB$49) -> 12158.129 | AD49: -
B50: 4+ | C50: 0 | D50: 319.964 | E50: 2149.1285 | F50: 5785.4206 | G50: 10886.572 | H50: 14619.168 | I50: 14551.866 | R50: 4+ | S50: 0 | T50: 128.0396 | U50: 1039.0624 | V50: 3771.38 | W50: 6283.1989 | X50: 9648.4036 | Y50: 12158.129
A52: , | B52: , | C52: sub_grupo_cnae | D52: = | E52: educacao | Q52: , | R52: , | S52: sub_grupo_cnae | T52: = | U52: educacao
K53: =E52 -> educacao | AA53: =U52 -> educacao
B54: idade_categ | K54: filhos_ever_born | L54: Número de mulheres de 45-49 anos | M54: Mulheres de 45-49 anos com pelo menos N filhos | N54: Razão de Perturição | O54: categ | R54: idade_categ | AA54: filhos_ever_born | AB54: Número de mulheres de 45-49 anos | AC54: Mulheres de 45-49 anos com pelo menos N filhos | AD54: Razão de Perturição | AE54: categ
A55: filhos_ever_born | B55: 15-19 | D55: 20-24 | E55: 25-29 | F55: 30-34 | G55: 35-39 | H55: 40-44 | I55: 45-49 | K55: 0 | L55: =I56 -> 20355.189 | M55: =SUM($L55:L$59) -> 138796.67 | N55: =M56/M55 -> 0.85334526 | O55: 0-1 | P55: =N55+N55*N56+N55*N56*N57+N55*N56*N57*N58 -> 2.2052148 | Q55: filhos_ever_born | R55: 15-19 | S55: 20-24 | T55: 25-29 | U55: 30-34 | V55: 35-39 | W55: 40-44 | X55: 45-49 | AA55: 0 | AB55: =Y56 -> 31300.877 | AC55: =SUM($AB55:AB$59) -> 197686.11 | AD55: =AC56/AC55 -> 0.84166375 | AE55: 0-1 | AF55: =AD55+AD55*AD56+AD55*AD56*AD57+AD55*AD56*AD57*AD58 -> 1.8588822
B56: 0 | C56: 15549.304 | D56: 62917.077 | E56: 61669.095 | F56: 45701.849 | G56: 33734.346 | H56: 24605.822 | I56: 20355.189 | K56: 1 | L56: =I57 -> 16592.802 | M56: =SUM($L56:L$59) -> 118441.48 | N56: =M57/M56 -> 0.85990717 | O56: 1-2 | R56: 0 | S56: 3690.0861 | T56: 32774.224 | U56: 57730.918 | V56: 50612.12 | W56: 36989.546 | X56: 33925.788 | Y56: 31300.877 | AA56: 1 | AB56: =Y57 -> 35424.918 | AC56: =SUM($AB56:AB$59) -> 166385.23 | AD56: =AC57/AC56 -> 0.78709097 | AE56: 1-2
B57: 1 | C57: 1604.0766 | D57: 20425.599 | E57: 37850.188 | F57: 43284.284 | G57: 34634.016 | H57: 24339.334 | I57: 16592.802 | K57: 2 | L57: =I58 -> 41778.072 | M57: =SUM($L57:L$59) -> 101848.68 | N57: =M58/M57 -> 0.5898025 | O57: 2-3 | R57: 1 | S57: 329.94025 | T57: 8341.751 | U57: 32493.514 | V57: 53161.831 | W57: 48691.951 | X57: 42759.672 | Y57: 35424.918 | AA57: 2 | AB57: =Y58 -> 76931.949 | AC57: =SUM($AB57:AB$59) -> 130960.31 | AD57: =AC58/AC57 -> 0.41255524 | AE57: 2-3
B58: 2 | C58: 145.53234 | D58: 5942.9096 | E58: 24175.232 | F58: 50976.653 | G58: 64963.346 | H58: 55417.767 | I58: 41778.072 | K58: 3 | L58: =I59 -> 34354.901 | M58: =SUM($L58:L$59) -> 60070.604 | N58: =M59/M58 -> 0.4280913 | O58: 4+ | R58: 2 | S58: 52.497489 | T58: 2251.7062 | U58: 14621.246 | V58: 41405.63 | W58: 63150.722 | X58: 75907.453 | Y58: 76931.949 | AA58: 3 | AB58: =Y59 -> 37927.078 | AC58: =SUM($AB58:AB$59) -> 54028.362 | AD58: =AC59/AC58 -> 0.29801541 | AE58: 4+
B59: 3 | C59: 27.833507 | D59: 1690.4763 | E59: 7531.959 | F59: 20516.181 | G59: 32731.32 | H59: 38200.09 | I59: 34354.901 | K59: 4+ | L59: =I60 -> 25715.703 | M59: =SUM($L59:L$59) -> 25715.703 | N59: - | R59: 3 | S59: 0 | T59: 448.86257 | U59: 3957.9355 | V59: 13833.56 | W59: 23713.013 | X59: 32887.523 | Y59: 37927.078 | AA59: 4+ | AB59: =Y60 -> 16101.285 | AC59: =SUM($AB59:AB$59) -> 16101.285 | AD59: -
B60: 4+ | C60: 7.120228 | D60: 491.1454 | E60: 2654.9023 | F60: 7877.829 | G60: 15360.121 | H60: 22260.133 | I60: 25715.703 | R60: 4+ | S60: 0 | T60: 114.43467 | U60: 1184.6788 | V60: 4422.6457 | W60: 7296.7822 | X60: 11938.475 | Y60: 16101.285
A62: , | B62: , | C62: sub_grupo_cnae | D62: = | E62: outras | Q62: , | R62: , | S62: sub_grupo_cnae | T62: = | U62: outras
K63: =E62 -> outras | AA63: =U62 -> outras
B64: idade_categ | K64: filhos_ever_born | L64: Número de mulheres de 45-49 anos | M64: Mulheres de 45-49 anos com pelo menos N filhos | N64: Razão de Perturição | O64: categ | R64: idade_categ | AA64: filhos_ever_born | AB64: Número de mulheres de 45-49 anos | AC64: Mulheres de 45-49 anos com pelo menos N filhos | AD64: Razão de Perturição | AE64: categ
A65: filhos_ever_born | B65: 15-19 | D65: 20-24 | E65: 25-29 | F65: 30-34 | G65: 35-39 | H65: 40-44 | I65: 45-49 | K65: 0 | L65: =I66 -> 1972.1505 | M65: =SUM($L65:L$69) -> 14100.139 | N65: =M66/M65 -> 0.86013255 | O65: 0-1 | P65: =N65+N65*N66+N65*N66*N67+N65*N66*N67*N68 -> 2.3856716 | Q65: filhos_ever_born | R65: 15-19 | S65: 20-24 | T65: 25-29 | U65: 30-34 | V65: 35-39 | W65: 40-44 | X65: 45-49 | AA65: 0 | AB65: =Y66 -> 2355.2549 | AC65: =SUM($AB65:AB$69) -> 12599.629 | AD65: =AC66/AC65 -> 0.81306951 | AE65: 0-1 | AF65: =AD65+AD65*AD66+AD65*AD66*AD67+AD65*AD66*AD67*AD68 -> 1.7510906
B66: 0 | C66: 9001.7387 | D66: 10297.609 | E66: 6415.917 | F66: 4206.2818 | G66: 3177.0392 | H66: 2665.1704 | I66: 1972.1505 | K66: 1 | L66: =I67 -> 1688.9734 | M66: =SUM($L66:L$69) -> 12127.989 | N66: =M67/M66 -> 0.86073755 | O66: 1-2 | R66: 0 | S66: 833.9439 | T66: 4642.3708 | U66: 8004.1216 | V66: 5319.4125 | W66: 3376.0968 | X66: 2395.5558 | Y66: 2355.2549 | AA66: 1 | AB66: =Y67 -> 2678.5346 | AC66: =SUM($AB66:AB$69) -> 10244.374 | AD66: =AC67/AC66 -> 0.73853604 | AE66: 1-2
B67: 1 | C67: 856.54743 | D67: 3436.6341 | E67: 3587.7814 | F67: 3535.1149 | G67: 3454.368 | H67: 2584.2938 | I67: 1688.9734 | K67: 2 | L67: =I68 -> 3302.0101 | M67: =SUM($L67:L$69) -> 10439.015 | N67: =M68/M67 -> 0.68368567 | O67: 2-3 | R67: 1 | S67: 39.079732 | T67: 651.61429 | U67: 2144.4463 | V67: 3236.217 | W67: 2662.0835 | X67: 2405.269 | Y67: 2678.5346 | AA67: 2 | AB67: =Y68 -> 4421.8365 | AC67: =SUM($AB67:AB$69) -> 7565.8396 | AD67: =AC68/AC67 -> 0.41555245 | AE67: 2-3
B68: 2 | C68: 191.63824 | D68: 1223.7903 | E68: 2819.2465 | F68: 4901.6032 | G68: 6027.1198 | H68: 5213.7314 | I68: 3302.0101 | K68: 3 | L68: =I69 -> 3202.7128 | M68: =SUM($L68:L$69) -> 7137.005 | N68: =M69/M68 -> 0.55125255 | O68: 4+ | R68: 2 | S68: 0 | T68: 254.00772 | U68: 881.98036 | V68: 1808.1071 | W68: 3184.6266 | X68: 4344.8694 | Y68: 4421.8365 | AA68: 3 | AB68: =Y69 -> 2035.1279 | AC68: =SUM($AB68:AB$69) -> 3144.0032 | AD68: =AC69/AC68 -> 0.35269534 | AE68: 4+
B69: 3 | C69: 16.466868 | D69: 449.98298 | E69: 1249.5676 | F69: 2728.225 | G69: 3502.4632 | H69: 3764.2821 | I69: 3202.7128 | K69: 4+ | L69: =I70 -> 3934.2922 | M69: =SUM($L69:L$69) -> 3934.2922 | N69: - | R69: 3 | S69: 0 | T69: 71.580623 | U69: 330.70024 | V69: 710.58439 | W69: 1234.3987 | X69: 1634.0191 | Y69: 2035.1279 | AA69: 4+ | AB69: =Y70 -> 1108.8753 | AC69: =SUM($AB69:AB$69) -> 1108.8753 | AD69: -
B70: 4+ | C70: 32.969568 | D70: 244.58889 | E70: 848.81616 | F70: 2065.0653 | G70: 3077.3205 | H70: 3777.8902 | I70: 3934.2922 | R70: 4+ | S70: 0 | T70: 7.986968 | U70: 120.22375 | V70: 506.77729 | W70: 555.08232 | X70: 835.77406 | Y70: 1108.8753
A72: , | B72: , | C72: sub_grupo_cnae | D72: = | E72: saude | Q72: , | R72: , | S72: sub_grupo_cnae | T72: = | U72: saude
K73: =E72 -> saude | AA73: =U72 -> saude
B74: idade_categ | K74: filhos_ever_born | L74: Número de mulheres de 45-49 anos | M74: Mulheres de 45-49 anos com pelo menos N filhos | N74: Razão de Perturição | O74: categ | R74: idade_categ | AA74: filhos_ever_born | AB74: Número de mulheres de 45-49 anos | AC74: Mulheres de 45-49 anos com pelo menos N filhos | AD74: Razão de Perturição | AE74: categ
A75: filhos_ever_born | B75: 15-19 | D75: 20-24 | E75: 25-29 | F75: 30-34 | G75: 35-39 | H75: 40-44 | I75: 45-49 | K75: 0 | L75: =I76 -> 3772.0273 | M75: =SUM($L75:L$79) -> 25082.275 | N75: =M76/M75 -> 0.84961383 | O75: 0-1 | P75: =N75+N75*N76+N75*N76*N77+N75*N76*N77*N78 -> 2.1897113 | Q75: filhos_ever_born | R75: 15-19 | S75: 20-24 | T75: 25-29 | U75: 30-34 | V75: 35-39 | W75: 40-44 | X75: 45-49 | AA75: 0 | AB75: =Y76 -> 6879.8948 | AC75: =SUM($AB75:AB$79) -> 48061.835 | AD75: =AC76/AC75 -> 0.85685326 | AE75: 0-1 | AF75: =AD75+AD75*AD76+AD75*AD76*AD77+AD75*AD76*AD77*AD78 -> 1.9273784
B76: 0 | C76: 2784.9693 | D76: 7927.6435 | E76: 9972.6534 | F76: 7468.8466 | G76: 5623.8634 | H76: 4921.1671 | I76: 3772.0273 | K76: 1 | L76: =I77 -> 3445.2239 | M76: =SUM($L76:L$79) -> 21310.248 | N76: =M77/M76 -> 0.83833018 | O76: 1-2 | R76: 0 | S76: 1136.5365 | T76: 13842.288 | U76: 25490.767 | V76: 17042.352 | W76: 9884.1523 | X76: 8706.6408 | Y76: 6879.8948 | AA76: 1 | AB76: =Y77 -> 8737.9362 | AC76: =SUM($AB76:AB$79) -> 41181.94 | AD76: =AC77/AC76 -> 0.78782116 | AE76: 1-2
B77: 1 | C77: 196.22213 | D77: 2750.4953 | E77: 5318.4913 | F77: 7013.1401 | G77: 7298.9896 | H77: 5689.337 | I77: 3445.2239 | K77: 2 | L77: =I78 -> 7169.9809 | M77: =SUM($L77:L$79) -> 17865.024 | N77: =M78/M77 -> 0.5986582 | O77: 2-3 | R77: 1 | S77: 108.63188 | T77: 3581.9895 | U77: 11810.104 | V77: 16421.956 | W77: 12882.586 | X77: 10718.571 | Y77: 8737.9362 | AA77: 2 | AB77: =Y78 -> 18212.656 | AC77: =SUM($AB77:AB$79) -> 32444.004 | AD77: =AC78/AC77 -> 0.43864341 | AE77: 2-3
B78: 2 | C78: 29.897712 | D78: 915.61238 | E78: 3402.6875 | F78: 9212.5036 | G78: 11466.725 | H78: 10726.878 | I78: 7169.9809 | K78: 3 | L78: =I79 -> 5642.418 | M78: =SUM($L78:L$79) -> 10695.043 | N78: =M79/M78 -> 0.47242682 | O78: 4+ | R78: 2 | S78: 4.209474 | T78: 648.9774 | U78: 4805.1409 | V78: 12981.172 | W78: 16432.452 | X78: 17456.365 | Y78: 18212.656 | AA78: 3 | AB78: =Y79 -> 9455.298 | AC78: =SUM($AB78:AB$79) -> 14231.349 | AD78: =AC79/AC78 -> 0.3356007 | AE78: 4+
B79: 3 | C79: 14.790964 | D79: 219.95568 | E79: 1145.5294 | F79: 3485.9052 | G79: 5985.6705 | H79: 7373.3419 | I79: 5642.418 | K79: 4+ | L79: =I80 -> 5052.6253 | M79: =SUM($L79:L$79) -> 5052.6253 | N79: - | R79: 3 | S79: 0 | T79: 65.04778 | U79: 1145.578 | V79: 3507.0193 | W79: 6681.0404 | X79: 8125.4173 | Y79: 9455.298 | AA79: 4+ | AB79: =Y80 -> 4776.0505 | AC79: =SUM($AB79:AB$79) -> 4776.0505 | AD79: -
B80: 4+ | C80: 0 | D80: 89.016447 | E80: 358.81309 | F80: 1297.6799 | G80: 2854.502 | H80: 4498.6212 | I80: 5052.6253 | R80: 4+ | S80: 4.921647 | T80: 34.419507 | U80: 252.899 | V80: 982.66145 | W80: 1972.326 | X80: 3381.2687 | Y80: 4776.0505

Sheet TFT_area_atuacao
A1: idade media a fecundidade e TFT
A2: > | B2: svytable(~idade_categ+flag_nasc_12m+ocupacao_v3, | C2: design | D2: = | E2: mulheres_2000_aux) | J2: > | K2: svytable(~idade_categ+V6664+ocupacao_v3, | L2: design | M2: = | N2: mulheres_2010_aux)
A3: , | B3: , | C3: ocupacao_v3 | D3: = | E3: funcionario_publico | J3: , | K3: , | L3: ocupacao_v3 | M3: = | N3: funcionario_publico
B5: flag_nasc_12m | F5: =E3 -> funcionario_publico | K5: V6664 | O5: =N3 -> funcionario_publico
A6: idade_categ | C6: 0 | D6: 1 | E6: total mulheres | F6: TEF | G6: ponto_medio | J6: idade_categ | L6: Não | M6: Sim | N6: total mulheres | O6: TEF | P6: ponto_medio
B7: 15-19 | C7: 2972.75 | D7: 1644.691 | E7: 45962.714 | F7: =D7/E7 -> 0.035783157 | G7: 17.5 | H7: =G7*F7 -> 0.62620525 | K7: 15-19 | L7: 12444.65 | M7: 285.4266 | N7: =SUM(L7:M7) -> 12730.077 | O7: =M7/N7 -> 0.022421436 | P7: 17.5 | Q7: =P7*O7 -> 0.39237513
B8: 20-24 | C8: 41806.58 | D8: 12630.65 | E8: 168925.72 | F8: =D8/E8 -> 0.074770436 | G8: 22.5 | H8: =G8*F8 -> 1.6823348 | K8: 20-24 | L8: 114958.4 | M8: 5608.359 | N8: =SUM(L8:M8) -> 120566.76 | O8: =M8/N8 -> 0.046516627 | P8: 22.5 | Q8: =P8*O8 -> 1.0466241
B9: 25-29 | C9: 110077.6 | D9: 19579.8 | E9: 241724.43 | F9: =D9/E9 -> 0.0810005 | G9: 27.5 | H9: =G9*F9 -> 2.2275137 | K9: 25-29 | L9: 256529.7 | M9: 18020.59 | N9: =SUM(L9:M9) -> 274550.29 | O9: =M9/N9 -> 0.065636755 | P9: 27.5 | Q9: =P9*O9 -> 1.8050108
B10: 30-34 | C10: 203675.5 | D10: 20001.68 | E10: 307254.86 | F10: =D10/E10 -> 0.06509801 | G10: 32.5 | H10: =G10*F10 -> 2.1156853 | K10: 30-34 | L10: 333431.4 | M10: 24797.33 | N10: =SUM(L10:M10) -> 358228.73 | O10: =M10/N10 -> 0.069222058 | P10: 32.5 | Q10: =P10*O10 -> 2.2497169
B11: 35-39 | C11: 267110.9 | D11: 11399.68 | E11: 342431.08 | F11: =D11/E11 -> 0.033290437 | G11: 37.5 | H11: =G11*F11 -> 1.2483914 | K11: 35-39 | L11: 355090.6 | M11: 15953.15 | N11: =SUM(L11:M11) -> 371043.75 | O11: =M11/N11 -> 0.042995334 | P11: 37.5 | Q11: =P11*O11 -> 1.612325
B12: 40-44 | C12: 262982.7 | D12: 3185.282 | E12: 313926.99 | F12: =D12/E12 -> 0.010146569 | G12: 42.5 | H12: =G12*F12 -> 0.4312292 | K12: 40-44 | L12: 395488.6 | M12: 4630.552 | N12: =SUM(L12:M12) -> 400119.15 | O12: =M12/N12 -> 0.011572933 | P12: 42.5 | Q12: =P12*O12 -> 0.49184964
B13: 45-49 | C13: 211198 | D13: 313.532 | E13: 249472.13 | F13: =D13/E13 -> 0.0012567817 | G13: 47.5 | H13: =G13*F13 -> 0.05969713 | K13: 45-49 | L13: 404668.9 | M13: 526.4428 | N13: =SUM(L13:M13) -> 405195.34 | O13: =M13/N13 -> 0.0012992321 | P13: 47.5 | Q13: =P13*O13 -> 0.061713525
F14: =SUM(F7:F13)*5 -> 1.5067295 | H14: =SUM(H7:H13)/SUM(F7:F13) -> 27.845267 | O14: =SUM(O7:O13)*5 -> 1.2983219 | Q14: =SUM(Q7:Q13)/SUM(O7:O13) -> 29.498136
A17: Por area de atuacao
B18: flag_nasc_12m | F18: =E16 -> 0 | O18: V6664 | S18: =R16 -> 0
A19: idade_categ | B19: 0 | C19: 1 | E19: adm_e_gestao_publica | F19: TEF | G19: ponto_medio | N19: idade_categ | P19: Não | Q19: Sim | S19: TEF | T19: ponto_medio
B20: 15-19 | C20: 1025.021 | D20: 469.3243 | E20: 15503.606 | F20: =D20/E20 -> 0.030271944 | G20: 17.5 | H20: =G20*F20 -> 0.52975902 | O20: 15-19 | P20: 6358.16 | Q20: 172.0731 | R20: =SUM(P20:Q20) -> 6530.2331 | S20: =Q20/R20 -> 0.026350223 | T20: 17.5 | U20: =T20*S20 -> 0.46112891
B21: 20-24 | C21: 12801.44 | D21: 3755.581 | E21: 49903.187 | F21: =D21/E21 -> 0.075257338 | G21: 22.5 | H21: =G21*F21 -> 1.6932901 | O21: 20-24 | P21: 50502.53 | Q21: 2333.009 | R21: =SUM(P21:Q21) -> 52835.539 | S21: =Q21/R21 -> 0.044156056 | T21: 22.5 | U21: =T21*S21 -> 0.99351125
B22: 25-29 | C22: 33399.16 | D22: 5315 | E22: 72723.555 | F22: =D22/E22 -> 0.073084986 | G22: 27.5 | H22: =G22*F22 -> 2.0098371 | O22: 25-29 | P22: 102871.5 | Q22: 6704.572 | R22: =SUM(P22:Q22) -> 109576.07 | S22: =Q22/R22 -> 0.06118646 | T22: 27.5 | U22: =T22*S22 -> 1.6826277
B23: 30-34 | C23: 61047.93 | D23: 5735.114 | E23: 92983.7 | F23: =D23/E23 -> 0.061678703 | G23: 32.5 | H23: =G23*F23 -> 2.0045578 | O23: 30-34 | P23: 123348.6 | Q23: 8928.053 | R23: =SUM(P23:Q23) -> 132276.65 | S23: =Q23/R23 -> 0.067495305 | T23: 32.5 | U23: =T23*S23 -> 2.1935974
B24: 35-39 | C24: 83545.55 | D24: 3609.082 | E24: 108539.86 | F24: =D24/E24 -> 0.033251212 | G24: 37.5 | H24: =G24*F24 -> 1.2469205 | O24: 35-39 | P24: 126399.5 | Q24: 5937.441 | R24: =SUM(P24:Q24) -> 132336.94 | S24: =Q24/R24 -> 0.044866089 | T24: 37.5 | U24: =T24*S24 -> 1.6824783
B25: 40-44 | C25: 81188.72 | D25: 1133.588 | E25: 97889.13 | F25: =D25/E25 -> 0.011580326 | G25: 42.5 | H25: =G25*F25 -> 0.49216384 | O25: 40-44 | P25: 140994.5 | Q25: 1701.962 | R25: =SUM(P25:Q25) -> 142696.46 | S25: =Q25/R25 -> 0.011927149 | T25: 42.5 | U25: =T25*S25 -> 0.50690384
B26: 45-49 | C26: 59555.55 | D26: 76.30204 | E26: 71493.046 | F26: =D26/E26 -> 0.0010672652 | G26: 47.5 | H26: =G26*F26 -> 0.050695097 | O26: 45-49 | P26: 146602.4 | Q26: 245.444 | R26: =SUM(P26:Q26) -> 146847.84 | S26: =Q26/R26 -> 0.0016714171 | T26: 47.5 | U26: =T26*S26 -> 0.079392313
F27: =SUM(F20:F26)*5 -> 1.4309589 | H27: =SUM(H20:H26)/SUM(F20:F26) -> 28.048407 | S27: =SUM(S20:S26)*5 -> 1.2882635 | U27: =SUM(U20:U26)/SUM(S20:S26) -> 29.495673
A28: , | B28: , | C28: sub_grupo_cnae | D28: = | E28: educacao | N28: , | O28: , | P28: sub_grupo_cnae | Q28: = | R28: educacao
B30: flag_nasc_12m | F30: =E28 -> educacao | O30: V6664 | S30: =R28 -> educacao
A31: idade_categ | B31: 0 | C31: 1 | E31: educacao | F31: TEF | G31: ponto_medio | N31: idade_categ | P31: Não | Q31: Sim | S31: TEF | T31: ponto_medio
B32: 15-19 | C32: 1138.838 | D32: 645.7247 | E32: 17333.867 | F32: =D32/E32 -> 0.037252202 | G32: 17.5 | H32: =G32*F32 -> 0.65191353 | O32: 15-19 | P32: 4001.335 | Q32: 71.18918 | R32: =SUM(P32:Q32) -> 4072.5242 | S32: =Q32/R32 -> 0.017480358 | T32: 17.5 | U32: =T32*S32 -> 0.30590626
B33: 20-24 | C33: 21528.67 | D33: 7021.458 | E33: 91467.208 | F33: =D33/E33 -> 0.076764757 | G33: 22.5 | H33: =G33*F33 -> 1.727207 | O33: 20-24 | P33: 41720.04 | Q33: 2210.939 | R33: =SUM(P33:Q33) -> 43930.979 | S33: =Q33/R33 -> 0.05032756 | T33: 22.5 | U33: =T33*S33 -> 1.1323701
B34: 25-29 | C34: 60666.92 | D34: 11545.36 | E34: 133881.38 | F34: =D34/E34 -> 0.086235744 | G34: 27.5 | H34: =G34*F34 -> 2.3714829 | O34: 25-29 | P34: 101915 | Q34: 8073.3 | R34: =SUM(P34:Q34) -> 109988.3 | S34: =Q34/R34 -> 0.073401444 | T34: 27.5 | U34: =T34*S34 -> 2.0185397
B35: 30-34 | C35: 111282.4 | D35: 11372.51 | E35: 168356.79 | F35: =D35/E35 -> 0.067550051 | G35: 32.5 | H35: =G35*F35 -> 2.1953766 | O35: 30-34 | P35: 151739.4 | Q35: 11696.43 | R35: =SUM(P35:Q35) -> 163435.83 | S35: =Q35/R35 -> 0.071565886 | T35: 32.5 | U35: =T35*S35 -> 2.3258913
B36: 35-39 | C36: 141495.8 | D36: 6192.974 | E36: 181423.15 | F36: =D36/E36 -> 0.034135522 | G36: 37.5 | H36: =G36*F36 -> 1.2800821 | O36: 35-39 | P36: 172288.5 | Q36: 7553.468 | R36: =SUM(P36:Q36) -> 179841.97 | S36: =Q36/R36 -> 0.042000586 | T36: 37.5 | U36: =T36*S36 -> 1.575022
B37: 40-44 | C37: 138753.4 | D37: 1463.971 | E37: 164823.15 | F37: =D37/E37 -> 0.0088820717 | G37: 42.5 | H37: =G37*F37 -> 0.37748805 | O37: 40-44 | P37: 195293.8 | Q37: 2125.148 | R37: =SUM(P37:Q37) -> 197418.95 | S37: =Q37/R37 -> 0.010764661 | T37: 42.5 | U37: =T37*S37 -> 0.45749808
B38: 45-49 | C38: 118262.8 | D38: 178.6733 | E38: 138796.67 | F38: =D38/E38 -> 0.0012873025 | G38: 47.5 | H38: =G38*F38 -> 0.06114687 | O38: 45-49 | P38: 197488.4 | Q38: 197.6931 | R38: =SUM(P38:Q38) -> 197686.09 | S38: =Q38/R38 -> 0.0010000354 | T38: 47.5 | U38: =T38*S38 -> 0.047501684
F39: =SUM(F32:F38)*5 -> 1.5605383 | H39: =SUM(H32:H38)/SUM(F32:F38) -> 27.761887 | S39: =SUM(S32:S38)*5 -> 1.3327026 | U39: =SUM(U32:U38)/SUM(S32:S38) -> 29.499188
A40: , | B40: , | C40: sub_grupo_cnae | D40: = | E40: outras | N40: , | O40: , | P40: sub_grupo_cnae | Q40: = | R40: outras
B42: flag_nasc_12m | F42: =E40 -> outras | O42: V6664 | S42: =R40 -> outras
A43: idade_categ | C43: 0 | D43: 1 | E43: outras | F43: TEF | G43: ponto_medio | N43: idade_categ | P43: Não | Q43: Sim | S43: TEF | T43: ponto_medio
B44: 15-19 | C44: 642.71474 | D44: 454.90736 | E44: 10099.36 | F44: =D44/E44 -> 0.045043187 | G44: 17.5 | H44: =G44*F44 -> 0.78825577 | O44: 15-19 | P44: 866.7816 | Q44: 6.242038 | R44: =SUM(P44:Q44) -> 873.02364 | S44: =Q44/R44 -> 0.0071499072 | T44: 17.5 | U44: =T44*S44 -> 0.12512338
B45: 20-24 | C45: 4388.8339 | D45: 966.16242 | E45: 15652.61 | F45: =D45/E45 -> 0.061725324 | G45: 22.5 | H45: =G45*F45 -> 1.3888198 | O45: 20-24 | P45: 5473.781 | Q45: 153.779 | R45: =SUM(P45:Q45) -> 5627.56 | S45: =Q45/R45 -> 0.027326052 | T45: 22.5 | U45: =T45*S45 -> 0.61483618
B46: 25-29 | C46: 7378.8157 | D46: 1126.5959 | E46: 14921.33 | F46: =D46/E46 -> 0.075502377 | G46: 27.5 | H46: =G46*F46 -> 2.0763154 | O46: 25-29 | P46: 10967.13 | Q46: 514.3392 | R46: =SUM(P46:Q46) -> 11481.469 | S46: =Q46/R46 -> 0.044797333 | T46: 27.5 | U46: =T46*S46 -> 1.2319267
B47: 30-34 | C47: 12371.848 | D47: 858.16067 | E47: 17436.29 | F47: =D47/E47 -> 0.04921693 | G47: 32.5 | H47: =G47*F47 -> 1.5995502 | O47: 30-34 | P47: 10891.21 | Q47: 689.8862 | R47: =SUM(P47:Q47) -> 11581.096 | S47: =Q47/R47 -> 0.059570026 | T47: 32.5 | U47: =T47*S47 -> 1.9360258
B48: 35-39 | C48: 15482.255 | D48: 579.01673 | E48: 19238.31 | F48: =D48/E48 -> 0.030097068 | G48: 37.5 | H48: =G48*F48 -> 1.1286401 | O48: 35-39 | P48: 10509.81 | Q48: 502.4792 | R48: =SUM(P48:Q48) -> 11012.289 | S48: =Q48/R48 -> 0.045628951 | T48: 37.5 | U48: =T48*S48 -> 1.7110856
B49: 40-44 | C49: 15129.591 | D49: 210.60669 | E49: 18005.37 | F49: =D49/E49 -> 0.011696882 | G49: 42.5 | H49: =G49*F49 -> 0.49711749 | O49: 40-44 | P49: 11461.07 | Q49: 154.4179 | R49: =SUM(P49:Q49) -> 11615.488 | S49: =Q49/R49 -> 0.013294138 | T49: 42.5 | U49: =T49*S49 -> 0.56500087
B50: 45-49 | C50: 12102.154 | D50: 25.83501 | E50: 14100.14 | F50: =D50/E50 -> 0.001832252 | G50: 47.5 | H50: =G50*F50 -> 0.087031971 | O50: 45-49 | P50: 12549.95 | Q50: 49.67817 | R50: =SUM(P50:Q50) -> 12599.628 | S50: =Q50/R50 -> 0.0039428283 | T50: 47.5 | U50: =T50*S50 -> 0.18728434
F51: =SUM(F44:F50)*5 -> 1.3755701 | H51: =SUM(H44:H50)/SUM(F44:F50) -> 27.500346 | S51: =SUM(S44:S50)*5 -> 1.0085462 | U51: =SUM(U44:U50)/SUM(S44:S50) -> 31.586471
A52: , | B52: , | C52: sub_grupo_cnae | D52: = | E52: saude | N52: , | O52: , | P52: sub_grupo_cnae | Q52: = | R52: saude
B54: flag_nasc_12m | F54: =E52 -> saude | O54: V6664 | S54: =R52 -> saude
A55: idade_categ | B55: 0 | C55: 1 | E55: saude | F55: TEF | G55: ponto_medio | N55: idade_categ | P55: Não | Q55: Sim | S55: TEF | T55: ponto_medio
B56: 15-19 | C56: 166.1765 | D56: 74.73426 | E56: 3025.8801 | F56: =D56/E56 -> 0.024698355 | G56: 17.5 | H56: =G56*F56 -> 0.43222121 | O56: 15-19 | P56: 1218.377 | Q56: 35.92222 | R56: =SUM(P56:Q56) -> 1254.2992 | S56: =Q56/R56 -> 0.028639275 | T56: 17.5 | U56: =T56*S56 -> 0.50118731
B57: 20-24 | C57: 3087.631 | D57: 887.4484 | E57: 11902.723 | F57: =D57/E57 -> 0.074558433 | G57: 22.5 | H57: =G57*F57 -> 1.6775647 | O57: 20-24 | P57: 17262.09 | Q57: 910.6331 | R57: =SUM(P57:Q57) -> 18172.723 | S57: =Q57/R57 -> 0.050109887 | T57: 22.5 | U57: =T57*S57 -> 1.1274725
B58: 25-29 | C58: 8632.682 | D58: 1592.84 | E58: 20198.175 | F58: =D58/E58 -> 0.078860592 | G58: 27.5 | H58: =G58*F58 -> 2.1686663 | O58: 25-29 | P58: 40776.11 | Q58: 2728.376 | R58: =SUM(P58:Q58) -> 43504.486 | S58: =Q58/R58 -> 0.06271482 | T58: 27.5 | U58: =T58*S58 -> 1.7246575
B59: 30-34 | C59: 18973.33 | D59: 2035.899 | E59: 28478.075 | F59: =D59/E59 -> 0.071490049 | G59: 32.5 | H59: =G59*F59 -> 2.3234266 | O59: 30-34 | P59: 47452.2 | Q59: 3482.958 | R59: =SUM(P59:Q59) -> 50935.158 | S59: =Q59/R59 -> 0.068380234 | T59: 32.5 | U59: =T59*S59 -> 2.2223576
B60: 35-39 | C60: 26587.28 | D60: 1018.608 | E60: 33229.751 | F60: =D60/E60 -> 0.030653495 | G60: 37.5 | H60: =G60*F60 -> 1.1495061 | O60: 35-39 | P60: 45892.79 | Q60: 1959.763 | R60: =SUM(P60:Q60) -> 47852.553 | S60: =Q60/R60 -> 0.040954199 | T60: 37.5 | U60: =T60*S60 -> 1.5357825
B61: 40-44 | C61: 27911.06 | D61: 377.1171 | E61: 33209.345 | F61: =D61/E61 -> 0.011355752 | G61: 42.5 | H61: =G61*F61 -> 0.48261948 | O61: 40-44 | P61: 47739.24 | Q61: 649.024 | R61: =SUM(P61:Q61) -> 48388.264 | S61: =Q61/R61 -> 0.013412839 | T61: 42.5 | U61: =T61*S61 -> 0.57004566
B62: 45-49 | C62: 21277.53 | D62: 32.72161 | E62: 25082.275 | F62: =D62/E62 -> 0.001304571 | G62: 47.5 | H62: =G62*F62 -> 0.061967124 | O62: 45-49 | P62: 48028.21 | Q62: 33.62763 | R62: =SUM(P62:Q62) -> 48061.838 | S62: =Q62/R62 -> 0.00069967425 | T62: 47.5 | U62: =T62*S62 -> 0.033234527
F63: =SUM(F56:F62)*5 -> 1.4646062 | H63: =SUM(H56:H62)/SUM(F56:F62) -> 28.321508 | S63: =SUM(S56:S62)*5 -> 1.3245546 | U63: =SUM(U56:U62)/SUM(S56:S62) -> 29.122006
D65: TFT | F65: idade media a fecundidade
D66: 2000 | E66: 2010 | F66: 2000 | G66: 2010
C67: =E19 -> adm_e_gestao_publica | D67: =F27 -> 1.4309589 | E67: =S27 -> 1.2882635 | F67: =H27 -> 28.048407 | G67: =U27 -> 29.495673
C68: =F30 -> educacao | D68: =F39 -> 1.5605383 | E68: =S39 -> 1.3327026 | F68: =H39 -> 27.761887 | G68: =U39 -> 29.499188
C69: =F54 -> saude | D69: =F63 -> 1.4646062 | E69: =S63 -> 1.3245546 | F69: =H63 -> 28.321508 | G69: =U63 -> 29.122006
C70: =F42 -> outras | D70: =F51 -> 1.3755701 | E70: =S51 -> 1.0085462 | F70: =H51 -> 27.500346 | G70: =U51 -> 31.586471
C71: total | D71: =F14 -> 1.5067295 | E71: =O14 -> 1.2983219 | F71: =H14 -> 27.845267 | G71: =Q14 -> 29.498136

Sheet parturição
A1: > | B1: svytable(~filhos_ever_born+idade_categ+ocupacao_v3, | C1: design | D1: = | E1: mulheres_2000_aux) | Q1: > | R1: svytable(~filhos_ever_born+idade_categ+ocupacao_v3, | S1: design | T1: = | U1: mulheres_2010_aux)
A2: , | B2: , | C2: ocupacao_v3 | D2: = | E2: funcionario_publico | Q2: , | R2: , | S2: ocupacao_v3 | T2: = | U2: funcionario_publico
K3: =E2 -> funcionario_publico | AA3: =U2 -> funcionario_publico
B4: idade_categ | K4: filhos_ever_born | L4: Número de mulheres de 45-49 anos | M4: Mulheres de 45-49 anos com pelo menos N filhos | N4: Razão de Perturição | O4: categ | R4: idade_categ | AA4: filhos_ever_born | AB4: Número de mulheres de 45-49 anos | AC4: Mulheres de 45-49 anos com pelo menos N filhos | AD4: Razão de Perturição | AE4: categ
A5: filhos_ever_born | C5: 15-19 | D5: 20-24 | E5: 25-29 | F5: 30-34 | G5: 35-39 | H5: 40-44 | I5: 45-49 | K5: 0 | L5: =I6 -> 37356.07 | M5: =SUM($L5:L$9) -> 249472.13 | N5: =M6/M5 -> 0.85025955 | O5: 0-1 | P5: =N5+N5*N6+N5*N6*N7+N5*N6*N7*N8 -> 2.2518034 | Q5: filhos_ever_born | R5: 15-19 | S5: 20-24 | T5: 25-29 | U5: 30-34 | V5: 35-39 | W5: 40-44 | X5: 45-49 | AA5: 0 | AB5: =Y6 -> 64049.11 | AC5: =SUM($AB5:AB$9) -> 405195.35 | AD5: =AC6/AC5 -> 0.84193029 | AE5: 0-1 | AF5: =AD5+AD5*AD6+AD5*AD6*AD7+AD5*AD6*AD7*AD8 -> 1.8526501
B6: 0 | C6: 41234.72 | D6: 114072.9 | E6: 111359.1 | F6: 82902.81 | G6: 63317.51 | H6: 47140.2 | I6: 37356.07 | K6: 1 | L6: =I7 -> 30471.29 | M6: =SUM($L6:L$9) -> 212116.06 | N6: =M7/M6 -> 0.85634614 | O6: 1-2 | R6: 0 | S6: 11624.63 | T6: 91917.41 | U6: 155555.3 | V6: 120959.1 | W6: 79087.21 | X6: 69620.96 | Y6: 64049.11 | AA6: 1 | AB6: =Y7 -> 75909.17 | AC6: =SUM($AB6:AB$9) -> 341146.24 | AD6: =AC7/AC6 -> 0.77748789 | AE6: 1-2
B7: 1 | C7: 3925.528 | D7: 37069.92 | E7: 64614.05 | F7: 75049.42 | G7: 64449.51 | H7: 47157.51 | I7: 30471.29 | K7: 2 | L7: =I8 -> 68292.29 | M7: =SUM($L7:L$9) -> 181644.77 | N7: =M8/M7 -> 0.62403382 | O7: 2-3 | R7: 1 | S7: 972.507 | T7: 21823.17 | U7: 74569.97 | V7: 113349.4 | W7: 100247 | X7: 87833.32 | Y7: 75909.17 | AA7: 2 | AB7: =Y8 -> 155079.5 | AC7: =SUM($AB7:AB$9) -> 265237.07 | AD7: =AC8/AC7 -> 0.4153174 | AE7: 2-3
B8: 2 | C8: 597.333 | D8: 12516.01 | E8: 42723.97 | F8: 89770.61 | G8: 116333.9 | H8: 99274.69 | I8: 68292.29 | K8: 3 | L8: =I9 -> 58703.61 | M8: =SUM($L8:L$9) -> 113352.48 | N8: =M9/M8 -> 0.48211446 | O8: 4+ | R8: 2 | S8: 114.3296 | T8: 5488.806 | U8: 32964.41 | V8: 85835.65 | W8: 127981.2 | X8: 151986.7 | Y8: 155079.5 | AA8: 3 | AB8: =Y9 -> 76013.23 | AC8: =SUM($AB8:AB$9) -> 110157.57 | AD8: =AC9/AC8 -> 0.30995909 | AE8: 4+
B9: 3 | C9: 156.4834 | D9: 3819.09 | E9: 15801.37 | F9: 39522.27 | G9: 61372.87 | H9: 69376.19 | I9: 58703.61 | K9: 4+ | L9: =I10 -> 54648.87 | M9: =SUM($L9:L$9) -> 54648.87 | N9: - | R9: 3 | S9: 13.69486 | T9: 1052.53 | U9: 8863.794 | V9: 28401.08 | W9: 47620.98 | X9: 64874.28 | Y9: 76013.23 | AA9: 4+ | AB9: =Y10 -> 34144.34 | AC9: =SUM($AB9:AB$9) -> 34144.34 | AD9: -
B10: 4+ | C10: 48.65119 | D10: 1447.822 | E10: 7225.966 | F10: 20009.75 | G10: 36957.3 | H10: 50978.39 | I10: 54648.87 | R10: 4+ | S10: 4.921647 | T10: 284.8807 | U10: 2596.864 | V10: 9683.464 | W10: 16107.39 | X10: 25803.92 | Y10: 34144.34
A12: , | B12: , | C12: ocupacao_v3 | D12: = | E12: informal | Q12: , | R12: , | S12: ocupacao_v3 | T12: = | U12: informal
K13: =E12 -> informal | AA13: =U12 -> informal
B14: idade_categ | K14: filhos_ever_born | L14: Número de mulheres de 45-49 anos | M14: Mulheres de 45-49 anos com pelo menos N filhos | N14: Razão de Perturição | O14: categ | R14: idade_categ | AA14: filhos_ever_born | AB14: Número de mulheres de 45-49 anos | AC14: Mulheres de 45-49 anos com pelo menos N filhos | AD14: Razão de Perturição | AE14: categ
A15: filhos_ever_born | C15: 15-19 | D15: 20-24 | E15: 25-29 | F15: 30-34 | G15: 35-39 | H15: 40-44 | I15: 45-49 | K15: 0 | L15: =I16 -> 67889.41 | M15: =SUM($L15:L$19) -> 830843.28 | N15: =M16/M15 -> 0.91828855 | O15: 0-1 | P15: =N15+N15*N16+N15*N16*N17+N15*N16*N17*N18 -> 2.7841078 | Q15: filhos_ever_born | R15: 15-19 | S15: 20-24 | T15: 25-29 | U15: 30-34 | V15: 35-39 | W15: 40-44 | X15: 45-49 | AA15: 0 | AB15: =Y16 -> 126757.9 | AC15: =SUM($AB15:AB$19) -> 1314694.6 | AD15: =AC16/AC15 -> 0.90358377 | AE15: 0-1 | AF15: =AD15+AD15*AD16+AD15*AD16*AD17+AD15*AD16*AD17*AD18 -> 2.3926567
B16: 0 | C16: 1135867 | D16: 898915.2 | E16: 428876.8 | F16: 220521.9 | G16: 137808.9 | H16: 88883.45 | I16: 67889.41 | K16: 1 | L16: =I17 -> 75356.17 | M16: =SUM($L16:L$19) -> 762953.87 | N16: =M17/M16 -> 0.90123103 | O16: 1-2 | R16: 0 | S16: 925265.1 | T16: 958425.6 | U16: 603180.2 | V16: 328413 | W16: 203850.8 | X16: 156913.5 | Y16: 126757.9 | AA16: 1 | AB16: =Y17 -> 169554.6 | AC16: =SUM($AB16:AB$19) -> 1187936.7 | AD16: =AC17/AC16 -> 0.85726967 | AE16: 1-2
B17: 1 | C17: 132728.5 | D17: 372207.6 | E17: 347015.7 | F17: 256344.7 | G17: 175251 | H17: 114716.3 | I17: 75356.17 | K17: 2 | L17: =I18 -> 167921.5 | M17: =SUM($L17:L$19) -> 687597.7 | N17: =M18/M17 -> 0.75578525 | O17: 2-3 | R17: 1 | S17: 114518.9 | T17: 409108.1 | U17: 494093.5 | V17: 416307.5 | W17: 306223.6 | X17: 231607.9 | Y17: 169554.6 | AA17: 2 | AB17: =Y18 -> 396809.4 | AC17: =SUM($AB17:AB$19) -> 1018382.1 | AD17: =AC18/AC17 -> 0.61035313 | AE17: 2-3
B18: 2 | C18: 28385.61 | D18: 182139.5 | E18: 310673.3 | F18: 391395.2 | G18: 369756.2 | H18: 266484.4 | I18: 167921.5 | K18: 3 | L18: =I19 -> 176746.7 | M18: =SUM($L18:L$19) -> 519676.2 | N18: =M19/M18 -> 0.65989072 | O18: 4+ | R18: 2 | S18: 17785.69 | T18: 156401.8 | U18: 351495.7 | V18: 501839.1 | W18: 531388.3 | X18: 494933.9 | Y18: 396809.4 | AA18: 3 | AB18: =Y19 -> 303851.3 | AC18: =SUM($AB18:AB$19) -> 621572.7 | AD18: =AC19/AC18 -> 0.51115726 | AE18: 4+
B19: 3 | C19: 5024.295 | D19: 69508.52 | E19: 167116 | F19: 256901.2 | G19: 297312.3 | H19: 255556.3 | I19: 176746.7 | K19: 4+ | L19: =I20 -> 342929.5 | M19: =SUM($L19:L$19) -> 342929.5 | N19: - | R19: 3 | S19: 2470.977 | T19: 46684.46 | U19: 161301.9 | V19: 285471.1 | W19: 333553.7 | X19: 341050.8 | Y19: 303851.3 | AA19: 4+ | AB19: =Y20 -> 317721.4 | AC19: =SUM($AB19:AB$19) -> 317721.4 | AD19: -
B20: 4+ | C20: 1385.306 | D20: 31105.4 | E20: 113449.1 | F20: 235466.5 | G20: 333519.7 | H20: 372193.5 | I20: 342929.5 | R20: 4+ | S20: 495.4837 | T20: 14958.3 | U20: 84281.15 | V20: 194715.5 | W20: 254700.2 | X20: 301306.5 | Y20: 317721.4
A22: , | B22: , | C22: ocupacao_v3 | D22: = | E22: militar | Q22: , | R22: , | S22: ocupacao_v3 | T22: = | U22: militar
K23: =E22 -> militar | AA23: =U22 -> militar
B24: idade_categ | K24: filhos_ever_born | L24: Número de mulheres de 45-49 anos | M24: Mulheres de 45-49 anos com pelo menos N filhos | N24: Razão de Perturição | O24: categ | R24: idade_categ | AA24: filhos_ever_born | AB24: Número de mulheres de 45-49 anos | AC24: Mulheres de 45-49 anos com pelo menos N filhos | AD24: Razão de Perturição | AE24: categ
A25: filhos_ever_born | C25: 15-19 | D25: 20-24 | E25: 25-29 | F25: 30-34 | G25: 35-39 | H25: 40-44 | I25: 45-49 | K25: 0 | L25: =I26 -> 28.54341 | M25: =SUM($L25:L$29) -> 219.8084 | N25: =M26/M25 -> 0.87014413 | O25: 0-1 | P25: =N25+N25*N26+N25*N26*N27+N25*N26*N27*N28 -> 2.1258335 | Q25: filhos_ever_born | R25: 15-19 | S25: 20-24 | T25: 25-29 | U25: 30-34 | V25: 35-39 | W25: 40-44 | X25: 45-49 | AA25: 0 | AB25: =Y26 -> 382.9348 | AC25: =SUM($AB25:AB$29) -> 1882.3039 | AD25: =AC26/AC25 -> 0.79656058 | AE25: 0-1 | AF25: =AD25+AD25*AD26+AD25*AD26*AD27+AD25*AD26*AD27*AD28 -> 1.5175968
B26: 0 | C26: 346.6606 | D26: 3047.33 | E26: 3175.89 | F26: 1553.944 | G26: 598.3126 | H26: 120.3378 | I26: 28.54341 | K26: 1 | L26: =I27 -> 12.58872 | M26: =SUM($L26:L$29) -> 191.26499 | N26: =M27/M26 -> 0.93418179 | O26: 1-2 | R26: 0 | S26: 402.1327 | T26: 3603.444 | U26: 4799.409 | V26: 2656.769 | W26: 1249.995 | X26: 707.2182 | Y26: 382.9348 | AA26: 1 | AB26: =Y27 -> 521.9636 | AC26: =SUM($AB26:AB$29) -> 1499.3691 | AD26: =AC27/AC26 -> 0.65187784 | AE26: 1-2
B27: 1 | C27: 0 | D27: 630.4508 | E27: 1996.172 | F27: 1567.536 | G27: 741.9814 | H27: 116.9799 | I27: 12.58872 | K27: 2 | L27: =I28 -> 121.3739 | M27: =SUM($L27:L$29) -> 178.67627 | N27: =M28/M27 -> 0.32070498 | O27: 2-3 | R27: 1 | S27: 30.36255 | T27: 290.2468 | U27: 1091.765 | V27: 2146.646 | W27: 1479.498 | X27: 1141.247 | Y27: 521.9636 | AA27: 2 | AB27: =Y28 -> 671.0447 | AC27: =SUM($AB27:AB$29) -> 977.40546 | AD27: =AC28/AC27 -> 0.31344286 | AE27: 2-3
B28: 2 | C28: 8.897209 | D28: 142.0361 | E28: 797.8831 | F28: 1465.173 | G28: 920.6428 | H28: 190.3312 | I28: 121.3739 | K28: 3 | L28: =I29 -> 17.26995 | M28: =SUM($L28:L$29) -> 57.30237 | N28: =M29/M28 -> 0.69861718 | O28: 4+ | R28: 2 | S28: 0 | T28: 63.75169 | U28: 230.3775 | V28: 1090.683 | W28: 1641.036 | X28: 1712.231 | Y28: 671.0447 | AA28: 3 | AB28: =Y29 -> 232.9177 | AC28: =SUM($AB28:AB$29) -> 306.36076 | AD28: =AC29/AC28 -> 0.23972737 | AE28: 4+
B29: 3 | C29: 0 | D29: 8.334719 | E29: 132.9649 | F29: 443.5521 | G29: 325.7858 | H29: 78.28884 | I29: 17.26995 | K29: 4+ | L29: =I30 -> 40.03242 | M29: =SUM($L29:L$29) -> 40.03242 | N29: - | R29: 3 | S29: 0 | T29: 0 | U29: 11.27755 | V29: 247.6074 | W29: 429.5437 | X29: 592.9464 | Y29: 232.9177 | AA29: 4+ | AB29: =Y30 -> 73.44306 | AC29: =SUM($AB29:AB$29) -> 73.44306 | AD29: -
B30: 4+ | C30: 0 | D30: 0 | E30: 41.429 | F30: 107.5041 | G30: 76.42543 | H30: 25.1397 | I30: 40.03242 | R30: 4+ | S30: 0 | T30: 0 | U30: 0 | V30: 61.65615 | W30: 19.36239 | X30: 88.5488 | Y30: 73.44306
A32: , | B32: , | C32: ocupacao_v3 | D32: = | E32: proprio_consumo | Q32: , | R32: , | S32: ocupacao_v3 | T32: = | U32: proprio_consumo
K33: =E32 -> proprio_consumo | AA33: =U32 -> proprio_consumo
B34: idade_categ | K34: filhos_ever_born | L34: Número de mulheres de 45-49 anos | M34: Mulheres de 45-49 anos com pelo menos N filhos | N34: Razão de Perturição | O34: categ | R34: idade_categ | AA34: filhos_ever_born | AB34: Número de mulheres de 45-49 anos | AC34: Mulheres de 45-49 anos com pelo menos N filhos | AD34: Razão de Perturição | AE34: categ
A35: filhos_ever_born | C35: 15-19 | D35: 20-24 | E35: 25-29 | F35: 30-34 | G35: 35-39 | H35: 40-44 | I35: 45-49 | K35: 0 | L35: =I36 -> 4071.864 | M35: =SUM($L35:L$39) -> 60386.354 | N35: =M36/M35 -> 0.9325698 | O35: 0-1 | P35: =N35+N35*N36+N35*N36*N37+N35*N36*N37*N38 -> 3.3549317 | Q35: filhos_ever_born | R35: 15-19 | S35: 20-24 | T35: 25-29 | U35: 30-34 | V35: 35-39 | W35: 40-44 | X35: 45-49 | AA35: 0 | AB35: =Y36 -> 9837.647 | AC35: =SUM($AB35:AB$39) -> 133638.07 | AD35: =AC36/AC35 -> 0.9263859 | AE35: 0-1 | AF35: =AD35+AD35*AD36+AD35*AD36*AD37+AD35*AD36*AD37*AD38 -> 2.9563321
B36: 0 | C36: 35297.28 | D36: 16002.13 | E36: 7528.041 | F36: 5205.017 | G36: 3850.273 | H36: 3964.619 | I36: 4071.864 | K36: 1 | L36: =I37 -> 2572.853 | M36: =SUM($L36:L$39) -> 56314.49 | N36: =M37/M36 -> 0.95431277 | O36: 1-2 | R36: 0 | S36: 89326.78 | T36: 42183.22 | U36: 21462.92 | V36: 12638.42 | W36: 10342.97 | X36: 10335.73 | Y36: 9837.647 | AA36: 1 | AB36: =Y37 -> 8823.155 | AC36: =SUM($AB36:AB$39) -> 123800.42 | AD36: =AC37/AC36 -> 0.92873082 | AE36: 1-2
B37: 1 | C37: 6945.978 | D37: 11372.99 | E37: 7466.83 | F37: 4700.842 | G37: 3470.537 | H37: 2360.619 | I37: 2572.853 | K37: 2 | L37: =I38 -> 4720.019 | M37: =SUM($L37:L$39) -> 53741.637 | N37: =M38/M37 -> 0.91217203 | O37: 2-3 | R37: 1 | S37: 16818.97 | T37: 35587.46 | U37: 29689.8 | V37: 17736.86 | W37: 11974.25 | X37: 10259.28 | Y37: 8823.155 | AA37: 2 | AB37: =Y38 -> 23870.14 | AC37: =SUM($AB37:AB$39) -> 114977.27 | AD37: =AC38/AC37 -> 0.79239253 | AE37: 2-3
B38: 2 | C38: 2897.993 | D38: 10404.76 | E38: 11423.87 | F38: 10115.85 | G38: 8173.859 | H38: 6181.181 | I38: 4720.019 | K38: 3 | L38: =I39 -> 5507.268 | M38: =SUM($L38:L$39) -> 49021.618 | N38: =M39/M38 -> 0.88765634 | O38: 4+ | R38: 2 | S38: 4031.813 | T38: 22842.27 | U38: 33551.74 | V38: 35444.87 | W38: 31074.03 | X38: 27316.27 | Y38: 23870.14 | AA38: 3 | AB38: =Y39 -> 25913.43 | AC38: =SUM($AB38:AB$39) -> 91107.13 | AD38: =AC39/AC38 -> 0.71557188 | AE38: 4+
B39: 3 | C39: 714.6137 | D39: 6623.347 | E39: 10095.96 | F39: 10776.26 | G39: 9977.181 | H39: 7348.72 | I39: 5507.268 | K39: 4+ | L39: =I40 -> 43514.35 | M39: =SUM($L39:L$39) -> 43514.35 | N39: - | R39: 3 | S39: 829.2302 | T39: 10012.72 | U39: 22454.3 | V39: 28766.3 | W39: 28862.65 | X39: 27438.05 | Y39: 25913.43 | AA39: 4+ | AB39: =Y40 -> 65193.7 | AC39: =SUM($AB39:AB$39) -> 65193.7 | AD39: -
B40: 4+ | C40: 285.4511 | D40: 5090.159 | E40: 14999.22 | F40: 27560.66 | G40: 37176.12 | H40: 40410.64 | I40: 43514.35 | R40: 4+ | S40: 128.9239 | T40: 5155.988 | U40: 20015.34 | V40: 34514.56 | W40: 43017.09 | X40: 55041.99 | Y40: 65193.7
A42: , | B42: , | C42: ocupacao_v3 | D42: = | E42: sem_remuneracao | Q42: , | R42: , | S42: ocupacao_v3 | T42: = | U42: sem_remuneracao
K43: =E42 -> sem_remuneracao | AA43: =U42 -> sem_remuneracao
B44: idade_categ | K44: filhos_ever_born | L44: Número de mulheres de 45-49 anos | M44: Mulheres de 45-49 anos com pelo menos N filhos | N44: Razão de Perturição | O44: categ | R44: idade_categ | AA44: filhos_ever_born | AB44: Número de mulheres de 45-49 anos | AC44: Mulheres de 45-49 anos com pelo menos N filhos | AD44: Razão de Perturição | AE44: categ
A45: filhos_ever_born | C45: 15-19 | D45: 20-24 | E45: 25-29 | F45: 30-34 | G45: 35-39 | H45: 40-44 | I45: 45-49 | K45: 0 | L45: =I46 -> 5896.58 | M45: =SUM($L45:L$49) -> 118142.9 | N45: =M46/M45 -> 0.95008943 | O45: 0-1 | P45: =N45+N45*N46+N45*N46*N47+N45*N46*N47*N48 -> 3.1062765 | Q45: filhos_ever_born | R45: 15-19 | S45: 20-24 | T45: 25-29 | U45: 30-34 | V45: 35-39 | W45: 40-44 | X45: 45-49 | AA45: 0 | AB45: =Y46 -> 5068.242 | AC45: =SUM($AB45:AB$49) -> 62698.286 | AD45: =AC46/AC45 -> 0.91916458 | AE45: 0-1 | AF45: =AD45+AD45*AD46+AD45*AD46*AD47+AD45*AD46*AD47*AD48 -> 2.552808
B46: 0 | C46: 154018.5 | D46: 62702.59 | E46: 25050.41 | F46: 14168.8 | G46: 9680.223 | H46: 7008.175 | I46: 5896.58 | K46: 1 | L46: =I47 -> 6050.875 | M46: =SUM($L46:L$49) -> 112246.33 | N46: =M47/M46 -> 0.94609289 | O46: 1-2 | R46: 0 | S46: 125519.9 | T46: 49124.99 | U46: 20289.11 | V46: 10898.95 | W46: 6978.243 | X46: 5989.751 | Y46: 5068.242 | AA46: 1 | AB46: =Y47 -> 6225.504 | AC46: =SUM($AB46:AB$49) -> 57630.044 | AD46: =AC47/AC46 -> 0.89197468 | AE46: 1-2
B47: 1 | C47: 16697.98 | D47: 34946.35 | E47: 30428.06 | F47: 21222.74 | G47: 13241.64 | H47: 8103.469 | I47: 6050.875 | K47: 2 | L47: =I48 -> 20277.06 | M47: =SUM($L47:L$49) -> 106195.45 | N47: =M48/M47 -> 0.80905905 | O47: 2-3 | R47: 1 | S47: 12327.54 | T47: 24494.85 | U47: 21784.8 | V47: 14463.45 | W47: 10208.33 | X47: 7333.029 | Y47: 6225.504 | AA47: 2 | AB47: =Y48 -> 18147.35 | AC47: =SUM($AB47:AB$49) -> 51404.54 | AD47: =AC48/AC47 -> 0.6469699 | AE47: 2-3
B48: 2 | C48: 4656.606 | D48: 21549.64 | E48: 34590.11 | F48: 41449.34 | G48: 39169.79 | H48: 28430.42 | I48: 20277.06 | K48: 3 | L48: =I49 -> 23294.02 | M48: =SUM($L48:L$49) -> 85918.39 | N48: =M49/M48 -> 0.72888202 | O48: 4+ | R48: 2 | S48: 2148.454 | T48: 11481.62 | U48: 19030.82 | V48: 20758.5 | W48: 22227.82 | X48: 20865.4 | Y48: 18147.35 | AA48: 3 | AB48: =Y49 -> 15492.28 | AC48: =SUM($AB48:AB$49) -> 33257.19 | AD48: =AC49/AC48 -> 0.5341675 | AE48: 4+
B49: 3 | C49: 1245.23 | D49: 10263.42 | E49: 20572.08 | F49: 30189.67 | G49: 33146.31 | H49: 29140.75 | I49: 23294.02 | K49: 4+ | L49: =I50 -> 62624.37 | M49: =SUM($L49:L$49) -> 62624.37 | N49: - | R49: 3 | S49: 304.7155 | T49: 3861.784 | U49: 9668.498 | V49: 12838.09 | W49: 14231.51 | X49: 14853.65 | Y49: 15492.28 | AA49: 4+ | AB49: =Y50 -> 17764.91 | AC49: =SUM($AB49:AB$49) -> 17764.91 | AD49: -
B50: 4+ | C50: 396.871 | D50: 7254.677 | E50: 21303.07 | F50: 39414.68 | G50: 53669.77 | H50: 60247.11 | I50: 62624.37 | R50: 4+ | S50: 72.40197 | T50: 1389.594 | U50: 5985.221 | V50: 10633.53 | W50: 12909.25 | X50: 15663.54 | Y50: 17764.91
A52: , | B52: , | C52: ocupacao_v3 | D52: = | E52: setor_privado_formal | Q52: , | R52: , | S52: ocupacao_v3 | T52: = | U52: setor_privado_formal
K53: =E52 -> setor_privado_formal | AA53: =U52 -> setor_privado_formal
B54: idade_categ | K54: filhos_ever_born | L54: Número de mulheres de 45-49 anos | M54: Mulheres de 45-49 anos com pelo menos N filhos | N54: Razão de Perturição | O54: categ | R54: idade_categ | AA54: filhos_ever_born | AB54: Número de mulheres de 45-49 anos | AC54: Mulheres de 45-49 anos com pelo menos N filhos | AD54: Razão de Perturição | AE54: categ
A55: filhos_ever_born | C55: 15-19 | D55: 20-24 | E55: 25-29 | F55: 30-34 | G55: 35-39 | H55: 40-44 | I55: 45-49 | K55: 0 | L55: =I56 -> 126501.6 | M55: =SUM($L55:L$59) -> 921812.2 | N55: =M56/M55 -> 0.86276858 | O55: 0-1 | P55: =N55+N55*N56+N55*N56*N57+N55*N56*N57*N58 -> 2.3124567 | Q55: filhos_ever_born | R55: 15-19 | S55: 20-24 | T55: 25-29 | U55: 30-34 | V55: 35-39 | W55: 40-44 | X55: 45-49 | AA55: 0 | AB55: =Y56 -> 262742.9 | AC55: =SUM($AB55:AB$59) -> 1793391.1 | AD55: =AC56/AC55 -> 0.85349381 | AE55: 0-1 | AF55: =AD55+AD55*AD56+AD55*AD56*AD57+AD55*AD56*AD57*AD58 -> 1.9541344
B56: 0 | C56: 559026.7 | D56: 1237887 | E56: 859192.2 | F56: 487992.6 | G56: 299759 | H56: 194591.1 | I56: 126501.6 | K56: 1 | L56: =I57 -> 118096.4 | M56: =SUM($L56:L$59) -> 795310.6 | N56: =M57/M56 -> 0.85150908 | O56: 1-2 | R56: 0 | S56: 755177.9 | T56: 1923640 | U56: 1652661 | V56: 920844.1 | W56: 488996.8 | X56: 344690 | Y56: 262742.9 | AA56: 1 | AB56: =Y57 -> 332178.6 | AC56: =SUM($AB56:AB$59) -> 1530648.2 | AD56: =AC57/AC56 -> 0.78298175 | AE56: 1-2
B57: 1 | C57: 54876.79 | D57: 343217.1 | E57: 478775.4 | F57: 427697.7 | G57: 309442.4 | H57: 196016 | I57: 118096.4 | K57: 2 | L57: =I58 -> 244493 | M57: =SUM($L57:L$59) -> 677214.2 | N57: =M58/M57 -> 0.63897243 | O57: 2-3 | R57: 1 | S57: 65664.4 | T57: 525618.4 | U57: 895502.5 | V57: 885190 | W57: 641378.4 | X57: 468509.5 | Y57: 332178.6 | AA57: 2 | AB57: =Y58 -> 633284.5 | AC57: =SUM($AB57:AB$59) -> 1198469.6 | AD57: =AC58/AC57 -> 0.47158902 | AE57: 2-3
B58: 2 | C58: 6682.956 | D58: 93535.37 | E58: 251106.4 | F58: 417761.6 | G58: 484164.5 | H58: 388952.9 | I58: 244493 | K58: 3 | L58: =I59 -> 206316.4 | M58: =SUM($L58:L$59) -> 432721.2 | N58: =M59/M58 -> 0.52321171 | O58: 4+ | R58: 2 | S58: 7515.727 | T58: 122938.6 | U58: 382569.2 | V58: 652655.2 | W58: 762340.5 | X58: 746357.4 | Y58: 633284.5 | AA58: 3 | AB58: =Y59 -> 354960.7 | AC58: =SUM($AB58:AB$59) -> 565185.1 | AD58: =AC59/AC58 -> 0.37195673 | AE58: 4+
B59: 3 | C59: 800.7542 | D59: 22453.94 | E59: 85195.37 | F59: 188376.8 | G59: 271670.4 | H59: 279040.7 | I59: 206316.4 | K59: 4+ | L59: =I60 -> 226404.8 | M59: =SUM($L59:L$59) -> 226404.8 | N59: - | R59: 3 | S59: 822.9286 | T59: 24502.37 | U59: 111787.4 | V59: 248766.1 | W59: 331304.2 | X59: 369279.3 | Y59: 354960.7 | AA59: 4+ | AB59: =Y60 -> 210224.4 | AC59: =SUM($AB59:AB$59) -> 210224.4 | AD59: -
B60: 4+ | C60: 323.199 | D60: 8106.372 | E60: 37668.68 | F60: 103351.3 | G60: 184825.6 | H60: 234890.8 | I60: 226404.8 | R60: 4+ | S60: 263.9014 | T60: 5685.138 | U60: 37779.88 | V60: 110563 | W60: 161603.9 | X60: 199747.1 | Y60: 210224.4
A63: Todas as mulheres
A65: > | B65: svytable(~filhos_ever_born+idade_categ, | C65: design | D65: = | E65: mulheres_2000_aux) | K65: =E64 -> 0 | Q65: > | R65: svytable(~filhos_ever_born+idade_categ, | S65: design | T65: = | U65: mulheres_2010_aux) | AA65: =U64 -> 0
B66: idade_categ | K66: filhos_ever_born | L66: Número de mulheres de 45-49 anos | M66: Mulheres de 45-49 anos com pelo menos N filhos | N66: Razão de Perturição | O66: categ | R66: idade_categ | AA66: filhos_ever_born | AB66: Número de mulheres de 45-49 anos | AC66: Mulheres de 45-49 anos com pelo menos N filhos | AD66: Razão de Perturição | AE66: categ
A67: filhos_ever_born | B67: 15-19 | C67: 20-24 | D67: 25-29 | E67: 30-34 | F67: 35-39 | G67: 40-44 | H67: 45-49 | K67: 0 | L67: =I68 -> 431754.47 | M67: =SUM($L67:L$71) -> 4510458 | N67: =M68/M67 -> 0.90427702 | O67: 0-1 | P67: =N67+N67*N68+N67*N68*N69+N67*N68*N69*N70 -> 2.6951536 | Q67: filhos_ever_born | R67: 15-19 | S67: 20-24 | T67: 25-29 | U67: 30-34 | V67: 35-39 | W67: 40-44 | X67: 45-49 | AA67: 0 | AB67: =Y68 -> 759427.44 | AC67: =SUM($AB67:AB$71) -> 6141924.8 | AD67: =AC68/AC67 -> 0.87635351 | AE67: 0-1 | AF67: =AD67+AD67*AD68+AD67*AD68*AD69+AD67*AD68*AD69*AD70 -> 2.2366595
B68: 0 | C68: 7580743.4 | D68: 4236759.3 | E68: 2141209.9 | F68: 1190552.4 | G68: 782287.92 | H68: 551009.67 | I68: 431754.47 | K68: 1 | L68: =I69 -> 419638.85 | M68: =SUM($L68:L$71) -> 4078703.5 | N68: =M69/M68 -> 0.89711465 | O68: 1-2 | R68: 0 | S68: 7432755 | T68: 5228683.8 | U68: 3446350.4 | V68: 1930097.8 | W68: 1144973.6 | X68: 897348.37 | Y68: 759427.44 | AA68: 1 | AB68: =Y69 -> 888540.26 | AC68: =SUM($AB68:AB$71) -> 5382497.4 | AD68: =AC69/AC68 -> 0.83492045 | AE68: 1-2
B69: 1 | C69: 1034085.4 | D69: 2077719.9 | E69: 1798750.4 | F69: 1323564.6 | G69: 911636.33 | H69: 598081.36 | I69: 419638.85 | K69: 2 | L69: =I70 -> 969239.66 | M69: =SUM($L69:L$71) -> 3659064.7 | N69: =M70/M69 -> 0.73511273 | O69: 2-3 | R69: 1 | S69: 833140.54 | T69: 2164320.7 | U69: 2476076.1 | V69: 2104515.6 | W69: 1515643.2 | X69: 1150826.8 | Y69: 888540.26 | AA69: 2 | AB69: =Y70 -> 1910823.1 | AC69: =SUM($AB69:AB$71) -> 4493957.1 | AD69: =AC70/AC69 -> 0.57480167 | AE69: 2-3
B70: 2 | C70: 245106.51 | D70: 1109888.9 | E70: 1614197 | F70: 1905309.5 | G70: 1833818.2 | H70: 1395286.7 | I70: 969239.66 | K70: 3 | L70: =I71 -> 961041.33 | M70: =SUM($L70:L$71) -> 2689825 | N70: =M71/M70 -> 0.64271233 | O70: 4+ | R70: 2 | S70: 139071.57 | T70: 860036.65 | U70: 1622638.3 | V70: 2151101.5 | W70: 2267352.8 | X70: 2177745.1 | Y70: 1910823.1 | AA70: 3 | AB70: =Y71 -> 1305328.3 | AC70: =SUM($AB70:AB$71) -> 2583134.1 | AD70: =AC71/AC70 -> 0.49467265 | AE70: 4+
B71: 3 | C71: 48022.62 | D71: 450845.81 | E71: 855765.9 | F71: 1169434.7 | G71: 1320331.9 | H71: 1210560.8 | I71: 961041.33 | K71: 4+ | L71: =I72 -> 1728783.7 | M71: =SUM($L71:L$71) -> 1728783.7 | N71: - | R71: 3 | S71: 19925.317 | T71: 268673.92 | U71: 712199.49 | V71: 1103975.8 | W71: 1259838 | X71: 1334649.1 | Y71: 1305328.3 | AA71: 4+ | AB71: =Y72 -> 1277805.8 | AC71: =SUM($AB71:AB$71) -> 1277805.8 | AD71: -
B72: 4+ | C72: 13336.94 | D72: 219261.58 | E72: 623269.17 | F72: 1075655.9 | G72: 1456703.9 | H72: 1679170.5 | I72: 1728783.7 | R72: 4+ | S72: 4287.497 | T72: 91483.445 | U72: 386863.1 | V72: 736844.76 | W72: 933206.22 | X72: 1127956 | Y72: 1277805.8
A74: Mulheres ocupadas
A76: > | B76: svytable(~filhos_ever_born+idade_categ, | C76: design | D76: = | E76: mulheres_2000_aux) | K76: =E75 -> 0 | Q76: > | R76: svytable(~filhos_ever_born+idade_categ, | S76: design | T76: = | U76: mulheres_2010_aux) | AA76: =U75 -> 0
B77: idade_categ | K77: filhos_ever_born | L77: Número de mulheres de 45-49 anos | M77: Mulheres de 45-49 anos com pelo menos N filhos | N77: Razão de Perturição | O77: categ | R77: idade_categ | AA77: filhos_ever_born | AB77: Número de mulheres de 45-49 anos | AC77: Mulheres de 45-49 anos com pelo menos N filhos | AD77: Razão de Perturição | AE77: categ
A78: filhos_ever_born | B78: 15-19 | C78: 20-24 | D78: 25-29 | E78: 30-34 | F78: 35-39 | G78: 40-44 | H78: 45-49 | K78: 0 | L78: =I79 -> 241744.07 | M78: =SUM($L78:L$82) -> 2180876.7 | N78: =M79/M78 -> 0.8891528 | O78: 0-1 | P78: =N78+N78*N79+N78*N79*N80+N78*N79*N80*N81 -> 2.5570516 | Q78: filhos_ever_born | R78: 15-19 | S78: 20-24 | T78: 25-29 | U78: 30-34 | V78: 35-39 | W78: 40-44 | X78: 45-49 | AA78: 0 | AB78: =Y79 -> 468838.73 | AC78: =SUM($AB78:AB$82) -> 3711499.7 | AD78: =AC79/AC78 -> 0.87367944 | AE78: 0-1 | AF78: =AD78+AD78*AD79+AD78*AD79*AD80+AD78*AD79*AD80*AD81 -> 2.1443669
B79: 0 | C79: =C6+C16+C26+C36+C46+C56 -> 1925790.9 | D79: =D6+D16+D26+D36+D46+D56 -> 2332627.1 | E79: =E6+E16+E26+E36+E46+E56 -> 1435182.4 | F79: =F6+F16+F26+F36+F46+F56 -> 812345.07 | G79: =G6+G16+G26+G36+G46+G56 -> 515014.22 | H79: =H6+H16+H26+H36+H46+H56 -> 341707.88 | I79: =I6+I16+I26+I36+I46+I56 -> 241744.07 | K79: 1 | L79: =I80 -> 232560.18 | M79: =SUM($L79:L$82) -> 1939132.6 | N79: =M80/M79 -> 0.88007 | O79: 1-2 | R79: 0 | S79: =S6+S16+S26+S36+S46+S56 -> 1907316.4 | T79: =T6+T16+T26+T36+T46+T56 -> 3068894.7 | U79: =U6+U16+U26+U36+U46+U56 -> 2457947.9 | V79: =V6+V16+V26+V36+V46+V56 -> 1396410.3 | W79: =W6+W16+W26+W36+W46+W56 -> 790506.02 | X79: =X6+X16+X26+X36+X46+X56 -> 588257.16 | Y79: =Y6+Y16+Y26+Y36+Y46+Y56 -> 468838.73 | AA79: 1 | AB79: =Y80 -> 593212.99 | AC79: =SUM($AB79:AB$82) -> 3242661 | AD79: =AC80/AC79 -> 0.81705982 | AE79: 1-2
B80: 1 | C80: =C7+C17+C27+C37+C47+C57 -> 215174.78 | D80: =D7+D17+D27+D37+D47+D57 -> 799444.41 | E80: =E7+E17+E27+E37+E47+E57 -> 930296.21 | F80: =F7+F17+F27+F37+F47+F57 -> 786582.94 | G80: =G7+G17+G27+G37+G47+G57 -> 566597.07 | H80: =H7+H17+H27+H37+H47+H57 -> 368470.88 | I80: =I7+I17+I27+I37+I47+I57 -> 232560.18 | K80: 2 | L80: =I81 -> 505825.24 | M80: =SUM($L80:L$82) -> 1706572.4 | N80: =M81/M80 -> 0.70360166 | O80: 2-3 | R80: 1 | S80: =S7+S17+S27+S37+S47+S57 -> 210332.68 | T80: =T7+T17+T27+T37+T47+T57 -> 1016922.2 | U80: =U7+U17+U27+U37+U47+U57 -> 1516732.3 | V80: =V7+V17+V27+V37+V47+V57 -> 1449193.9 | W80: =W7+W17+W27+W37+W47+W57 -> 1071511.1 | X80: =X7+X17+X27+X37+X47+X57 -> 806684.28 | Y80: =Y7+Y17+Y27+Y37+Y47+Y57 -> 593212.99 | AA80: 2 | AB80: =Y81 -> 1227861.9 | AC80: =SUM($AB80:AB$82) -> 2649448 | AD80: =AC81/AC80 -> 0.53655934 | AE80: 2-3
B81: 2 | C81: =C8+C18+C28+C38+C48+C58 -> 43229.395 | D81: =D8+D18+D28+D38+D48+D58 -> 320287.32 | E81: =E8+E18+E28+E38+E48+E58 -> 651315.53 | F81: =F8+F18+F28+F38+F48+F58 -> 951957.77 | G81: =G8+G18+G28+G38+G48+G58 -> 1018518.9 | H81: =H8+H18+H28+H38+H48+H58 -> 789513.92 | I81: =I8+I18+I28+I38+I48+I58 -> 505825.24 | K81: 3 | L81: =I82 -> 470585.27 | M81: =SUM($L81:L$82) -> 1200747.2 | N81: =M82/M81 -> 0.60808964 | O81: 4+ | R81: 2 | S81: =S8+S18+S28+S38+S48+S58 -> 31596.014 | T81: =T8+T18+T28+T38+T48+T58 -> 319216.85 | U81: =U8+U18+U28+U38+U48+U58 -> 819842.25 | V81: =V8+V18+V28+V38+V48+V58 -> 1297624 | W81: =W8+W18+W28+W38+W48+W58 -> 1476652.9 | X81: =X8+X18+X28+X38+X48+X58 -> 1443171.9 | Y81: =Y8+Y18+Y28+Y38+Y48+Y58 -> 1227861.9 | AA81: 3 | AB81: =Y82 -> 776463.86 | AC81: =SUM($AB81:AB$82) -> 1421586.1 | AD81: =AC82/AC81 -> 0.45380453 | AE81: 4+
B82: 3 | C82: =C9+C19+C29+C39+C49+C59 -> 7941.3763 | D82: =D9+D19+D29+D39+D49+D59 -> 112676.65 | E82: =E9+E19+E29+E39+E49+E59 -> 298913.74 | F82: =F9+F19+F29+F39+F49+F59 -> 526209.75 | G82: =G9+G19+G29+G39+G49+G59 -> 673804.85 | H82: =H9+H19+H29+H39+H49+H59 -> 640540.95 | I82: =I9+I19+I29+I39+I49+I59 -> 470585.27 | K82: 4+ | L82: =I83 -> 730161.92 | M82: =SUM($L82:L$82) -> 730161.92 | N82: - | R82: 3 | S82: =S9+S19+S29+S39+S49+S59 -> 4441.5462 | T82: =T9+T19+T29+T39+T49+T59 -> 86113.864 | U82: =U9+U19+U29+U39+U49+U59 -> 314087.17 | V82: =V9+V19+V29+V39+V49+V59 -> 604490.28 | W82: =W9+W19+W29+W39+W49+W59 -> 756002.58 | X82: =X9+X19+X29+X39+X49+X59 -> 818089.03 | Y82: =Y9+Y19+Y29+Y39+Y49+Y59 -> 776463.86 | AA82: 4+ | AB82: =Y83 -> 645122.19 | AC82: =SUM($AB82:AB$82) -> 645122.19 | AD82: -
B83: 4+ | C83: =C10+C20+C30+C40+C50+C60 -> 2439.4783 | D83: =D10+D20+D30+D40+D50+D60 -> 53004.43 | E83: =E10+E20+E30+E40+E50+E60 -> 194687.46 | F83: =F10+F20+F30+F40+F50+F60 -> 425910.39 | G83: =G10+G20+G30+G40+G50+G60 -> 646224.92 | H83: =H10+H20+H30+H40+H50+H60 -> 758745.58 | I83: =I10+I20+I30+I40+I50+I60 -> 730161.92 | R83: 4+ | S83: =S10+S20+S30+S40+S50+S60 -> 965.63262 | T83: =T10+T20+T30+T40+T50+T60 -> 27473.901 | U83: =U10+U20+U30+U40+U50+U60 -> 150658.45 | V83: =V10+V20+V30+V40+V50+V60 -> 360171.71 | W83: =W10+W20+W30+W40+W50+W60 -> 488357.19 | X83: =X10+X20+X30+X40+X50+X60 -> 597651.6 | Y83: =Y10+Y20+Y30+Y40+Y50+Y60 -> 645122.19
A86: Mulheres desocupadas
A88: > | B88: svytable(~filhos_ever_born+idade_categ, | C88: design | D88: = | E88: mulheres_2000_aux) | K88: =E87 -> 0 | Q88: > | R88: svytable(~filhos_ever_born+idade_categ, | S88: design | T88: = | U88: mulheres_2010_aux) | AA88: =U87 -> 0
B89: idade_categ | K89: filhos_ever_born | L89: Número de mulheres de 45-49 anos | M89: Mulheres de 45-49 anos com pelo menos N filhos | N89: Razão de Perturição | O89: categ | R89: idade_categ | AA89: filhos_ever_born | AB89: Número de mulheres de 45-49 anos | AC89: Mulheres de 45-49 anos com pelo menos N filhos | AD89: Razão de Perturição | AE89: categ
A90: filhos_ever_born | B90: 15-19 | C90: 20-24 | D90: 25-29 | E90: 30-34 | F90: 35-39 | G90: 40-44 | H90: 45-49 | K90: 0 | L90: =I91 -> 190010.4 | M90: =SUM($L90:L$94) -> 2329581.3 | N90: =M91/M90 -> 0.91843582 | O90: 0-1 | P90: =N90+N90*N91+N90*N91*N92+N90*N91*N92*N93 -> 2.8244401 | Q90: filhos_ever_born | R90: 15-19 | S90: 20-24 | T90: 25-29 | U90: 30-34 | V90: 35-39 | W90: 40-44 | X90: 45-49 | AA90: 0 | AB90: =Y91 -> 290588.7 | AC90: =SUM($AB90:AB$94) -> 2430425.1 | AD90: =AC91/AC90 -> 0.88043709 | AE90: 0-1 | AF90: =AD90+AD90*AD91+AD90*AD91*AD92+AD90*AD91*AD92*AD93 -> 2.3775993
B91: 0 | C91: =C68-C79 -> 5654952.5 | D91: =D68-D79 -> 1904132.2 | E91: =E68-E79 -> 706027.47 | F91: =F68-F79 -> 378207.32 | G91: =G68-G79 -> 267273.7 | H91: =H68-H79 -> 209301.79 | I91: =I68-I79 -> 190010.4 | K91: 1 | L91: =I92 -> 187078.67 | M91: =SUM($L91:L$94) -> 2139570.9 | N91: =M92/M91 -> 0.91256253 | O91: 1-2 | R91: 0 | S91: =S68-S79 -> 5525438.6 | T91: =T68-T79 -> 2159789.2 | U91: =U68-U79 -> 988402.48 | V91: =V68-V79 -> 533687.44 | W91: =W68-W79 -> 354467.61 | X91: =X68-X79 -> 309091.21 | Y91: =Y68-Y79 -> 290588.7 | AA91: 1 | AB91: =Y92 -> 295327.27 | AC91: =SUM($AB91:AB$94) -> 2139836.4 | AD91: =AC92/AC91 -> 0.86198605 | AE91: 1-2
B92: 1 | C92: =C69-C80 -> 818910.63 | D92: =D69-D80 -> 1278275.5 | E92: =E69-E80 -> 868454.22 | F92: =F69-F80 -> 536981.7 | G92: =G69-G80 -> 345039.26 | H92: =H69-H80 -> 229610.48 | I92: =I69-I80 -> 187078.67 | K92: 2 | L92: =I93 -> 463414.42 | M92: =SUM($L92:L$94) -> 1952492.3 | N92: =M93/M92 -> 0.76265493 | O92: 2-3 | R92: 1 | S92: =S69-S80 -> 622807.86 | T92: =T69-T80 -> 1147398.4 | U92: =U69-U80 -> 959343.77 | V92: =V69-V80 -> 655321.75 | W92: =W69-W80 -> 444132.12 | X92: =X69-X80 -> 344142.54 | Y92: =Y69-Y80 -> 295327.27 | AA92: 2 | AB92: =Y93 -> 682961.12 | AC92: =SUM($AB92:AB$94) -> 1844509.1 | AD92: =AC93/AC92 -> 0.62973286 | AE92: 2-3
B93: 2 | C93: =C70-C81 -> 201877.11 | D93: =D70-D81 -> 789601.59 | E93: =E70-E81 -> 962881.43 | F93: =F70-F81 -> 953351.7 | G93: =G70-G81 -> 815299.34 | H93: =H70-H81 -> 605772.78 | I93: =I70-I81 -> 463414.42 | K93: 3 | L93: =I94 -> 490456.06 | M93: =SUM($L93:L$94) -> 1489077.8 | N93: =M94/M93 -> 0.67063101 | O93: 4+ | R93: 2 | S93: =S70-S81 -> 107475.56 | T93: =T70-T81 -> 540819.8 | U93: =U70-U81 -> 802796.03 | V93: =V70-V81 -> 853477.46 | W93: =W70-W81 -> 790699.93 | X93: =X70-X81 -> 734573.15 | Y93: =Y70-Y81 -> 682961.12 | AA93: 3 | AB93: =Y94 -> 528864.43 | AC93: =SUM($AB93:AB$94) -> 1161548 | AD93: =AC94/AC93 -> 0.54468999 | AE93: 4+
B94: 3 | C94: =C71-C82 -> 40081.244 | D94: =D71-D82 -> 338169.16 | E94: =E71-E82 -> 556852.16 | F94: =F71-F82 -> 643224.95 | G94: =G71-G82 -> 646527.1 | H94: =H71-H82 -> 570019.86 | I94: =I71-I82 -> 490456.06 | K94: 4+ | L94: =I95 -> 998621.79 | M94: =SUM($L94:L$94) -> 998621.79 | N94: - | R94: 3 | S94: =S71-S82 -> 15483.771 | T94: =T71-T82 -> 182560.06 | U94: =U71-U82 -> 398112.32 | V94: =V71-V82 -> 499485.54 | W94: =W71-W82 -> 503835.41 | X94: =X71-X82 -> 516560.12 | Y94: =Y71-Y82 -> 528864.43 | AA94: 4+ | AB94: =Y95 -> 632683.58 | AC94: =SUM($AB94:AB$94) -> 632683.58 | AD94: -
B95: 4+ | C95: =C72-C83 -> 10897.462 | D95: =D72-D83 -> 166257.15 | E95: =E72-E83 -> 428581.71 | F95: =F72-F83 -> 649745.46 | G95: =G72-G83 -> 810478.96 | H95: =H72-H83 -> 920424.88 | I95: =I72-I83 -> 998621.79 | R95: 4+ | S95: =S72-S83 -> 3321.8644 | T95: =T72-T83 -> 64009.544 | U95: =U72-U83 -> 236204.65 | V95: =V72-V83 -> 376673.05 | W95: =W72-W83 -> 444849.03 | X95: =X72-X83 -> 530304.37 | Y95: =Y72-Y83 -> 632683.58
K98: 2000 | L98: 2010
J99: ocupadas | K99: =P78 -> 2.5570516 | L99: =AF78 -> 2.1443669
J100: não ocupadas | K100: =P90 -> 2.8244401 | L100: =AF90 -> 2.3775993
J101: func publicas | K101: =P5 -> 2.2518034 | L101: =AF5 -> 1.8526501

Sheet descritiva_total
A1: ocupadas
A2: > | B2: svytable(~flag_ocup, | C2: design | D2: = | E2: mulheres_2000_aux)
A3: flag_ocup
B4: Desocupadas | C4: Ocupadas | D4: total
B5: 25636792 | C5: 21326033 | D5: =SUM(B5:C5) -> 46962825
B6: =B5/$D$5 -> 0.54589544 | C6: =C5/$D$5 -> 0.45410456 | D6: =D5/$D$5 -> 1
A9: > | B9: svytable(~flag_ocup, | C9: design | D9: =
A10: flag_ocup
B11: Desocupadas | C11: Ocupadas | D11: total
B12: 24075689 | C12: 29588816 | D12: =SUM(B12:C12) -> 53664505
B13: =B12/$D$12 -> 0.44863339 | C13: =C12/$D$12 -> 0.55136661 | D13: =D12/$D$12 -> 1
C15: 2000 | D15: 2010
B16: ocupadas | C16: =C6 -> 0.45410456 | D16: =C13 -> 0.55136661
B17: não ocupadas | C17: =B6 -> 0.54589544 | D17: =B13 -> 0.44863339
A22: mulheres por setor
A24: > | B24: data.frame(svytable(~ocupacao_v2, | C24: design | D24: = | E24: mulheres_2000_aux)) | G24: > | H24: svytable(~ocupacao_v2, | I24: design | J24: = | K24: mulheres_2000_aux)
B25: ocupacao_v2 | C25: Freq | D25: 2000 | G25: ocupacao_v2 | I25: 2010
A26: 1 | B26: conta_propria | C26: 4512360.4 | D26: =C26/SUM($C$26:$C$33) -> 0.15250223 | G26: conta_propria | H26: 3184432.6 | I26: =H26/SUM($H$26:$H$33) -> 0.14932137
A27: 2 | B27: empregadores | C27: 404911.45 | D27: =C27/SUM($C$26:$C$33) -> 0.013684611 | G27: empregadores | H27: 395220.64 | I27: =H27/SUM($H$26:$H$33) -> 0.018532309
A28: 3 | B28: emprego_com_carteira | C28: 14204783 | D28: =C28/SUM($C$26:$C$33) -> 0.48007269 | G28: emprego_com_carteira | H28: 8484492.1 | I28: =H28/SUM($H$26:$H$33) -> 0.3978467
A29: 4 | B29: emprego_sem_carteira | C29: 7053128.7 | D29: =C29/SUM($C$26:$C$33) -> 0.23837144 | G29: emprego_sem_carteira | H29: 6192401.6 | I29: =H29/SUM($H$26:$H$33) -> 0.29036819
A30: 5 | B30: funcionario_publico | C30: 1942434.2 | D30: =C30/SUM($C$26:$C$33) -> 0.065647582 | G30: funcionario_publico | H30: 1669697.9 | I30: =H30/SUM($H$26:$H$33) -> 0.078293881
A31: 6 | B31: militar | C31: 27670.06 | D31: =C31/SUM($C$26:$C$33) -> 0.00093515266 | G31: militar | H31: 18879.79 | I31: =H31/SUM($H$26:$H$33) -> 0.00088529309
A32: 7 | B32: proprio_consumo | C32: 872492.87 | D32: =C32/SUM($C$26:$C$33) -> 0.029487252 | G32: proprio_consumo | H32: 388807.33 | I32: =H32/SUM($H$26:$H$33) -> 0.018231582
A33: 8 | B33: sem_remuneracao | C33: 571035.59 | D33: =C33/SUM($C$26:$C$33) -> 0.019299035 | G33: sem_remuneracao | H33: 992101.39 | I33: =H33/SUM($H$26:$H$33) -> 0.046520671

Sheet Planilha1
A1: > | B1: data.frame(svytable(~idade_categ | C1: , | D1: design | E1: = | F1: mulheres_func_pub_aux))
B2: idade_categ | C2: Freq
A3: 1 | B3: 15-19 | C3: 45962.71
A4: 2 | B4: 20-24 | C4: 168925.72
A5: 3 | B5: 25-29 | C5: 241724.43
A6: 4 | B6: 30-34 | C6: 307254.86
A7: 5 | B7: 35-39 | C7: 342431.08
A8: 6 | B8: 40-44 | C8: 313926.99
A9: 7 | B9: 45-49 | C9: 249472.13
A10: > | B10: svytable(~idade_categ+V4620 | C10: , | D10: design | E10: = | F10: mulheres_1filho_aux)
B11: V4620
A12: idade_categ | B12: 1 | D12: TEF | E12: ponto_medio | F12: idade media
B13: 15-19 | C13: 3898.118 | D13: =C13/C3 -> 0.084810447 | E13: 17.5 | F13: =E13*D13 -> 1.4841828
B14: 20-24 | C14: 37640.275 | D14: =C14/C4 -> 0.22282146 | E14: 22.5 | F14: =E14*D14 -> 5.0134828
B15: 25-29 | C15: 65793.539 | D15: =C15/C5 -> 0.27218407 | E15: 27.5 | F15: =E15*D15 -> 7.4850619
B16: 30-34 | C16: 76978.841 | D16: =C16/C6 -> 0.25053742 | E16: 32.5 | F16: =E16*D16 -> 8.1424663
B17: 35-39 | C17: 66682.116 | D17: =C17/C7 -> 0.19473149 | E17: 37.5 | F17: =E17*D17 -> 7.302431
B18: 40-44 | C18: 49192.592 | D18: =C18/C8 -> 0.15670074 | E18: 42.5 | F18: =E18*D18 -> 6.6597815
B19: 45-49 | C19: 32058.06 | D19: =C19/C9 -> 0.12850357 | E19: 47.5 | F19: =E19*D19 -> 6.1039197
F20: =SUM(F13:F19)/SUM(D13:D19) -> 32.20001
A22: Conferindo
A23: === | B23: UF: | C23: 1101 | D23: - | E23: idade | F23: média | G23: da | H23: fecundidade | I23: de | J23: período | K23: ===
B24: idade_categ | C24: n_1filho | D24: total_mulheres | E24: TEF | F24: ponto_medio
A25: 1 | B25: 15-19 | C25: 0 | D25: 83.55225 | E25: 0 | F25: 17.5
A26: 2 | B26: 20-24 | C26: 110.45183 | D26: 413.70225 | E26: 0.26698389 | F26: 22.5
A27: 3 | B27: 25-29 | C27: 284.69543 | D27: 809.20592 | E27: 0.35182075 | F27: 27.5
A28: 4 | B28: 30-34 | C28: 335.84919 | D28: 1244.3892 | E28: 0.2698908 | F28: 32.5
A29: 5 | B29: 35-39 | C29: 258.61156 | D29: 1331.6934 | E29: 0.19419752 | F29: 37.5
A30: 6 | B30: 40-44 | C30: 131.16928 | D30: 1212.6042 | E30: 0.10817156 | F30: 42.5
A31: 7 | B31: 45-49 | C31: 57.03792 | D31: 700.79642 | E31: 0.08139015 | F31: 47.5
A32: Idade | B32: média | C32: da | D32: fecundidade | E32: de | F32: período | G32: (UF | H32: 1101 | I32: ): | J32: 31.6
B36: V4620
A37: idade_categ | C37: 1
B38: 15-19 | C38: 0
B39: 20-24 | C39: 110.45183
B40: 25-29 | C40: 284.69543
B41: 30-34 | C41: 335.84919
B42: 35-39 | C42: 258.61156
B43: 40-44 | C43: 131.16928
B44: 45-49 | C44: 57.037925
B47: V1002
A48: idade_categ | C48: 1101 | D48: TEF | E48: ponto_medio | F48: idade media
B49: 15-19 | C49: 83.55225 | D49: =C38/C49 -> 0 | E49: 17.5 | F49: =E49*D49 -> 0
B50: 20-24 | C50: 413.70225 | D50: =C39/C50 -> 0.26698389 | E50: 22.5 | F50: =E50*D50 -> 6.0071374
B51: 25-29 | C51: 809.20592 | D51: =C40/C51 -> 0.35182075 | E51: 27.5 | F51: =E51*D51 -> 9.6750706
B52: 30-34 | C52: 1244.3892 | D52: =C41/C52 -> 0.2698908 | E52: 32.5 | F52: =E52*D52 -> 8.7714511
B53: 35-39 | C53: 1331.6934 | D53: =C42/C53 -> 0.19419752 | E53: 37.5 | F53: =E53*D53 -> 7.2824069
B54: 40-44 | C54: 1212.6042 | D54: =C43/C54 -> 0.10817156 | E54: 42.5 | F54: =E54*D54 -> 4.5972912
B55: 45-49 | C55: 700.79642 | D55: =C44/C55 -> 0.081390149 | E55: 47.5 | F55: =E55*D55 -> 3.8660321
F56: =SUM(F49:F55)/SUM(D49:D55) -> 31.592001 | G56: coorte
A62: ====================== | B62: UF: | C62: 1101 | D62: ======================
B63: idade_categ | C63: nasc_12m | D63: total_mulheres | E63: TEF | F63: ponto_medio
A64: 1 | B64: 20-24 | C64: 44.9396 | D64: 413.7022 | E64: 0.10862788 | F64: 22.5
A65: 2 | B65: 25-29 | C65: 74.21753 | D65: 809.2059 | E65: 0.091716491 | F65: 27.5
A66: 3 | B66: 30-34 | C66: 76.34239 | D66: 1244.3892 | E66: 0.061349291 | F66: 32.5
A67: 4 | B67: 35-39 | C67: 72.66986 | D67: 1331.6934 | E67: 0.054569508 | F67: 37.5
A68: 5 | B68: 40-44 | C68: 12.03511 | D68: 1212.6042 | E68: 0.009925012 | F68: 42.5
B71: V1002
A72: idade_categ | C72: 1101 | D72: TEF | E72: ponto_medio | F72: idade media
B73: 15-19 | C73: 0 | D73: =C73/C49 -> 0 | E73: 17.5 | F73: =E73*D73 -> 0
B74: 20-24 | C74: 44.939598 | D74: =C74/C50 -> 0.10862788 | E74: 22.5 | F74: =E74*D74 -> 2.4441273
B75: 25-29 | C75: 74.217527 | D75: =C75/C51 -> 0.09171649 | E75: 27.5 | F75: =E75*D75 -> 2.5222035
B76: 30-34 | C76: 76.342393 | D76: =C76/C52 -> 0.061349291 | E76: 32.5 | F76: =E76*D76 -> 1.9938519
B77: 35-39 | C77: 72.669856 | D77: =C77/C53 -> 0.054569509 | E77: 37.5 | F77: =E77*D77 -> 2.0463566
B78: 40-44 | C78: 12.035111 | D78: =C78/C54 -> 0.0099250121 | E78: 42.5 | F78: =E78*D78 -> 0.42181302
B79: 45-49 | C79: 0 | D79: =C79/C55 -> 0 | E79: 47.5 | F79: =E79*D79 -> 0
F80: =SUM(F73:F79)/SUM(D73:D79) -> 28.904641 | G80: periodo
B83: cod_mesorregiao
A84: idade_categ | C84: 1101 | D84: 1102 | E84: 1201 | F84: 1202 | G84: 1301 | H84: 1302
B85: 15-19 | C85: 0 | D85: 0 | E85: 0 | F85: 0 | G85: 0 | H85: 0
B86: 20-24 | C86: 32.581947 | D86: 84.150594 | E86: 0 | F86: 20.55073 | G86: 8.816805 | H86: 20.491879
B87: 25-29 | C87: 174.37426 | D87: 150.28631 | E87: 20.19426 | F87: 17.800418 | G87: 38.40397 | H87: 37.708888
B88: 30-34 | C88: 120.57211 | D88: 197.74965 | E88: 28.267069 | F88: 40.326139 | G88: 26.409128 | H88: 43.085221
B89: 35-39 | C89: 121.56569 | D89: 92.930998 | E89: 8.438154 | F89: 34.329557 | G89: 20.150295 | H89: 63.793993
B90: 40-44 | C90: 12.378316 | D90: 19.902375 | E90: 12.880959 | F90: 0 | G90: 0 | H90: 5.770928
B91: 45-49 | C91: 5.371864 | D91: 0 | E91: 0 | F91: 0 | G91: 0 | H91: 0
A93: > | B93: svytable(~idade_categ+cod_mesorregiao | C93: , | D93: design | E93: = | F93: mulheres_func_pub_aux)
B94: cod_mesorregiao
A95: idade_categ | C95: 1101 | D95: 1102 | E95: 1201 | F95: 1202 | G95: 1301 | H95: 1302
B96: 15-19 | C96: 75.574382 | D96: 70.677015 | E96: 15.381211 | F96: 23.315948 | G96: 7.481603 | H96: 31.925385
B97: 20-24 | C97: 680.05823 | D97: 1000.8638 | E97: 105.53706 | F97: 264.08238 | G97: 36.407124 | H97: 220.99095
B98: 25-29 | C98: 1412.2971 | D98: 2038.1298 | E98: 183.66013 | F98: 645.53058 | G98: 225.32041 | H98: 364.40037
B99: 30-34 | C99: 2045.0666 | D99: 2950.1784 | E99: 244.02292 | F99: 766.62832 | G99: 228.46392 | H99: 602.96587
B100: 35-39 | C100: 1736.9646 | D100: 2766.1652 | E100: 167.75063 | F100: 829.72689 | G100: 207.08997 | H100: 506.83366
B101: 40-44 | C101: 1914.0249 | D101: 2441.9319 | E101: 189.20105 | F101: 909.8558 | G101: 105.10864 | H101: 429.90453
B102: 45-49 | C102: 1951.8186 | D102: 2313.4038 | E102: 97.105214 | F102: 572.34175 | G102: 162.63095 | H102: 315.69048
J103: =C95 -> 1101 | K103: =D95 -> 1102 | L103: =E95 -> 1201 | M103: =F95 -> 1202 | N103: =G95 -> 1301 | O103: =H95 -> 1302
I104: ponto_medio | J104: idade media | K104: idade media | L104: idade media | M104: idade media | N104: idade media | O104: idade media
B105: =B96 -> 15-19 | C105: =C85/C96 -> 0 | D105: =D85/D96 -> 0 | E105: =E85/E96 -> 0 | F105: =F85/F96 -> 0 | G105: =G85/G96 -> 0 | H105: =H85/H96 -> 0 | I105: 17.5 | J105: =$I105*C105 -> 0 | K105: =$I105*D105 -> 0 | L105: =$I105*E105 -> 0 | M105: =$I105*F105 -> 0 | N105: =$I105*G105 -> 0 | O105: =$I105*H105 -> 0
B106: =B97 -> 20-24 | C106: =C86/C97 -> 0.047910525 | D106: =D86/D97 -> 0.08407797 | E106: =E86/E97 -> 0 | F106: =F86/F97 -> 0.077819391 | G106: =G86/G97 -> 0.24217252 | H106: =H86/H97 -> 0.09272723 | I106: 22.5 | J106: =$I106*C106 -> 1.0779868 | K106: =$I106*D106 -> 1.8917543 | L106: =$I106*E106 -> 0 | M106: =$I106*F106 -> 1.7509363 | N106: =$I106*G106 -> 5.4488817 | O106: =$I106*H106 -> 2.0863627
B107: =B98 -> 25-29 | C107: =C87/C98 -> 0.12346854 | D107: =D87/D98 -> 0.073737359 | E107: =E87/E98 -> 0.10995451 | F107: =F87/F98 -> 0.027574864 | G107: =G87/G98 -> 0.1704416 | H107: =H87/H98 -> 0.10348202 | I107: 27.5 | J107: =$I107*C107 -> 3.3953848 | K107: =$I107*D107 -> 2.0277774 | L107: =$I107*E107 -> 3.0237491 | M107: =$I107*F107 -> 0.75830876 | N107: =$I107*G107 -> 4.6871439 | O107: =$I107*H107 -> 2.8457556
B108: =B99 -> 30-34 | C108: =C88/C99 -> 0.058957547 | D108: =D88/D99 -> 0.067029725 | E108: =E88/E99 -> 0.11583776 | F108: =F88/F99 -> 0.052601943 | G108: =G88/G99 -> 0.1155943 | H108: =H88/H99 -> 0.071455489 | I108: 32.5 | J108: =$I108*C108 -> 1.9161203 | K108: =$I108*D108 -> 2.1784661 | L108: =$I108*E108 -> 3.7647273 | M108: =$I108*F108 -> 1.7095632 | N108: =$I108*G108 -> 3.7568148 | O108: =$I108*H108 -> 2.3223034
B109: =B100 -> 35-39 | C109: =C89/C100 -> 0.069987433 | D109: =D89/D100 -> 0.033595607 | E109: =E89/E100 -> 0.050301772 | F109: =F89/F100 -> 0.041374526 | G109: =G89/G100 -> 0.097302127 | H109: =H89/H100 -> 0.12586771 | I109: 37.5 | J109: =$I109*C109 -> 2.6245287 | K109: =$I109*D109 -> 1.2598353 | L109: =$I109*E109 -> 1.8863165 | M109: =$I109*F109 -> 1.5515447 | N109: =$I109*G109 -> 3.6488298 | O109: =$I109*H109 -> 4.7200391
B110: =B101 -> 40-44 | C110: =C90/C101 -> 0.0064671655 | D110: =D90/D101 -> 0.0081502579 | E110: =E90/E101 -> 0.0680808 | F110: =F90/F101 -> 0 | G110: =G90/G101 -> 0 | H110: =H90/H101 -> 0.013423743 | I110: 42.5 | J110: =$I110*C110 -> 0.27485454 | K110: =$I110*D110 -> 0.34638596 | L110: =$I110*E110 -> 2.893434 | M110: =$I110*F110 -> 0 | N110: =$I110*G110 -> 0 | O110: =$I110*H110 -> 0.57050909
B111: =B102 -> 45-49 | C111: =C91/C102 -> 0.0027522353 | D111: =D91/D102 -> 0 | E111: =E91/E102 -> 0 | F111: =F91/F102 -> 0 | G111: =G91/G102 -> 0 | H111: =H91/H102 -> 0 | I111: 47.5 | J111: =$I111*C111 -> 0.13073118 | K111: =$I111*D111 -> 0 | L111: =$I111*E111 -> 0 | M111: =$I111*F111 -> 0 | N111: =$I111*G111 -> 0 | O111: =$I111*H111 -> 0
J112: =SUM(J105:J111)/SUM(C105:C111) -> 30.430644 | K112: =SUM(K105:K111)/SUM(D105:D111) -> 28.89903 | L112: =SUM(L105:L111)/SUM(E105:E111) -> 33.611482 | M112: =SUM(M105:M111)/SUM(F105:F111) -> 28.94283 | N112: =SUM(N105:N111)/SUM(G105:G111) -> 28.043764 | O112: =SUM(O105:O111)/SUM(H105:H111) -> 30.82634
B115: cod_mesorregiao
A116: idade_categ | B116: 1101 | C116: 1102 | D116: 1201 | E116: 1202 | F116: 1301 | G116: 1302
B117: 15-19 | C117: 0 | D117: 2.719123 | E117: 0 | F117: 0 | G117: 0 | H117: 0
B118: 20-24 | C118: 161.13391 | D118: 252.17425 | E118: 40.199793 | F118: 45.148926 | G118: 22.861494 | H118: 65.492892
...

Sheet childless
A1: childless - proporcao de mulheres sem filhos - funcionarias publicas
A2: > | B2: data.frame(svytable(~idade_categ | C2: , | D2: design | E2: = | F2: mulheres_0filho_aux)) | J2: > | K2: data.frame(svytable(~idade_categ | L2: , | M2: design | N2: = | O2: mulheres_0filho_aux))
B3: idade_categ | C3: Freq | D3: total mulheres | E3: % | K3: idade_categ | L3: Freq | M3: total mulheres | N3: %
A4: 1 | B4: 15-19 | C4: 41345.27 | D4: 45962.714 | E4: =C4/D4 -> 0.89953936 | J4: 1 | K4: 15-19 | L4: 11624.63 | M4: 12730.08 | N4: =L4/M4 -> 0.91316237 | R4: mulheres com zero filhos
A5: 2 | B5: 20-24 | C5: 114488.49 | D5: 168925.72 | E5: =C5/D5 -> 0.67774456 | J5: 2 | K5: 20-24 | L5: 91917.41 | M5: 120566.8 | N5: =L5/M5 -> 0.76237745 | S5: func pub | T5: ocupadas
A6: 3 | B6: 25-29 | C6: 112067.06 | D6: 241724.43 | E6: =C6/D6 -> 0.46361494 | J6: 3 | K6: 25-29 | L6: 155555.3 | M6: 274550.33 | N6: =L6/M6 -> 0.56658209 | R6: 2000 | S6: =E12 -> 0.15214711 | T6: =D117 -> 0.11717421
A7: 4 | B7: 30-34 | C7: 83577.63 | D7: 307254.86 | E7: =C7/D7 -> 0.27201402 | J7: 4 | K7: 30-34 | L7: 120959.06 | M7: 358228.68 | N7: =L7/M7 -> 0.33765878 | R7: 2010 | S7: =N12 -> 0.16598492 | T7: =G117 -> 0.13271172
A8: 5 | B8: 35-39 | C8: 63920.48 | D8: 342431.08 | E8: =C8/D8 -> 0.1866667 | J8: 5 | K8: 35-39 | L8: 79087.21 | M8: 371043.8 | N8: =L8/M8 -> 0.21314791
A9: 6 | B9: 40-44 | C9: 47758.98 | D9: 313926.99 | E9: =C9/D9 -> 0.15213404 | J9: 6 | K9: 40-44 | L9: 69620.96 | M9: 400119.16 | N9: =L9/M9 -> 0.17400057
A10: 7 | B10: 45-49 | C10: 37960.57 | D10: 249472.13 | E10: =C10/D10 -> 0.15216357 | J10: 7 | K10: 45-49 | L10: 64049.11 | M10: 405195.37 | N10: =L10/M10 -> 0.1580697
C11: =SUM(C4:C10) -> 501118.48 | D11: =SUM(D4:D10) -> 1669697.9 | E11: =C11/D11 -> 0.30012523 | L11: =SUM(L4:L10) -> 592813.68 | M11: =SUM(M4:M10) -> 1942434.2 | N11: =L11/M11 -> 0.30519112
B12: 40-49 | C12: =SUM(C9:C10) -> 85719.55 | D12: =SUM(D9:D10) -> 563399.12 | E12: =C12/D12 -> 0.15214711 | K12: 40-49 | L12: =SUM(L9:L10) -> 133670.07 | M12: =SUM(M9:M10) -> 805314.53 | N12: =L12/M12 -> 0.16598492
A14: childless - por area de atuacao
A16: > | B16: svytable(~idade_categ+sub_grupo_cnae | C16: , | D16: design | E16: = | F16: mulheres_0filho_aux) | J16: > | K16: svytable(~idade_categ+sub_grupo_cnae | L16: , | M16: design | N16: = | O16: mulheres_0filho_aux)
B17: sub_grupo_cnae | K17: sub_grupo_cnae
A18: idade_categ | C18: adm_e_gestao_publica | D18: educacao | E18: outras | F18: saude | G18: total | J18: idade_categ | L18: adm_e_gestao_publica | M18: educacao | N18: outras | O18: saude | P18: total
B19: 15-19 | C19: 14009.261 | D19: 15549.304 | E19: 9001.739 | F19: 2784.969 | G19: =SUM(C19:F19) -> 41345.273 | K19: 15-19 | L19: 5964.061 | M19: 3690.0861 | N19: 833.9439 | O19: 1136.5365 | P19: =SUM(L19:O19) -> 11624.628
B20: 20-24 | C20: 33346.162 | D20: 62917.077 | E20: 10297.609 | F20: 7927.644 | G20: =SUM(C20:F20) -> 114488.49 | K20: 20-24 | L20: 40658.528 | M20: 32774.224 | N20: 4642.3708 | O20: 13842.288 | P20: =SUM(L20:O20) -> 91917.411
B21: 25-29 | C21: 34009.397 | D21: 61669.095 | E21: 6415.917 | F21: 9972.653 | G21: =SUM(C21:F21) -> 112067.06 | K21: 25-29 | L21: 64329.495 | M21: 57730.918 | N21: 8004.1216 | O21: 25490.767 | P21: =SUM(L21:O21) -> 155555.3
B22: 30-34 | C22: 26200.658 | D22: 45701.849 | E22: 4206.282 | F22: 7468.847 | G22: =SUM(C22:F22) -> 83577.636 | K22: 30-34 | L22: 47985.174 | M22: 50612.12 | N22: 5319.4125 | O22: 17042.353 | P22: =SUM(L22:O22) -> 120959.06
B23: 35-39 | C23: 21385.228 | D23: 33734.346 | E23: 3177.039 | F23: 5623.863 | G23: =SUM(C23:F23) -> 63920.476 | K23: 35-39 | L23: 28837.416 | M23: 36989.546 | N23: 3376.0968 | O23: 9884.1523 | P23: =SUM(L23:O23) -> 79087.211
B24: 40-44 | C24: 15566.82 | D24: 24605.822 | E24: 2665.17 | F24: 4921.167 | G24: =SUM(C24:F24) -> 47758.979 | K24: 40-44 | L24: 24592.974 | M24: 33925.788 | N24: 2395.5558 | O24: 8706.6408 | P24: =SUM(L24:O24) -> 69620.959
B25: 45-49 | C25: 11861.199 | D25: 20355.189 | E25: 1972.151 | F25: 3772.027 | G25: =SUM(C25:F25) -> 37960.566 | K25: 45-49 | L25: 23513.085 | M25: 31300.877 | N25: 2355.2549 | O25: 6879.8948 | P25: =SUM(L25:O25) -> 64049.111
B26: total | C26: =SUM(C19:C25) -> 156378.72 | D26: =SUM(D19:D25) -> 264532.68 | E26: =SUM(E19:E25) -> 37735.907 | F26: =SUM(F19:F25) -> 42471.17 | G26: =SUM(C26:F26) -> 501118.48 | K26: total | L26: =SUM(L19:L25) -> 235880.73 | M26: =SUM(M19:M25) -> 247023.56 | N26: =SUM(N19:N25) -> 26926.756 | O26: =SUM(O19:O25) -> 82982.632 | P26: =SUM(L26:O26) -> 592813.68
A28: > | B28: svytable(~idade_categ+sub_grupo_cnae,design | C28: = | D28: mulheres_func_pub_aux)#total | E28: de | F28: mulheres | G28: por | H28: grupo | I28: cnae | J28: > | K28: svytable(~idade_categ+sub_grupo_cnae,design | L28: = | M28: mulheres_func_pub_aux)#total | N28: de | O28: mulheres | P28: por | Q28: grupo | R28: cnae
B29: sub_grupo_cnae | K29: sub_grupo_cnae
A30: idade_categ | C30: adm_e_gestao_publica | D30: educacao | E30: outras | F30: saude | G30: total | J30: idade_categ | L30: adm_e_gestao_publica | M30: educacao | N30: outras | O30: saude | P30: total
B31: 15-19 | C31: 15503.61 | D31: 17333.87 | E31: 10099.36 | F31: 3025.88 | G31: =SUM(C31:F31) -> 45962.72 | K31: 15-19 | L31: 6530.2336 | M31: 4072.5238 | N31: 873.0236 | O31: 1254.2995 | P31: =SUM(L31:O31) -> 12730.081
B32: 20-24 | C32: 49903.19 | D32: 91467.21 | E32: 15652.61 | F32: 11902.72 | G32: =SUM(C32:F32) -> 168925.73 | K32: 20-24 | L32: 52835.538 | M32: 43930.978 | N32: 5627.5604 | O32: 18172.722 | P32: =SUM(L32:O32) -> 120566.8
B33: 25-29 | C33: 72723.56 | D33: 133881.38 | E33: 14921.33 | F33: 20198.17 | G33: =SUM(C33:F33) -> 241724.44 | K33: 25-29 | L33: 109576.08 | M33: 109988.29 | N33: 11481.472 | O33: 43504.488 | P33: =SUM(L33:O33) -> 274550.33
B34: 30-34 | C34: 92983.7 | D34: 168356.79 | E34: 17436.29 | F34: 28478.08 | G34: =SUM(C34:F34) -> 307254.86 | K34: 30-34 | L34: 132276.64 | M34: 163435.79 | N34: 11581.098 | O34: 50935.161 | P34: =SUM(L34:O34) -> 358228.68
B35: 35-39 | C35: 108539.86 | D35: 181423.15 | E35: 19238.31 | F35: 33229.75 | G35: =SUM(C35:F35) -> 342431.07 | K35: 35-39 | L35: 132336.94 | M35: 179842.01 | N35: 11012.288 | O35: 47852.557 | P35: =SUM(L35:O35) -> 371043.8
B36: 40-44 | C36: 97889.13 | D36: 164823.15 | E36: 18005.37 | F36: 33209.34 | G36: =SUM(C36:F36) -> 313926.99 | K36: 40-44 | L36: 142696.5 | M36: 197418.91 | N36: 11615.487 | O36: 48388.262 | P36: =SUM(L36:O36) -> 400119.17
B37: 45-49 | C37: 71493.05 | D37: 138796.67 | E37: 14100.14 | F37: 25082.28 | G37: =SUM(C37:F37) -> 249472.14 | K37: 45-49 | L37: 146847.8 | M37: 197686.11 | N37: 12599.629 | O37: 48061.835 | P37: =SUM(L37:O37) -> 405195.37
B38: total | C38: =SUM(C31:C37) -> 509036.1 | D38: =SUM(D31:D37) -> 896082.22 | E38: =SUM(E31:E37) -> 109453.41 | F38: =SUM(F31:F37) -> 155126.22 | G38: =SUM(C38:F38) -> 1669697.9 | K38: total | L38: =SUM(L31:L37) -> 723099.73 | M38: =SUM(M31:M37) -> 896374.61 | N38: =SUM(N31:N37) -> 64790.559 | O38: =SUM(O31:O37) -> 258169.33 | P38: =SUM(L38:O38) -> 1942434.2
C41: administrcao | D41: educacao | E41: outras | F41: saude | G41: total | L41: adm_e_gestao_publica | M41: educacao | N41: outras | O41: saude | P41: total
B42: =B31 -> 15-19 | C42: =C19/C31 -> 0.90361284 | D42: =D19/D31 -> 0.89704746 | E42: =E19/E31 -> 0.89131777 | F42: =F19/F31 -> 0.92038316 | G42: =G19/G31 -> 0.8995393 | K42: =K31 -> 15-19 | L42: =L19/L31 -> 0.91329979 | M42: =M19/M31 -> 0.90609319 | N42: =N19/N31 -> 0.95523638 | O42: =O19/O31 -> 0.90611254 | P42: =P19/P31 -> 0.91316214
B43: =B32 -> 20-24 | C43: =C20/C32 -> 0.66821704 | D43: =D20/D32 -> 0.68786483 | E43: =E20/E32 -> 0.65788447 | F43: =F20/F32 -> 0.66603633 | G43: =G20/G32 -> 0.67774454 | K43: =K32 -> 20-24 | L43: =L20/L32 -> 0.76952993 | M43: =M20/M32 -> 0.74603902 | N43: =N20/N32 -> 0.82493487 | O43: =O20/O32 -> 0.7617069 | P43: =P20/P32 -> 0.76237747
B44: =B33 -> 25-29 | C44: =C21/C33 -> 0.46765308 | D44: =D21/D33 -> 0.46062488 | E44: =E21/E33 -> 0.42998292 | F44: =F21/F33 -> 0.49374042 | G44: =G21/G33 -> 0.46361494 | K44: =K33 -> 25-29 | L44: =L21/L33 -> 0.58707608 | M44: =M21/M33 -> 0.52488239 | N44: =N21/N33 -> 0.69713373 | O44: =O21/O33 -> 0.58593418 | P44: =P21/P33 -> 0.56658209
B45: =B34 -> 30-34 | C45: =C22/C34 -> 0.28177689 | D45: =D22/D34 -> 0.27145831 | E45: =E22/E34 -> 0.24123721 | F45: =F22/F34 -> 0.26226652 | G45: =G22/G34 -> 0.27201404 | K45: =K34 -> 30-34 | L45: =L22/L34 -> 0.36276379 | M45: =M22/M34 -> 0.30967587 | N45: =N22/N34 -> 0.45931849 | O45: =O22/O34 -> 0.33458915 | P45: =P22/P34 -> 0.33765878
B46: =B35 -> 35-39 | C46: =C23/C35 -> 0.19702649 | D46: =D23/D35 -> 0.1859429 | E46: =E23/E35 -> 0.16514127 | F46: =F23/F35 -> 0.16924181 | G46: =G23/G35 -> 0.18666669 | K46: =K35 -> 35-39 | L46: =L23/L35 -> 0.21790904 | M46: =M23/M35 -> 0.205678 | N46: =N23/N35 -> 0.30657542 | O46: =O23/O35 -> 0.20655432 | P46: =P23/P35 -> 0.21314791
B47: =B36 -> 40-44 | C47: =C24/C36 -> 0.15902501 | D47: =D24/D36 -> 0.1492862 | E47: =E24/E36 -> 0.14802084 | F47: =F24/F36 -> 0.14818623 | G47: =G24/G36 -> 0.15213403 | K47: =K36 -> 40-44 | L47: =L24/L36 -> 0.17234462 | M47: =M24/M36 -> 0.1718467 | N47: =N24/N36 -> 0.20623808 | O47: =O24/O36 -> 0.17993291 | P47: =P24/P36 -> 0.17400056
B48: =B37 -> 45-49 | C48: =C25/C37 -> 0.16590702 | D48: =D25/D37 -> 0.14665474 | E48: =E25/E37 -> 0.13986748 | F48: =F25/F37 -> 0.15038613 | G48: =G25/G37 -> 0.15216355 | K48: =K37 -> 45-49 | L48: =L25/L37 -> 0.16011874 | M48: =M25/M37 -> 0.15833625 | N48: =N25/N37 -> 0.18693049 | O48: =O25/O37 -> 0.14314674 | P48: =P25/P37 -> 0.1580697
B49: 2000 | C49: =C26/C38 -> 0.30720557 | D49: =D26/D38 -> 0.29521028 | E49: =E26/E38 -> 0.34476685 | F49: =F26/F38 -> 0.2737846 | G49: =G26/G38 -> 0.30012523 | K49: 2010 | L49: =L26/L38 -> 0.32620774 | M49: =M26/M38 -> 0.27558072 | N49: =N26/N38 -> 0.41559691 | O49: =O26/O38 -> 0.32142715 | P49: =P26/P38 -> 0.30519112
B50: 40-49 | C50: =SUM(C24:C25)/SUM(C36:C37) -> 0.16192978 | D50: =SUM(D24:D25)/SUM(D36:D37) -> 0.14808325 | E50: =SUM(E24:E25)/SUM(E36:E37) -> 0.14444004 | F50: =SUM(F24:F25)/SUM(F36:F37) -> 0.14913283 | G50: =SUM(G24:G25)/SUM(G36:G37) -> 0.1521471 | K50: 40-49 | L50: =SUM(L24:L25)/SUM(L36:L37) -> 0.16614404 | M50: =SUM(M24:M25)/SUM(M36:M37) -> 0.16508691 | N50: =SUM(N24:N25)/SUM(N36:N37) -> 0.19619194 | O50: =SUM(O24:O25)/SUM(O36:O37) -> 0.16160207 | P50: =SUM(P24:P25)/SUM(P36:P37) -> 0.16598492
A54: > | B54: svytable(~flag_ocup+flag_0filhos, | C54: design | D54: = | E54: mulheres_2000_aux) | H54: > | I54: svytable(~flag_ocup+flag_0filhos, | J54: design | K54: = | L54: mulheres_2010_aux)
B55: flag_0filhos | I55: flag_0filhos
A56: flag_ocup | C56: comfilho | D56: semfilho | E56: total | H56: flag_ocup | J56: comfilho | K56: semfilho | L56: total
B57: Desocupadas | C57: 16259248 | D57: 9377543 | E57: =SUM(C57:D57) -> 25636791 | I57: Desocupadas | J57: 13914225 | K57: 10161465 | L57: =SUM(J57:K57) -> 24075690
B58: Ocupadas | C58: 13661161 | D58: 7664872 | E58: =SUM(C58:D58) -> 21326033 | I58: Ocupadas | J58: 18910644 | K58: 10678172 | L58: =SUM(J58:K58) -> 29588816
B59: total | C59: =SUM(C57:C58) -> 29920409 | D59: =SUM(D57:D58) -> 17042415 | E59: =SUM(C59:D59) -> 46962824 | I59: total | J59: =SUM(J57:J58) -> 32824869 | K59: =SUM(K57:K58) -> 20839637 | L59: =SUM(J59:K59) -> 53664506
B62: Desocupadas | C62: =D57/E57 -> 0.36578459 | I62: Desocupadas | J62: =K57/L57 -> 0.42206329
B63: Ocupadas | C63: =D58/E58 -> 0.35941387 | I63: Ocupadas | J63: =K58/L58 -> 0.36088541
B64: funcpub | C64: =E11 -> 0.30012523 | I64: funcpub | J64: =N11 -> 0.30519112
A66: > | B66: svytable(~ocupacao_v2+flag_0filhos, | C66: design | D66: = | E66: mulheres_2000_aux) | H66: > | I66: svytable(~ocupacao_v2+flag_0filhos, | J66: design | K66: = | L66: mulheres_2010_aux)
B67: flag_0filhos | I67: flag_0filhos
A68: ocupacao_v2 | C68: comfilho | D68: semfilho | H68: ocupacao_v2 | J68: comfilho | K68: semfilho
B69: conta_propria | C69: 2496320.3 | D69: 688112.27 | E69: =D69/SUM(C69:D69) -> 0.2160863 | I69: conta_propria | J69: 3387898.9 | K69: 1124461.5 | L69: =K69/SUM(J69:K69) -> 0.24919585
B70: empregadores | C70: 308958.72 | D70: 86261.921 | E70: =D70/SUM(C70:D70) -> 0.21826269 | I70: empregadores | J70: 305994.26 | K70: 98917.19 | L70: =K70/SUM(J70:K70) -> 0.24429339
B71: emprego_com_carteira | C71: 4942037.2 | D71: 3542454.9 | E71: =D71/SUM(C71:D71) -> 0.41752115 | I71: emprego_com_carteira | J71: 8236306.2 | K71: 5968476.4 | L71: =K71/SUM(J71:K71) -> 0.42017372
B72: emprego_sem_carteira | C72: 3712225.2 | D72: 2480176.4 | E72: =D72/SUM(C72:D72) -> 0.40051931 | I72: emprego_sem_carteira | J72: 4593424.5 | K72: 2459704.2 | L72: =K72/SUM(J72:K72) -> 0.34873944
B73: funcionario_publico | C73: 1168579.4 | D73: 501118.48 | E73: =D73/SUM(C73:D73) -> 0.30012524 | I73: funcionario_publico | J73: 1349620.6 | K73: 592813.68 | L73: =K73/SUM(J73:K73) -> 0.30519112
B74: militar | C74: 9938.409 | D74: 8941.384 | E74: =D74/SUM(C74:D74) -> 0.47359545 | I74: militar | J74: 13868.16 | K74: 13801.9 | L74: =K74/SUM(J74:K74) -> 0.49880268
B75: proprio_consumo | C75: 311654.72 | D75: 77152.619 | E75: =D75/SUM(C75:D75) -> 0.19843406 | I75: proprio_consumo | J75: 676365.2 | K75: 196127.67 | L75: =K75/SUM(J75:K75) -> 0.22479
B76: sem_remuneracao | C76: 711447.04 | D76: 280654.35 | E76: =D76/SUM(C76:D76) -> 0.28288878 | I76: sem_remuneracao | J76: 347166.42 | K76: 223869.17 | L76: =K76/SUM(J76:K76) -> 0.39204066
C77: =SUM(C69:C76) -> 13661161 | D77: =SUM(D69:D76) -> 7664872.4 | E77: =D77/SUM(C77:D77) -> 0.35941388 | J77: =SUM(J69:J76) -> 18910644 | K77: =SUM(K69:K76) -> 10678172 | L77: =K77/SUM(J77:K77) -> 0.3608854
A82: > | B82: svytable(~idade_categ+flag_0filhos+flag_ocup, | C82: design | D82: = | E82: mulheres_2000_aux) | H82: > | I82: svytable(~idade_categ+flag_0filhos+flag_ocup, | J82: design | K82: = | L82: mulheres_2010_aux)
A83: , | B83: , | C83: flag_ocup | D83: = | E83: Desocupadas | H83: , | I83: , | J83: flag_ocup | K83: = | L83: Desocupadas
B85: flag_0filhos | I85: flag_0filhos
A86: idade_categ | C86: comfilho | D86: semfilho | H86: idade_categ | I86: comfilho | J86: semfilho
B87: 15-19 | C87: 1055342.3 | D87: 5671376.5 | I87: 15-19 | J87: 749089.1 | K87: 5525438.6
B88: 20-24 | C88: 2556259.7 | D88: 1920175.5 | I88: 20-24 | J88: 1934787.8 | K88: 2159788.7
B89: 25-29 | C89: 2806667.3 | D89: 716129.8 | I89: 25-29 | J89: 2396456.9 | K89: 988402.4
B90: 30-34 | C90: 2775777.4 | D90: 385733.6 | I90: 30-34 | J90: 2384957.7 | K90: 533687.5
B91: 35-39 | C91: 2611644.2 | D91: 272974.2 | I91: 35-39 | J91: 2183516.5 | K91: 354467.7
B92: 40-44 | C92: 2319924.9 | D92: 215204.9 | I92: 40-44 | J92: 2125580.2 | K92: 309091.3
B93: 45-49 | C93: 2133632.3 | D93: 195949 | I93: 45-49 | J93: 2139836.4 | K93: 290588.7
A95: , | B95: , | C95: flag_ocup | D95: = | E95: Ocupadas | H95: , | I95: , | J95: flag_ocup | K95: = | L95: Ocupadas
B97: flag_0filhos | I97: flag_0filhos
A98: idade_categ | C98: comfilho | D98: semfilho | E98: % | H98: idade_categ | J98: comfilho | K98: semfilho | L98: %
B99: 15-19 | C99: 262070.2 | D99: 1932505.8 | E99: =D99/SUM(C99:D99) -> 0.88058276 | I99: 15-19 | J99: 247335.8 | K99: 1907316.4 | L99: =K99/SUM(J99:K99) -> 0.88520848
B100: 20-24 | C100: 1272456.9 | D100: 2345583.4 | E100: =D100/SUM(C100:D100) -> 0.64830218 | I100: 20-24 | J100: 1449726.9 | K100: 3068895.1 | L100: =K100/SUM(J100:K100) -> 0.67916615
B101: 25-29 | C101: 2063687 | D101: 1446708.3 | E101: =D101/SUM(C101:D101) -> 0.41212119 | I101: 25-29 | J101: 2801320.1 | K101: 2457948 | L101: =K101/SUM(J101:K101) -> 0.46735552
B102: 30-34 | C102: 2680785.6 | D102: 822220.5 | E102: =D102/SUM(C102:D102) -> 0.23471855 | I102: 30-34 | J102: 3711479.9 | K102: 1396410.3 | L102: =K102/SUM(J102:K102) -> 0.27338299
B103: 35-39 | C103: 2897533.6 | D103: 522626.3 | E103: =D103/SUM(C103:D103) -> 0.15280756 | I103: 35-39 | J103: 3792523.7 | K103: 790506 | L103: =K103/SUM(J103:K103) -> 0.17248546
B104: 40-44 | C104: 2550721.9 | D104: 348257.3 | E104: =D104/SUM(C104:D104) -> 0.12013101 | I104: 40-44 | J104: 3665596.8 | K104: 588257.1 | L104: =K104/SUM(J104:K104) -> 0.13828804
B105: 45-49 | C105: 1933905.9 | D105: 246970.8 | E105: =D105/SUM(C105:D105) -> 0.11324382 | I105: 45-49 | J105: 3242661 | K105: 468838.7 | L105: =K105/SUM(J105:K105) -> 0.12632055
C106: =SUM(C99:C105) -> 13661161 | D106: =SUM(D99:D105) -> 7664872.4 | E106: =D106/SUM(C106:D106) -> 0.35941388 | J106: =SUM(J99:J105) -> 18910644 | K106: =SUM(K99:K105) -> 10678172 | L106: =K106/SUM(J106:K106) -> 0.3608854
B107: 35-49 | C107: =SUM(C103:C105) -> 7382161.4 | D107: =SUM(D103:D105) -> 1117854.4 | E107: =D107/SUM(C107:D107) -> 0.13151204 | I107: 35-49 | J107: =SUM(J103:J105) -> 10700782 | K107: =SUM(K103:K105) -> 1847601.8 | L107: =K107/SUM(J107:K107) -> 0.14723823
A111: Ocupadas
A113: idade_categ | B113: total | C113: 2000 semfilho | D113: 2000 % semfilho | E113: 2010 comfilho | F113: 2010 semfilho | G113: 2010 % semfilho
A114: 35-39 | B114: 2897533.6 | C114: 522626.3 | D114: =C114/B114 -> 0.18036937 | E114: 3792523.7 | F114: 790506 | G114: =F114/E114 -> 0.20843799
A115: 40-44 | B115: 2550721.9 | C115: 348257.3 | D115: =C115/B115 -> 0.13653284 | E115: 3665596.8 | F115: 588257.1 | G115: =F115/E115 -> 0.16048058
A116: 45-49 | B116: 1933905.9 | C116: 246970.8 | D116: =C116/B116 -> 0.1277057 | E116: 3242661 | F116: 468838.7 | G116: =F116/E116 -> 0.14458456
A117: 40-49 | B117: =SUM(C104:D105) -> 5079855.9 | C117: =SUM(D104:D105) -> 595228.1 | D117: =C117/B117 -> 0.11717421 | E117: =SUM(J104:K105) -> 7965353.6 | F117: =SUM(K104:K105) -> 1057095.8 | G117: =F117/E117 -> 0.13271172
A119: (% = semfilho / (comfilho + semfilho))
A123: Funcionárias públicas
A125: idade_categ | B125: total | C125: 2000 total mulheres | D125: 20 | E125: 2010 semfilho (Freq) | F125: 2010 total mulheres | G125: 20.1
A126: 35-39 | B126: =SUM(D8:D10) -> 905830.19 | C126: 342431 | D126: =B126/C126 -> 2.6452926 | E126: 79087.21 | F126: 371044 | G126: =E126/F126 -> 0.21314779
A127: 40-44 | B127: 47759 | C127: 313927 | D127: =B127/C127 -> 0.15213409 | E127: 69620.96 | F127: 400119 | G127: =E127/F127 -> 0.17400063
...

Sheet idade_media_primeiro_filho
A1: idade media ao primeiro filho
A2: > | B2: data.frame(svytable(~idade_categ | C2: , | D2: design | E2: = | F2: mulheres_1filho_aux)) | J2: > | K2: data.frame(svytable(~idade_categ | L2: , | M2: design | N2: = | O2: mulheres_1filho_aux))
B3: idade_categ | C3: Freq | D3: total mulheres | E3: TEF | F3: ponto_medio | K3: idade_categ | L3: Freq | M3: total mulheres | N3: TEF | O3: ponto_medio
A4: 1 | B4: 15-19 | C4: 3898.118 | D4: 45962.714 | E4: =C4/D4 -> 0.08481044 | F4: 17.5 | G4: =F4*E4 -> 1.4841827 | J4: 1 | K4: 15-19 | L4: 972.507 | M4: 12730.08 | N4: =L4/M4 -> 0.076394414 | O4: 17.5 | P4: =O4*N4 -> 1.3369022
A5: 2 | B5: 20-24 | C5: 37640.275 | D5: 168925.72 | E5: =C5/D5 -> 0.22282145 | F5: 22.5 | G5: =F5*E5 -> 5.0134827 | J5: 2 | K5: 20-24 | L5: 21823.172 | M5: 120566.8 | N5: =L5/M5 -> 0.18100482 | O5: 22.5 | P5: =O5*N5 -> 4.0726085
A6: 3 | B6: 25-29 | C6: 65793.539 | D6: 241724.43 | E6: =C6/D6 -> 0.27218406 | F6: 27.5 | G6: =F6*E6 -> 7.4850618 | J6: 3 | K6: 25-29 | L6: 74569.968 | M6: 274550.33 | N6: =L6/M6 -> 0.27160764 | O6: 27.5 | P6: =O6*N6 -> 7.4692102
A7: 4 | B7: 30-34 | C7: 76978.841 | D7: 307254.86 | E7: =C7/D7 -> 0.25053742 | F7: 32.5 | G7: =F7*E7 -> 8.1424662 | J7: 4 | K7: 30-34 | L7: 113349.43 | M7: 358228.68 | N7: =L7/M7 -> 0.31641639 | O7: 32.5 | P7: =O7*N7 -> 10.283533
A8: 5 | B8: 35-39 | C8: 66682.116 | D8: 342431.08 | E8: =C8/D8 -> 0.1947315 | F8: 37.5 | G8: =F8*E8 -> 7.3024312 | J8: 5 | K8: 35-39 | L8: 100246.98 | M8: 371043.8 | N8: =L8/M8 -> 0.2701756 | O8: 37.5 | P8: =O8*N8 -> 10.131585
A9: 6 | B9: 40-44 | C9: 49192.592 | D9: 313926.99 | E9: =C9/D9 -> 0.15670074 | F9: 42.5 | G9: =F9*E9 -> 6.6597815 | J9: 6 | K9: 40-44 | L9: 87833.318 | M9: 400119.16 | N9: =L9/M9 -> 0.2195179 | O9: 42.5 | P9: =O9*N9 -> 9.3295108
A10: 7 | B10: 45-49 | C10: 32058.06 | D10: 249472.13 | E10: =C10/D10 -> 0.12850357 | F10: 47.5 | G10: =F10*E10 -> 6.1039198 | J10: 7 | K10: 45-49 | L10: 75909.169 | M10: 405195.37 | N10: =L10/M10 -> 0.18733968 | O10: 47.5 | P10: =O10*N10 -> 8.8986346
G11: =SUM(G4:G10)/SUM(E4:E10) -> 32.200011 | P11: =SUM(P4:P10)/SUM(N4:N10) -> 33.841352
A13: Por áre a de atuacao
A15: > | B15: svytable(~idade_categ+sub_grupo_cnae | C15: , | D15: design | E15: = | F15: mulheres_1filho_aux) | J15: > | K15: svytable(~idade_categ+sub_grupo_cnae | L15: , | M15: design | N15: = | O15: mulheres_1filho_aux)
B16: sub_grupo_cnae | K16: sub_grupo_cnae
A17: idade_categ | C17: adm_e_gestao_publica | D17: educacao | E17: outras | F17: saude | J17: idade_categ | K17: adm_e_gestao_publica | L17: educacao | M17: outras | N17: saude
B18: 15-19 | C18: 1241.2717 | D18: 1604.0766 | E18: 856.5474 | F18: 196.2221 | K18: 15-19 | L18: 494.85517 | M18: 329.94025 | N18: 39.07973 | O18: 108.63188
B19: 20-24 | C19: 11027.547 | D19: 20425.599 | E19: 3436.6341 | F19: 2750.4953 | K19: 20-24 | L19: 9247.817 | M19: 8341.751 | N19: 651.61429 | O19: 3581.9895
B20: 25-29 | C20: 19037.078 | D20: 37850.188 | E20: 3587.7814 | F20: 5318.4913 | K20: 25-29 | L20: 28121.904 | M20: 32493.514 | N20: 2144.4463 | O20: 11810.104
B21: 30-34 | C21: 23146.302 | D21: 43284.284 | E21: 3535.1149 | F21: 7013.1401 | K21: 30-34 | L21: 40529.422 | M21: 53161.831 | N21: 3236.217 | O21: 16421.956
B22: 35-39 | C22: 21294.742 | D22: 34634.016 | E22: 3454.368 | F22: 7298.9896 | K22: 35-39 | L22: 36010.362 | M22: 48691.951 | N22: 2662.0835 | O22: 12882.586
B23: 40-44 | C23: 16579.628 | D23: 24339.334 | E23: 2584.2938 | F23: 5689.337 | K23: 40-44 | L23: 31949.806 | M23: 42759.672 | N23: 2405.269 | O23: 10718.571
B24: 45-49 | C24: 10331.06 | D24: 16592.802 | E24: 1688.9735 | F24: 3445.2239 | K24: 45-49 | L24: 29067.78 | M24: 35424.918 | N24: 2678.5346 | O24: 8737.9362
A26: > | B26: svytable(~idade_categ+sub_grupo_cnae,design | C26: = | D26: mulheres_func_pub_aux)#total | E26: de | F26: mulheres | G26: por | H26: grupo | I26: cnae | J26: > | K26: svytable(~idade_categ+sub_grupo_cnae,design | L26: = | M26: mulheres_func_pub_aux)#total | N26: de | O26: mulheres | P26: por | Q26: grupo | R26: cnae
B27: sub_grupo_cnae | K27: sub_grupo_cnae
A28: idade_categ | C28: adm_e_gestao_publica | D28: educacao | E28: outras | F28: saude | J28: idade_categ | K28: adm_e_gestao_publica | L28: educacao | M28: outras | N28: saude
B29: 15-19 | C29: 15503.61 | D29: 17333.87 | E29: 10099.36 | F29: 3025.88 | K29: 15-19 | L29: 6530.2336 | M29: 4072.5238 | N29: 873.0236 | O29: 1254.2995
B30: 20-24 | C30: 49903.19 | D30: 91467.21 | E30: 15652.61 | F30: 11902.72 | K30: 20-24 | L30: 52835.538 | M30: 43930.978 | N30: 5627.5604 | O30: 18172.722
B31: 25-29 | C31: 72723.56 | D31: 133881.38 | E31: 14921.33 | F31: 20198.17 | K31: 25-29 | L31: 109576.08 | M31: 109988.29 | N31: 11481.472 | O31: 43504.488
B32: 30-34 | C32: 92983.7 | D32: 168356.79 | E32: 17436.29 | F32: 28478.08 | K32: 30-34 | L32: 132276.64 | M32: 163435.79 | N32: 11581.098 | O32: 50935.161
B33: 35-39 | C33: 108539.86 | D33: 181423.15 | E33: 19238.31 | F33: 33229.75 | K33: 35-39 | L33: 132336.94 | M33: 179842.01 | N33: 11012.288 | O33: 47852.557
B34: 40-44 | C34: 97889.13 | D34: 164823.15 | E34: 18005.37 | F34: 33209.34 | K34: 40-44 | L34: 142696.5 | M34: 197418.91 | N34: 11615.487 | O34: 48388.262
B35: 45-49 | C35: 71493.05 | D35: 138796.67 | E35: 14100.14 | F35: 25082.28 | K35: 45-49 | L35: 146847.8 | M35: 197686.11 | N35: 12599.629 | O35: 48061.835
B37: ponto_medio | C37: adm_e_gestao_publica | D37: educacao | E37: outras | F37: saude | K37: ponto_medio | L37: adm_e_gestao_publica | M37: educacao | N37: outras | O37: saude
B38: 17.5 | C38: =C18/C29 -> 0.080063398 | D38: =D18/D29 -> 0.092540016 | E38: =E18/E29 -> 0.084812047 | F38: =F18/F29 -> 0.064847945 | K38: 17.5 | L38: =L18/L29 -> 0.075779092 | M38: =M18/M29 -> 0.081016163 | N38: =N18/N29 -> 0.044763658 | O38: =O18/O29 -> 0.086607608
B39: 22.5 | C39: =C19/C30 -> 0.2209788 | D39: =D19/D30 -> 0.22331061 | E39: =E19/E30 -> 0.21955662 | F39: =F19/F30 -> 0.23108124 | K39: 22.5 | L39: =L19/L30 -> 0.17503024 | M39: =M19/M30 -> 0.18988311 | N39: =N19/N30 -> 0.11578983 | O39: =O19/O30 -> 0.19710803
B40: 27.5 | C40: =C20/C31 -> 0.26177318 | D40: =D20/D31 -> 0.28271436 | E40: =E20/E31 -> 0.24044649 | F40: =F20/F31 -> 0.2633155 | K40: 27.5 | L40: =L20/L31 -> 0.25664273 | M40: =M20/M31 -> 0.29542702 | N40: =N20/N31 -> 0.18677451 | O40: =O20/O31 -> 0.27146862
B41: 32.5 | C41: =C21/C32 -> 0.24892859 | D41: =D21/D32 -> 0.25709853 | E41: =E21/E32 -> 0.20274467 | F41: =F21/F32 -> 0.2462645 | K41: 32.5 | L41: =L21/L32 -> 0.30639895 | M41: =M21/M32 -> 0.32527656 | N41: =N21/N32 -> 0.27943956 | O41: =O21/O32 -> 0.32240902
B42: 37.5 | C42: =C22/C33 -> 0.19619283 | D42: =D22/D33 -> 0.19090186 | E42: =E22/E33 -> 0.17955673 | F42: =F22/F33 -> 0.21965226 | K42: 37.5 | L42: =L22/L33 -> 0.27211118 | M42: =M22/M33 -> 0.27074847 | N42: =N22/N33 -> 0.24173755 | O42: =O22/O33 -> 0.26921417
B43: 42.5 | C43: =C23/C34 -> 0.16937149 | D43: =D23/D34 -> 0.14766939 | E43: =E23/E34 -> 0.14352906 | F43: =F23/F34 -> 0.17131738 | K43: 42.5 | L43: =L23/L34 -> 0.22390041 | M43: =M23/M34 -> 0.2165936 | N43: =N23/N34 -> 0.20707431 | O43: =O23/O34 -> 0.2215118
B44: 47.5 | C44: =C24/C35 -> 0.1445044 | D44: =D24/D35 -> 0.11954755 | E44: =E24/E35 -> 0.11978417 | F44: =F24/F35 -> 0.13735689 | K44: 47.5 | L44: =L24/L35 -> 0.19794495 | M44: =M24/M35 -> 0.17919781 | N44: =N24/N35 -> 0.21258837 | O44: =O24/O35 -> 0.18180613
B46: ponto_medio | C46: adm_e_gestao_publica | D46: educacao | E46: outras | F46: saude | K46: ponto_medio | L46: adm_e_gestao_publica | M46: educacao | N46: outras | O46: saude
B47: 17.5 | C47: =C38*$B38 -> 1.4011095 | D47: =D38*$B38 -> 1.6194503 | E47: =E38*$B38 -> 1.4842108 | F47: =F38*$B38 -> 1.134839 | K47: 17.5 | L47: =L38*$B47 -> 1.3261341 | M47: =M38*$B47 -> 1.4177828 | N47: =N38*$B47 -> 0.78336402 | O47: =O38*$B47 -> 1.5156331
B48: 22.5 | C48: =C39*$B39 -> 4.9720229 | D48: =D39*$B39 -> 5.0244888 | E48: =E39*$B39 -> 4.9400239 | F48: =F39*$B39 -> 5.1993279 | K48: 22.5 | L48: =L39*$B48 -> 3.9381804 | M48: =M39*$B48 -> 4.2723701 | N48: =N39*$B48 -> 2.6052713 | O48: =O39*$B48 -> 4.4349308
B49: 27.5 | C49: =C40*$B40 -> 7.1987625 | D49: =D40*$B40 -> 7.7746448 | E49: =E40*$B40 -> 6.6122784 | F49: =F40*$B40 -> 7.2411763 | K49: 27.5 | L49: =L40*$B49 -> 7.057675 | M49: =M40*$B49 -> 8.1242431 | N49: =N40*$B49 -> 5.1362989 | O49: =O40*$B49 -> 7.4653872
B50: 32.5 | C50: =C41*$B41 -> 8.0901793 | D50: =D41*$B41 -> 8.3557024 | E50: =E41*$B41 -> 6.5892018 | F50: =F41*$B41 -> 8.0035962 | K50: 32.5 | L50: =L41*$B50 -> 9.9579658 | M50: =M41*$B50 -> 10.571488 | N50: =N41*$B50 -> 9.0817857 | O50: =O41*$B50 -> 10.478293
B51: 37.5 | C51: =C42*$B42 -> 7.3572311 | D51: =D42*$B42 -> 7.1588197 | E51: =E42*$B42 -> 6.7333773 | F51: =F42*$B42 -> 8.2369597 | K51: 37.5 | L51: =L42*$B51 -> 10.204169 | M51: =M42*$B51 -> 10.153068 | N51: =N42*$B51 -> 9.065158 | O51: =O42*$B51 -> 10.095531
B52: 42.5 | C52: =C43*$B43 -> 7.1982884 | D52: =D43*$B43 -> 6.2759489 | E52: =E43*$B43 -> 6.099985 | F52: =F43*$B43 -> 7.2809885 | K52: 42.5 | L52: =L43*$B52 -> 9.5157675 | M52: =M43*$B52 -> 9.2052279 | N52: =N43*$B52 -> 8.800658 | O52: =O43*$B52 -> 9.4142513
B53: 47.5 | C53: =C44*$B44 -> 6.8639589 | D53: =D44*$B44 -> 5.6785087 | E53: =E44*$B44 -> 5.6897479 | F53: =F44*$B44 -> 6.5244521 | K53: 47.5 | L53: =L44*$B53 -> 9.4023852 | M53: =M44*$B53 -> 8.5118962 | N53: =N44*$B53 -> 10.097948 | O53: =O44*$B53 -> 8.6357911
C54: =SUM(C47:C53)/SUM(C38:C44) -> 32.592782 | D54: =SUM(D47:D53)/SUM(D38:D44) -> 31.883184 | E54: =SUM(E47:E53)/SUM(E38:E44) -> 32.046263 | F54: =SUM(F47:F53)/SUM(F38:F44) -> 32.703683 | L54: =SUM(L47:L53)/SUM(L38:L44) -> 34.090741 | M54: =SUM(M47:M53)/SUM(M38:M44) -> 33.537413 | N54: =SUM(N47:N53)/SUM(N38:N44) -> 35.376202 | O54: =SUM(O47:O53)/SUM(O38:O44) -> 33.571361
C58: TFT coorte | E58: idade media ao primeiro filho
C59: 2000 | D59: 2010 | E59: 2000 | F59: 2010
B60: adm_e_gestao_publica | C60: =parturição_area!P45 -> 2.1483064 | D60: =parturição_area!AF45 -> 1.8285165 | E60: =C54 -> 32.592782 | F60: =L54 -> 34.090741
B61: educacao | C61: =parturição_area!P55 -> 2.2052148 | D61: =parturição_area!AF55 -> 1.8588822 | E61: =D54 -> 31.883184 | F61: =M54 -> 33.537413
B62: saude | C62: =parturição_area!P75 -> 2.1897113 | D62: =parturição_area!AF75 -> 1.9273784 | E62: =F54 -> 32.703683 | F62: =O54 -> 33.571361
B63: outras | C63: =parturição_area!P65 -> 2.3856716 | D63: =parturição_area!AF65 -> 1.7510906 | E63: =E54 -> 32.046263 | F63: =N54 -> 35.376202
B64: total | C64: =parturição_area!P6 -> 2.1975468 | D64: =parturição_area!AF6 -> 1.8526501 | E64: =G11 -> 32.200011 | F64: =P11 -> 33.841352
A66: idade media ao primeiro filho - ocupadas
A68: > | B68: svytable(~idade_categ+flag_ocup, | C68: design | D68: = | E68: mulheres_tot_1filho_aux) | I68: > | J68: svytable(~idade_categ+flag_ocup, | K68: design | L68: = | M68: mulheres_tot_1filho_aux)
B69: flag_ocup | J69: flag_ocup
A70: idade_categ | C70: Desocupadas | D70: Ocupadas | I70: idade_categ | K70: Desocupadas | L70: Ocupadas
B71: 15-19 | C71: 823093.7 | D71: 213909.1 | J71: 15-19 | K71: 622807.9 | L71: 210332.6
B72: 20-24 | C72: 1307285.6 | D72: 810523.8 | J72: 20-24 | K72: 1147398.4 | L72: 1016922.2
B73: 25-29 | C73: 898785.4 | D73: 950413.6 | J73: 25-29 | K73: 959343.8 | L73: 1516732.3
B74: 30-34 | C74: 560489.4 | D74: 811363 | J74: 30-34 | K74: 655321.7 | L74: 1449193.9
B75: 35-39 | C75: 364607.3 | D75: 589924 | J75: 35-39 | K75: 444132.2 | L75: 1071511
B76: 40-44 | C76: 246231.6 | D76: 388882.8 | J76: 40-44 | K76: 344142.6 | L76: 806684.3
B77: 45-49 | C77: 200852 | D77: 246961.7 | J77: 45-49 | K77: 295327.2 | L77: 593213
A79: > | B79: svytable(~idade_categ+flag_ocup, | C79: design | D79: = | E79: mulheres_2000_aux) | I79: > | J79: svytable(~idade_categ+flag_ocup, | K79: design | L79: = | M79: mulheres_2010_aux)
B80: flag_ocup | J80: flag_ocup
A81: idade_categ | C81: Desocupadas | D81: Ocupadas | E81: TEF | F81: ponto_medio | I81: idade_categ | K81: Desocupadas | L81: Ocupadas | M81: TEF | N81: ponto_medio
B82: 15-19 | C82: 6726719 | D82: 2194576 | E82: =D71/D82 -> 0.097471721 | F82: 17.5 | G82: =F82*E82 -> 1.7057551 | J82: 15-19 | K82: 6274528 | L82: 2154652 | M82: =L71/L82 -> 0.097617898 | N82: 17.5 | O82: =N82*M82 -> 1.7083132
B83: 20-24 | C83: 4476435 | D83: 3618040 | E83: =D72/D83 -> 0.2240229 | F83: 22.5 | G83: =F83*E83 -> 5.0405152 | J83: 20-24 | K83: 4094577 | L83: 4518622 | M83: =L72/L83 -> 0.2250514 | N83: 22.5 | O83: =N83*M83 -> 5.0636565
B84: 25-29 | C84: 3522797 | D84: 3510395 | E84: =D73/D84 -> 0.27074264 | F84: 27.5 | G84: =F84*E84 -> 7.4454225 | J84: 25-29 | K84: 3384859 | L84: 5259268 | M84: =L73/L84 -> 0.28839228 | N84: 27.5 | O84: =N84*M84 -> 7.9307878
B85: 30-34 | C85: 3161511 | D85: 3503006 | E85: =D74/D85 -> 0.23161907 | F85: 32.5 | G85: =F85*E85 -> 7.5276198 | J85: 30-34 | K85: 2918645 | L85: 5107890 | M85: =L74/L85 -> 0.28371674 | N85: 32.5 | O85: =N85*M85 -> 9.2207941
B86: 35-39 | C86: 2884618 | D86: 3420160 | E86: =D75/D86 -> 0.17248433 | F86: 37.5 | G86: =F86*E86 -> 6.4681623 | J86: 35-39 | K86: 2537984 | L86: 4583030 | M86: =L75/L86 -> 0.23379969 | N86: 37.5 | O86: =N86*M86 -> 8.7674884
B87: 40-44 | C87: 2535130 | D87: 2898979 | E87: =D76/D87 -> 0.13414475 | F87: 42.5 | G87: =F87*E87 -> 5.7011517 | J87: 40-44 | K87: 2434671 | L87: 4253854 | M87: =L76/L87 -> 0.1896361 | N87: 42.5 | O87: =N87*M87 -> 8.0595344
B88: 45-49 | C88: 2329581 | D88: 2180877 | E88: =D77/D88 -> 0.11323963 | F88: 47.5 | G88: =F88*E88 -> 5.3788823 | J88: 45-49 | K88: 2430425 | L88: 3711500 | M88: =L77/L88 -> 0.15983107 | N88: 47.5 | O88: =N88*M88 -> 7.5919756
G89: =SUM(G82:G88)/SUM(E82:E88) -> 31.5725 | O89: =SUM(O82:O88)/SUM(M82:M88) -> 32.707085
D91: TFT Coorte | F91: Idade média ao primeiro filho
D92: 2000 | E92: 2010 | F92: 2000 | G92: 2010
C93: ocupadas | D93: =parturição_area!P19 -> 2.764044 | E93: =parturição_area!AF20 -> 2.3775993 | F93: =G89 -> 31.5725 | G93: =O89 -> 32.707085
C94: Funcionaias publicas | D94: =parturição_area!P6 -> 2.1975468 | E94: =parturição_area!AF6 -> 1.8526501 | F94: =G11 -> 32.200011 | G94: =P11 -> 33.841352

Sheet part_esco_pub
A1: > | B1: svytable(~filhos_ever_born+idade_categ+escolar_cat, | C1: design | D1: = | E1: mulheres_func_pub_aux) | Q1: > | R1: svytable(~filhos_ever_born+idade_categ+escolar_cat, | S1: design | T1: = | U1: mulheres_func_pub_aux)
A2: , | B2: , | C2: escolar_cat | D2: = | E2: 1.0-7anos | Q2: , | R2: , | S2: escolar_cat | T2: = | U2: 1.0-7anos
J3: =E2 -> 1.0-7anos | AA3: =U2 -> 1.0-7anos
B4: idade_categ | J4: filhos_ever_born | K4: Número de mulheres de 45-49 anos | L4: Mulheres de 45-49 anos com pelo menos N filhos | M4: Razão de Perturição | N4: categ | R4: idade_categ | AA4: filhos_ever_born | AB4: Número de mulheres de 45-49 anos | AC4: Mulheres de 45-49 anos com pelo menos N filhos | AD4: Razão de Perturição | AE4: categ
A5: filhos_ever_born | B5: 15-19 | C5: 20-24 | D5: 25-29 | E5: 30-34 | F5: 35-39 | G5: 40-44 | H5: 45-49 | J5: 0 | K5: =I6 -> 2571.5825 | L5: =SUM($K5:K$9) -> 47294.566 | M5: =L6/L5 -> 0.94562626 | N5: 0-1 | O5: =M5+M5*M6+M5*M6*M7+M5*M6*M7*M8 -> 3.0247864 | Q5: filhos_ever_born | R5: 15-19 | S5: 20-24 | T5: 25-29 | U5: 30-34 | V5: 35-39 | W5: 40-44 | X5: 45-49 | AA5: 0 | AB5: =Y6 -> 2297.282 | AC5: =SUM($AB5:AB$9) -> 34728.175 | AD5: =AC6/AC5 -> 0.93384962 | AE5: 0-1 | AF5: =AD5+AD5*AD6+AD5*AD6*AD7+AD5*AD6*AD7*AD8 -> 2.6041845
B6: 0 | C6: 5605.9471 | D6: 5029.2671 | E6: 3405.5628 | F6: 2542.7321 | G6: 2478.5588 | H6: 2372.2011 | I6: 2571.5825 | J6: 1 | K6: =I7 -> 3280.7516 | L6: =SUM($K6:K$9) -> 44722.984 | M6: =L7/L6 -> 0.92664283 | N6: 1-2 | R6: 0 | S6: 1562.366 | T6: 2951.584 | U6: 2692.159 | V6: 2279.407 | W6: 1879.989 | X6: 2193.938 | Y6: 2297.282 | AA6: 1 | AB6: =Y7 -> 4002.916 | AC6: =SUM($AB6:AB$9) -> 32430.893 | AD6: =AC7/AC6 -> 0.8765709 | AE6: 1-2
B7: 1 | C7: 1215.1567 | D7: 4877.3651 | E7: 4757.5007 | F7: 4258.617 | G7: 3808.1744 | H7: 3449.6623 | I7: 3280.7516 | J7: 2 | K7: =I8 -> 8300.4653 | L7: =SUM($K7:K$9) -> 41442.232 | M7: =L8/L7 -> 0.79970999 | N7: 2-3 | R7: 1 | S7: 240.2088 | T7: 1643.697 | U7: 2620.69 | V7: 3505.761 | W7: 3530.564 | X7: 4031.267 | Y7: 4002.916 | AA7: 2 | AB7: =Y8 -> 9592.753 | AC7: =SUM($AB7:AB$9) -> 28427.977 | AD7: =AC8/AC7 -> 0.66255942 | AE7: 2-3
B8: 2 | C8: 316.57806 | D8: 3462.1915 | E8: 7178.2618 | F8: 10613.798 | G8: 10582.814 | H8: 10378.416 | I8: 8300.4653 | J8: 3 | K8: =I9 -> 9392.7893 | L8: =SUM($K8:K$9) -> 33141.767 | M8: =L9/L8 -> 0.71658755 | N8: 4+ | R8: 2 | S8: 4.975826 | T8: 862.5932 | U8: 3363.123 | V8: 5707.105 | W8: 7397.404 | X8: 9931.193 | Y8: 9592.753 | AA8: 3 | AB8: =Y9 -> 8090.744 | AC8: =SUM($AB8:AB$9) -> 18835.224 | AD8: =AC9/AC8 -> 0.5704461 | AE8: 4+
B9: 3 | C9: 92.543794 | D9: 1548.9382 | E9: 5001.3 | F9: 8883.5219 | G9: 11676.286 | H9: 11194.144 | I9: 9392.7893 | J9: 4+ | K9: =I10 -> 23748.978 | L9: =SUM($K$9:K9) -> 23748.978 | M9: - | R9: 3 | S9: 3.64834 | T9: 338.862 | U9: 1546.509 | V9: 4026.65 | W9: 5669.859 | X9: 7651.417 | Y9: 8090.744 | AA9: 4+ | AB9: =Y10 -> 10744.48 | AC9: =SUM($AB$9:AB9) -> 10744.48 | AD9: -
B10: 4+ | C10: 32.969568 | D10: 724.24643 | E10: 3281.1159 | F10: 8886.0462 | G10: 15940.168 | H10: 21130.613 | I10: 23748.978 | R10: 4+ | S10: 0 | T10: 115.4068 | U10: 1030.754 | V10: 3019.117 | W10: 4741.518 | X10: 7477.498 | Y10: 10744.48
A12: , | B12: , | C12: escolar_cat | D12: = | E12: 2.8-11anos | Q12: , | R12: , | S12: escolar_cat | T12: = | U12: 2.8-11anos
J13: =E12 -> 2.8-11anos | AA13: =U12 -> 2.8-11anos
B14: idade_categ | J14: filhos_ever_born | K14: Número de mulheres de 45-49 anos | L14: Mulheres de 45-49 anos com pelo menos N filhos | M14: Razão de Perturição | N14: categ | R14: idade_categ | AA14: filhos_ever_born | AB14: Número de mulheres de 45-49 anos | AC14: Mulheres de 45-49 anos com pelo menos N filhos | AD14: Razão de Perturição | AE14: categ
A15: filhos_ever_born | B15: 15-19 | C15: 20-24 | D15: 25-29 | E15: 30-34 | F15: 35-39 | G15: 40-44 | H15: 45-49 | J15: 0 | K15: =I16 -> 12133.078 | L15: =SUM($K15:K$19) -> 92794.888 | M15: =L16/L15 -> 0.86924842 | N15: 0-1 | O15: =M15+M15*M16+M15*M16*M17+M15*M16*M17*M18 -> 2.256064 | Q15: filhos_ever_born | R15: 15-19 | S15: 20-24 | T15: 25-29 | U15: 30-34 | V15: 35-39 | W15: 40-44 | X15: 45-49 | AA15: 0 | AB15: =Y16 -> 13887.21 | AC15: =SUM($AB15:AB$19) -> 123059.89 | AD15: =AC16/AC15 -> 0.8871508 | AE15: 0-1 | AF15: =AD15+AD15*AD16+AD15*AD16*AD17+AD15*AD16*AD17*AD18 -> 2.0430319
B16: 0 | C16: 32768.982 | D16: 69148.564 | E16: 47093.117 | F16: 29298.889 | G16: 20381.413 | H16: 15469.534 | I16: 12133.078 | J16: 1 | K16: =I17 -> 11929.253 | L16: =SUM($K16:K$19) -> 80661.81 | M16: =L17/L16 -> 0.8521078 | N16: 1-2 | R16: 0 | S16: 9457.779 | T16: 53046.59 | U16: 45106.06 | V16: 25648.08 | W16: 17896.54 | X16: 14974.06 | Y16: 13887.21 | AA16: 1 | AB16: =Y17 -> 21102.96 | AC16: =SUM($AB16:AB$19) -> 109172.68 | AD16: =AC17/AC16 -> 0.80670109 | AE16: 1-2
B17: 1 | C17: 2585.553 | D17: 26619.555 | E17: 38038.589 | F17: 34554.103 | G17: 26700.223 | H17: 19111.04 | I17: 11929.253 | J17: 2 | K17: =I18 -> 26462.93 | L17: =SUM($K17:K$19) -> 68732.557 | M17: =L18/L17 -> 0.61498698 | N17: 2-3 | R17: 1 | S17: 637.0076 | T17: 14638.95 | U17: 34664.03 | V17: 37920.75 | W17: 27590.51 | X17: 23279.95 | Y17: 21102.96 | AA17: 2 | AB17: =Y18 -> 47475.13 | AC17: =SUM($AB17:AB$19) -> 88069.72 | AD17: =AC18/AC17 -> 0.46093697 | AE17: 2-3
B18: 2 | C18: 211.55211 | D18: 7838.5918 | E18: 26429.864 | F18: 47532.487 | G18: 54479.054 | H18: 42276.627 | I18: 26462.93 | J18: 3 | K18: =I19 -> 24582.414 | L18: =SUM($K18:K$19) -> 42269.627 | M18: =L19/L18 -> 0.41843788 | N18: 4+ | R18: 2 | S18: 84.64986 | T18: 3853.75 | U18: 18526.41 | V18: 36998.76 | W18: 44572.2 | X18: 47382.34 | Y18: 47475.13 | AA18: 3 | AB18: =Y19 -> 27016.3 | AC18: =SUM($AB18:AB$19) -> 40594.59 | AD18: =AC19/AC18 -> 0.33448521 | AE18: 4+
B19: 3 | C19: 38.861376 | D19: 1723.2544 | E19: 8536.2626 | F19: 20346.851 | G19: 29575.724 | H19: 31080.663 | I19: 24582.414 | J19: 4+ | K19: =I20 -> 17687.213 | L19: =SUM($K$19:K19) -> 17687.213 | M19: - | R19: 3 | S19: 10.04652 | T19: 621.6875 | U19: 5409.279 | V19: 13805.93 | W19: 20652.4 | X19: 23749.45 | Y19: 27016.3 | AA19: 4+ | AB19: =Y20 -> 13578.29 | AC19: =SUM($AB$19:AB19) -> 13578.29 | AD19: -
B20: 4+ | C20: 0 | D20: 409.74519 | E20: 2501.303 | F20: 6955.8454 | G20: 12868.326 | H20: 17887.167 | I20: 17687.213 | R20: 4+ | S20: 4.921647 | T20: 169.474 | U20: 1379.14 | V20: 4847.449 | W20: 7305.281 | X20: 11047.96 | Y20: 13578.29
A22: , | B22: , | C22: escolar_cat | D22: = | E22: 3.12+anos | Q22: , | R22: , | S22: escolar_cat | T22: = | U22: 3.12+anos
J23: =E22 -> 3.12+anos | AA23: =U22 -> 3.12+anos
B24: idade_categ | J24: filhos_ever_born | K24: Número de mulheres de 45-49 anos | L24: Mulheres de 45-49 anos com pelo menos N filhos | M24: Razão de Perturição | N24: categ | R24: idade_categ | AA24: filhos_ever_born | AB24: Número de mulheres de 45-49 anos | AC24: Mulheres de 45-49 anos com pelo menos N filhos | AD24: Razão de Perturição | AE24: categ
A25: filhos_ever_born | B25: 15-19 | C25: 20-24 | D25: 25-29 | E25: 30-34 | F25: 35-39 | G25: 40-44 | H25: 45-49 | J25: 0 | K25: =I26 -> 23255.905 | L25: =SUM($K25:K$31) -> 109382.67 | M25: =L26/L25 -> 0.7873895 | N25: 0-1 | O25: =M25+M25*M26+M25*M26*M27+M25*M26*M27*M28 -> 1.7902242 | Q25: filhos_ever_born | R25: 15-19 | S25: 20-24 | T25: 25-29 | U25: 30-34 | V25: 35-39 | W25: 40-44 | X25: 45-49 | AA25: 0 | AB25: =Y26 -> 47864.62 | AC25: =SUM($AB25:AB$29) -> 247407.31 | AD25: =AC26/AC25 -> 0.80653514 | AE25: 0-1 | AF25: =AD25+AD25*AD26+AD25*AD26*AD27+AD25*AD26*AD27*AD28 -> 1.6524629
B26: 0 | C26: 2970.344 | D26: 40310.661 | E26: 61568.381 | F26: 51736.014 | G26: 41060.506 | H26: 29917.245 | I26: 23255.905 | J26: 1 | K26: =I27 -> 16848.055 | L26: =SUM($K26:K$29) -> 86126.768 | M26: =L27/L26 -> 0.80438073 | N26: 1-2 | R26: 0 | S26: 604.4824 | T26: 35919.23 | U26: 107757.1 | V26: 93031.58 | W26: 59310.68 | X26: 52452.96 | Y26: 47864.62 | AA26: 1 | AB26: =Y27 -> 50803.3 | AC26: =SUM($AB26:AB$29) -> 199542.69 | AD26: =AC27/AC26 -> 0.74540135 | AE26: 1-2
B27: 1 | C27: 97.408028 | D27: 6143.3552 | E27: 22997.449 | F27: 38166.12 | G27: 36173.718 | H27: 26631.89 | I27: 16848.055 | J27: 2 | K27: =I28 -> 36682.985 | L27: =SUM($K27:K$29) -> 69278.713 | M27: =L28/L27 -> 0.47050135 | N27: 2-3 | R27: 1 | S27: 95.29073 | T27: 5540.523 | U27: 37285.25 | V27: 71922.92 | W27: 69125.91 | X27: 60522.1 | Y27: 50803.3 | AA27: 2 | AB27: =Y28 -> 98011.64 | AC27: =SUM($AB27:AB$29) -> 148739.39 | AD27: =AC28/AC27 -> 0.34105122 | AE27: 2-3
B28: 2 | C28: 19.698033 | D28: 906.1342 | E28: 9254.3508 | F28: 33455.565 | G28: 54590.22 | H28: 50243.109 | I28: 36682.985 | J28: 3 | K28: =I29 -> 24777.433 | L28: =SUM($K28:K$29) -> 32595.728 | M28: =L29/L28 -> 0.23985643 | N28: 4+ | R28: 2 | S28: 24.70386 | T28: 772.4629 | U28: 11074.87 | V28: 43129.79 | W28: 76011.63 | X28: 94673.16 | Y28: 98011.64 | AA28: 3 | AB28: =Y29 -> 40906.18 | AC28: =SUM($AB28:AB$29) -> 50727.75 | AD28: =AC29/AC28 -> 0.19361336 | AE28: 4+
B29: 3 | C29: 0 | D29: 173.13123 | E29: 1452.1347 | F29: 8840.1676 | G29: 18745.868 | H29: 26646.645 | I29: 24777.433 | J29: 4+ | K29: =I30 -> 7818.2948 | L29: =SUM($K$29:K29) -> 7818.2948 | M29: - | R29: 3 | S29: 0 | T29: 91.98076 | U29: 1908.007 | V29: 10568.5 | W29: 21298.71 | X29: 33473.41 | Y29: 40906.18 | AA29: 4+ | AB29: =Y30 -> 9821.57 | AC29: =SUM($AB$29:AB29) -> 9821.57 | AD29: -
B30: 4+ | C30: 7.120228 | D30: 10.72313 | E30: 229.24123 | F30: 1184.1032 | G30: 3370.0212 | H30: 6138.0312 | I30: 7818.2948 | R30: 4+ | S30: 0 | T30: 0 | U30: 186.97 | V30: 1816.898 | W30: 4060.59 | X30: 7278.461 | Y30: 9821.57
Y31: =SUM(S26:Y30) -> 1147345.5
J34: 2000 | M34: 2000
I35: 0-1 | J35: 0a7 | K35: 8a11 | L35: 12+ | M35: 0a7 | N35: 8a11 | O35: 12+ | T35: 2000 | U35: 2010
I36: 1-2 | J36: =M5 -> 0.94562626 | K36: =M15 -> 0.86924842 | L36: =M25 -> 0.7873895 | M36: =AD5 -> 0.93384962 | N36: =AD15 -> 0.8871508 | O36: =AD25 -> 0.80653514 | S36: =J3 -> 1.0-7anos | T36: =O5 -> 3.0247864 | U36: =AF5 -> 2.6041845
I37: 2-3 | J37: =M6 -> 0.92664283 | K37: =M16 -> 0.8521078 | L37: =M26 -> 0.80438073 | M37: =AD6 -> 0.8765709 | N37: =AD16 -> 0.80670109 | O37: =AD26 -> 0.74540135 | S37: =J13 -> 2.8-11anos | T37: =O15 -> 2.256064 | U37: =AF15 -> 2.0430319
I38: 4+ | J38: =M7 -> 0.79970999 | K38: =M17 -> 0.61498698 | L38: =M27 -> 0.47050135 | M38: =AD7 -> 0.66255942 | N38: =AD17 -> 0.46093697 | O38: =AD27 -> 0.34105122 | S38: =J23 -> 3.12+anos | T38: =O25 -> 1.7902242 | U38: =AF25 -> 1.6524629
J39: =M8 -> 0.71658755 | K39: =M18 -> 0.41843788 | L39: =M28 -> 0.23985643 | M39: =AD8 -> 0.5704461 | N39: =AD18 -> 0.33448521 | O39: =AD28 -> 0.19361336

Sheet Planilha6
B3: Regressions:
C4: Estimate | D4: 2000 | F4: 2010
C5: idade_media_coorte | D5: coef | E5: P(>|z|) | F5: corf | G5: P(>|z|)
C6: media_anos_std | D6: 0.75 | E6: 0 | F6: 0.708 | G6: 0
C7: prop_sem_filhos_100
C8: idade_medi_crt | D8: 0.186 | E8: 0.017 | F8: 0.145 | G8: 0.071
C9: media_anos_std | D9: -0.018 | E9: 0.884 | F9: 0.073 | G9: 0.51
C10: prop_mais_35 | D10: 0.704 | E10: 0 | F10: 0.582 | G10: 0
C11: prop_mix_raca | D11: 0.052 | E11: 0.537 | F11: -0.034 | G11: 0.735
C12: prop_saude | D12: 0.098 | E12: 0.117 | F12: 0.134 | G12: 0.074
C13: prop_educacao | D13: 0.081 | E13: 0.199 | F13: -0.013 | G13: 0.865
B14: Regressions:
D15: Estimate | E15: Std.Err | F15: z-value | G15: P(>|z|) | H15: Std.lv | I15: Std.all
C16: idade_media_coorte | D16: ~
C17: media_anos_std | D17: 1.19 | E17: 0.091 | F17: 13.12 | G17: 0 | H17: 1.19 | I17: 0.75
C18: prop_sem_filhos_100 | D18: ~
C19: idade_medi_crt | D19: 0.202 | E19: 0.085 | F19: 2.387 | G19: 0.017 | H19: 0.202 | I19: 0.186
C20: media_anos_std | D20: -0.031 | E20: 0.214 | F20: -0.146 | G20: 0.884 | H20: -0.031 | I20: -0.018
C21: prop_mais_35 | D21: 18.522 | E21: 2.301 | F21: 8.049 | G21: 0 | H21: 18.522 | I21: 0.704
C22: prop_mix_raca | D22: 0.513 | E22: 0.832 | F22: 0.617 | G22: 0.537 | H22: 0.513 | I22: 0.052
C23: prop_saude | D23: 6.714 | E23: 4.287 | F23: 1.566 | G23: 0.117 | H23: 6.714 | I23: 0.098
C24: prop_educacao | D24: 1.869 | E24: 1.456 | F24: 1.283 | G24: 0.199 | H24: 1.869 | I24: 0.081
B29: Regressions:
D30: Estimate | E30: Std.Err | F30: z-value | G30: P(>|z|) | H30: Std.lv | I30: Std.all
C31: idade_media_coorte | D31: ~
C32: media_anos_std | D32: 2.991 | E32: 0.256 | F32: 11.693 | G32: 0 | H32: 2.991 | I32: 0.708
C33: prop_sem_filhos_100 | D33: ~
C34: idade_medi_crt | D34: 0.168 | E34: 0.093 | F34: 1.805 | G34: 0.071 | H34: 0.168 | I34: 0.145
C35: media_anos_std | D35: 0.358 | E35: 0.544 | F35: 0.658 | G35: 0.51 | H35: 0.358 | I35: 0.073
C36: prop_mais_35 | D36: 24.188 | E36: 3.305 | F36: 7.319 | G36: 0 | H36: 24.188 | I36: 0.582
C37: prop_mix_raca | D37: -0.377 | E37: 1.115 | F37: -0.338 | G37: 0.735 | H37: -0.377 | I37: -0.034
C38: prop_saude | D38: 9.354 | E38: 5.235 | F38: 1.787 | G38: 0.074 | H38: 9.354 | I38: 0.134
C39: prop_educacao | D39: -0.377 | E39: 2.223 | F39: -0.17 | G39: 0.865 | H39: -0.377 | I39: -0.013
B43: > | C43: svytable(~filhos_ever_born+idade_categ+escolar_cat, | D43: design | E43: = | F43: mulheres_func_pub_aux)
B44: , | C44: , | D44: escolar_cat | E44: = | F44: 1.0-7anos
C46: idade_categ
B47: filhos_ever_born | C47: 15-19 | D47: 20-24 | E47: 25-29 | F47: 30-34 | G47: 35-39 | H47: 40-44 | I47: 45-49
C48: 0 | D48: 1562.366 | E48: 2951.584 | F48: 2692.159 | G48: 2279.407 | H48: 1879.989 | I48: 2193.938 | J48: 2297.282
C49: 1 | D49: 240.2088 | E49: 1643.697 | F49: 2620.69 | G49: 3505.761 | H49: 3530.564 | I49: 4031.267 | J49: 4002.916
C50: 2 | D50: 4.975826 | E50: 862.5932 | F50: 3363.123 | G50: 5707.105 | H50: 7397.404 | I50: 9931.193 | J50: 9592.753
C51: 3 | D51: 3.64834 | E51: 338.862 | F51: 1546.509 | G51: 4026.65 | H51: 5669.859 | I51: 7651.417 | J51: 8090.744
C52: 4+ | D52: 0 | E52: 115.4068 | F52: 1030.754 | G52: 3019.117 | H52: 4741.518 | I52: 7477.498 | J52: 10744.48
B54: , | C54: , | D54: escolar_cat | E54: = | F54: 2.8-11anos
C56: idade_categ
B57: filhos_ever_born | C57: 15-19 | D57: 20-24 | E57: 25-29 | F57: 30-34 | G57: 35-39 | H57: 40-44 | I57: 45-49
C58: 0 | D58: 9457.779 | E58: 53046.59 | F58: 45106.06 | G58: 25648.08 | H58: 17896.54 | I58: 14974.06 | J58: 13887.21
C59: 1 | D59: 637.0076 | E59: 14638.95 | F59: 34664.03 | G59: 37920.75 | H59: 27590.51 | I59: 23279.95 | J59: 21102.96
C60: 2 | D60: 84.64986 | E60: 3853.75 | F60: 18526.41 | G60: 36998.76 | H60: 44572.2 | I60: 47382.34 | J60: 47475.13
C61: 3 | D61: 10.04652 | E61: 621.6875 | F61: 5409.279 | G61: 13805.93 | H61: 20652.4 | I61: 23749.45 | J61: 27016.3
C62: 4+ | D62: 4.921647 | E62: 169.474 | F62: 1379.14 | G62: 4847.449 | H62: 7305.281 | I62: 11047.96 | J62: 13578.29
B64: , | C64: , | D64: escolar_cat | E64: = | F64: 3.12+anos
C66: idade_categ
B67: filhos_ever_born | C67: 15-19 | D67: 20-24 | E67: 25-29 | F67: 30-34 | G67: 35-39 | H67: 40-44 | I67: 45-49
C68: 0 | D68: 604.4824 | E68: 35919.23 | F68: 107757.1 | G68: 93031.58 | H68: 59310.68 | I68: 52452.96 | J68: 47864.62
C69: 1 | D69: 95.29073 | E69: 5540.523 | F69: 37285.25 | G69: 71922.92 | H69: 69125.91 | I69: 60522.1 | J69: 50803.3
C70: 2 | D70: 24.70386 | E70: 772.4629 | F70: 11074.87 | G70: 43129.79 | H70: 76011.63 | I70: 94673.16 | J70: 98011.64
C71: 3 | D71: 0 | E71: 91.98076 | F71: 1908.007 | G71: 10568.5 | H71: 21298.71 | I71: 33473.41 | J71: 40906.18
C72: 4+ | D72: 0 | E72: 0 | F72: 186.97 | G72: 1816.898 | H72: 4060.59 | I72: 7278.461 | J72: 9821.57

Sheet descritiva_func_pub
B1: 2000
B2: V1006 | C2: Freq | G2: V1006_num | H2: Freq | L2: porcentagens | N2: valores absolutos
A3: 1 | B3: Urbana | C3: 1522407.3 | D3: =C3/SUM($C$3:$C$4) -> 0.91178608 | F3: 1 | G3: Urbana | H3: 1800750.6 | I3: =H3/SUM($H$3:$H$4) -> 0.92705869 | K3: Situação do domicílio | L3: 2000 | M3: 2010 | N3: 2000 | O3: 2010
A4: 2 | B4: Rural | C4: 147290.6 | D4: =C4/SUM($C$3:$C$4) -> 0.088213922 | F4: 2 | G4: Rural | H4: 141683.7 | I4: =H4/SUM($H$3:$H$4) -> 0.072941309 | K4: =B3 -> Urbana | L4: =D3 -> 0.91178608 | M4: =I3 -> 0.92705869 | N4: =C3 -> 1522407.3 | O4: =H3 -> 1800750.6
K5: =B4 -> Rural | L5: =D4 -> 0.088213922 | M5: =I4 -> 0.072941309 | N5: =C4 -> 147290.6 | O5: =H4 -> 141683.7
B6: V0408 | C6: Freq | G6: V0606_num | H6: Freq
A7: 1 | B7: Branca | C7: 1035683.7 | D7: =C7/SUM($C$7:$C$11) -> 0.6234731 | F7: 1 | G7: Branca | H7: 1082723.8 | I7: =H7/SUM($H$3:$H$4) -> 0.5574056 | K7: Etnia | L7: 2000 | M7: 2010 | N7: 2000 | O7: 2010
A8: 2 | B8: Preta | C8: 77406.725 | D8: =C8/SUM($C$7:$C$11) -> 0.046598213 | F8: 2 | G8: Preta | H8: 121677.07 | I8: =H8/SUM($H$3:$H$4) -> 0.062641536 | K8: =G7 -> Branca | L8: =D7 -> 0.6234731 | M8: =I7 -> 0.5574056 | N8: =C7 -> 1035683.7 | O8: =H7 -> 1082723.8
A9: 3 | B9: Amarela | C9: 8056.435 | D9: =C9/SUM($C$7:$C$11) -> 0.0048499078 | F9: 3 | G9: Amarela | H9: 22824.858 | I9: =H9/SUM($H$3:$H$4) -> 0.011750646 | K9: Preta/Parda | L9: =D8+D10 -> 0.36911511 | M9: =I8+I10 -> 0.42845938 | N9: =C8+C10 -> 613156.38 | O9: =H8+H10 -> 832254.2
A10: 4 | B10: Parda | C10: 535749.65 | D10: =C10/SUM($C$7:$C$11) -> 0.32251689 | F10: 4 | G10: Parda | H10: 710577.13 | I10: =H10/SUM($H$3:$H$4) -> 0.36581784 | K10: Outras | L10: =D9+D11 -> 0.0074117916 | M10: =I9+I11+I12 -> 0.01413498 | N10: =C9+C11 -> 12312.114 | O10: =H9+H11 -> 27456.27 | Q10: não adicionei o ignorado
A11: 5 | B11: Indígena | C11: 4255.679 | D11: =C11/SUM($C$7:$C$11) -> 0.0025618838 | F11: 5 | G11: Indígena | H11: 4631.412 | I11: =H11/SUM($H$3:$H$4) -> 0.0023843339
A12: 6 | B12: Ignorado | C12: 8545.71 | D12: =C12/SUM(C7:C12) -> 0.0051181174 | G12: Ignorado | H12: 0 | I12: =H12/SUM($H$3:$H$4) -> 0 | K12: Região | L12: 2000 | M12: 2010 | N12: 2000 | O12: 2010
K13: =B15 -> Norte | L13: =D15 -> 0.093141819 | M13: =I15 -> 0.10614974 | N13: =C15 -> 155518.7 | O13: =H15 -> 206188.9
B14: V1001 | C14: Freq | G14: V1001 | H14: Freq | K14: =B16 -> Nordeste | L14: =D16 -> 0.25304338 | M14: =I16 -> 0.2385415 | N14: =C16 -> 422506 | O14: =H16 -> 463351.2
A15: 1 | B15: Norte | C15: 155518.7 | D15: =C15/SUM($C$3:$C$4) -> 0.093141819 | F15: 1 | G15: Norte | H15: 206188.9 | I15: =H15/SUM($H$3:$H$4) -> 0.10614974 | K15: =B17 -> Sudeste | L15: =D17 -> 0.41177233 | M15: =I17 -> 0.3777371 | N15: =C17 -> 687535.4 | O15: =H17 -> 733729.5
A16: 2 | B16: Nordeste | C16: 422506 | D16: =C16/SUM($C$3:$C$4) -> 0.25304338 | F16: 2 | G16: Nordeste | H16: 463351.2 | I16: =H16/SUM($H$3:$H$4) -> 0.2385415 | K16: =B18 -> Sul | L16: =D18 -> 0.13419625 | M16: =I18 -> 0.14932268 | N16: =C18 -> 224067.2 | O16: =H18 -> 290049.5
A17: 3 | B17: Sudeste | C17: 687535.4 | D17: =C17/SUM($C$3:$C$4) -> 0.41177233 | F17: 3 | G17: Sudeste | H17: 733729.5 | I17: =H17/SUM($H$3:$H$4) -> 0.3777371 | K17: =B19 -> Centro-Oeste | L17: =D19 -> 0.10784628 | M17: =I19 -> 0.12824897 | N17: =C19 -> 180070.7 | O17: =H19 -> 249115.2
A18: 4 | B18: Sul | C18: 224067.2 | D18: =C18/SUM($C$3:$C$4) -> 0.13419625 | F18: 4 | G18: Sul | H18: 290049.5 | I18: =H18/SUM($H$3:$H$4) -> 0.14932268 | K18: Total | L18: 1 | M18: 1 | N18: =SUM(N13:N17) -> 1669698 | O18: =SUM(O13:O17) -> 1942434.3
A19: 5 | B19: Centro-Oeste | C19: 180070.7 | D19: =C19/SUM($C$3:$C$4) -> 0.10784628 | F19: 5 | G19: Centro-Oeste | H19: 249115.2 | I19: =H19/SUM($H$3:$H$4) -> 0.12824897
B24: renda_cat | C24: Freq | G24: renda_cat | H24: Freq | L24: porcentagens | N24: valores absolutos
A25: 1 | B25: Até 1 | C25: 236518 | D25: =C25/SUM($C$25:$C$29) -> 0.14165316 | F25: 1 | G25: <=1 | H25: 337447.6 | I25: =H25/SUM($H$25:$H$29) -> 0.17372407 | K25: Renda em salários mínimos | L25: 2000 | M25: 2010 | N25: 2000 | O25: 2010
A26: 2 | B26: Até 2 | C26: 359161 | D26: =C26/SUM($C$25:$C$29) -> 0.21510537 | F26: 2 | G26: <=2 | H26: 523376.5 | I26: =H26/SUM($H$25:$H$29) -> 0.2694436 | K26: =B25 -> Até 1 | L26: =D25 -> 0.14165316 | M26: =I25 -> 0.17372407 | N26: =C25 -> 236518 | O26: =H25 -> 337447.6
A27: 3 | B27: Até 4 | C27: 434388.5 | D27: =C27/SUM($C$25:$C$29) -> 0.26015992 | F27: 3 | G27: <=4 | H27: 532591.9 | I27: =H27/SUM($H$25:$H$29) -> 0.27418786 | K27: =B26 -> Até 2 | L27: =D26 -> 0.21510537 | M27: =I26 -> 0.2694436 | N27: =C26 -> 359161 | O27: =H26 -> 523376.5
A28: 4 | B28: Até 7 | C28: 304942.2 | D28: =C28/SUM($C$25:$C$29) -> 0.18263315 | F28: 4 | G28: <=7 | H28: 300253.4 | I28: =H28/SUM($H$25:$H$29) -> 0.15457583 | K28: =B27 -> Até 4 | L28: =D27 -> 0.26015992 | M28: =I27 -> 0.27418786 | N28: =C27 -> 434388.5 | O28: =H27 -> 532591.9
A29: 5 | B29: 8 ou mais | C29: 334688.3 | D29: =C29/SUM($C$25:$C$29) -> 0.2004484 | F29: 5 | G29: 8+ | H29: 248764.9 | I29: =H29/SUM($H$25:$H$29) -> 0.12806863 | K29: =B28 -> Até 7 | L29: =D28 -> 0.18263315 | M29: =I28 -> 0.15457583 | N29: =C28 -> 304942.2 | O29: =H28 -> 300253.4
K30: =B29 -> 8 ou mais | L30: =D29 -> 0.2004484 | M30: =I29 -> 0.12806863 | N30: =C29 -> 334688.3 | O30: =H29 -> 248764.9
K31: Total | L31: 1 | M31: 1
K32: Escolaridade | L32: 2000 | M32: 2010 | N32: 2000 | O32: 2010
B33: escolar_cat | C33: Freq | G33: escolar_cat | H33: Freq | K33: =G34 -> 0 a 7 anos | L33: =D34 -> 0.13296973 | M33: =I34 -> 0.065251837 | N33: =C34 -> 222019.3 | O33: =H34 -> 126747.4
A34: 1 | B34: 1.0-7anos | C34: 222019.3 | D34: =C34/SUM($C$25:$C$29) -> 0.13296973 | F34: 1 | G34: 0 a 7 anos | H34: 126747.4 | I34: =H34/SUM($H$34:$H$36) -> 0.065251837 | K34: =G35 -> 8 a 11 anos | L34: =D35 -> 0.45832037 | M34: =I35 -> 0.3440741 | N34: =C35 -> 765256.6 | O34: =H35 -> 668341.3
A35: 2 | B35: 2.8-11anos | C35: 765256.6 | D35: =C35/SUM($C$25:$C$29) -> 0.45832037 | F35: 2 | G35: 8 a 11 anos | H35: 668341.3 | I35: =H35/SUM($H$34:$H$36) -> 0.3440741 | K35: =G36 -> 12 anos ou mais | L35: =D36 -> 0.40870984 | M35: =I36 -> 0.59067406 | N35: =C36 -> 682422 | O35: =H36 -> 1147345.5
A36: 3 | B36: 3.12+anos | C36: 682422 | D36: =C36/SUM($C$25:$C$29) -> 0.40870984 | F36: 3 | G36: 12 anos ou mais | H36: 1147345.5 | I36: =H36/SUM($H$34:$H$36) -> 0.59067406 | K36: Total | L36: 1 | M36: 1 | N36: =SUM(N33:N35) -> 1669697.9 | O36: =SUM(O33:O35) -> 1942434.2
A39: por area
A41: > | B41: data.frame(svytable(~sub_grupo_cnae,design | C41: = | D41: mulheres_func_pub_aux)) | H41: ag) | M41: > | N41: data.frame(svytable(~escolar_cat | O41: , | P41: design | Q41: = | R41: mulheres_func_pub_aux))## | S41: estudo
B42: sub_grupo_cnae | C42: Freq | I42: sub_grupo_cnae | J42: Freq | N42: escolar_cat | O42: Freq
A43: 1 | B43: adm_e_gestao_publica | C43: 509036.1 | D43: =C43/$C$47 -> 0.30486719 | H43: 1 | I43: adm_e_gestao_publica | J43: 723099.73 | K43: =J43/$J$47 -> 0.37226472 | M43: 1 | N43: 1.0-7anos | O43: 126747.4 | P43: =O43/SUM($O$43:$O$45) -> 0.065251837
A44: 2 | B44: educacao | C44: 896082.2 | D44: =C44/$C$47 -> 0.53667325 | H44: 2 | I44: educacao | J44: 896374.61 | K44: =J44/$J$47 -> 0.46146974 | M44: 2 | N44: 2.8-11anos | O44: 668341.3 | P44: =O44/SUM($O$43:$O$45) -> 0.3440741
A45: 3 | B45: outras | C45: 109453.4 | D45: =C45/$C$47 -> 0.065552816 | H45: 3 | I45: outras | J45: 64790.56 | K45: =J45/$J$47 -> 0.033355343 | M45: 3 | N45: 3.12+anos | O45: 1147345.5 | P45: =O45/SUM($O$43:$O$45) -> 0.59067406
A46: 4 | B46: saude | C46: 155126.2 | D46: =C46/$C$47 -> 0.092906747 | H46: 4 | I46: saude | J46: 258169.33 | K46: =J46/$J$47 -> 0.1329102
B47: total | C47: =SUM(C43:C46) -> 1669697.9 | D47: =C47/$C$47 -> 1 | I47: total | J47: =SUM(J43:J46) -> 1942434.2 | K47: =J47/$J$47 -> 1 | S47: mulheres_func_pub_aux))## | T47: estudo
B52: > | C52: table(mulheres_func_pub$V4752)
C54: 15 | D54: 16 | E54: 17 | F54: 18 | G54: 19 | H54: 20 | I54: 21 | J54: 22 | K54: 23 | L54: 24 | M54: 25 | N54: 26 | O54: 27 | P54: 28 | Q54: 29 | R54: 30 | S54: 31 | T54: 32 | U54: 33 | V54: 34 | W54: 35 | X54: 36
C55: 262 | D55: 540 | E55: 901 | F55: 1600 | G55: 2395 | H55: 3372 | I55: 3893 | J55: 4387 | K55: 4711 | L55: 5144 | M55: 5450 | N55: 5651 | O55: 5908 | P55: 6224 | Q55: 6369 | R55: 7009 | S55: 7023 | T55: 7367 | U55: 7688 | V55: 7906 | W55: 8251 | X55: 8397
C56: 37 | D56: 38 | E56: 39 | F56: 40 | G56: 41 | H56: 42 | I56: 43 | J56: 44 | K56: 45 | L56: 46 | M56: 47 | N56: 48 | O56: 49
B57: 8344 | C57: 8006 | D57: 7835 | E57: 7946 | F57: 7301 | G57: 7516 | H57: 7129 | I57: 6811 | J57: 6681 | K57: 6239 | L57: 5735 | M57: 5309 | N57: 4793

Sheet TFT_ocupadas
A2: Todas as mulheres
B3: 2000 | M3: 2010
B4: flag_nasc_12m | M4: V6664
B5: idade_categ | C5: 0 | D5: 1 | E5: mulheres | F5: TEF | G5: TEF ajustada | H5: ponto_medio | M5: idade_categ | N5: Não | O5: Sim | Q5: TEF | R5: TEF ajustada | S5: ponto_medio
B6: 15-19 | C6: 683106.26 | D6: 634306.26 | E6: 8921295 | F6: =D6/E6 -> 0.071100245 | G6: =D6/E6*1.11 -> 0.078921272 | H6: 17.5 | I6: =H6*F6 -> 1.2442543 | M6: 15-19 | N6: 8009889.9 | O6: 419290.07 | P6: =SUM(N6:O6) -> 8429179.9 | Q6: =O6/SUM(N6:O6) -> 0.049742688 | R6: =Q6*1.17 -> 0.058198945 | S6: 17.5 | T6: =S6*Q6 -> 0.87049704
B7: 20-24 | C7: 2823234.9 | D7: 1005481.7 | E7: 8094476 | F7: =D7/E7 -> 0.12421825 | G7: =D7/E7*1.11 -> 0.13788226 | H7: 22.5 | I7: =H7*F7 -> 2.7949106 | M7: 20-24 | N7: 7883243.3 | O7: 729955.22 | P7: =SUM(N7:O7) -> 8613198.5 | Q7: =O7/SUM(N7:O7) -> 0.084748449 | R7: =Q7*1.17 -> 0.099155686 | S7: 22.5 | T7: =S7*Q7 -> 1.9068401
B8: 25-29 | C8: 4117581.8 | D8: 752772.52 | E8: 7033192 | F8: =D8/E8 -> 0.10703142 | G8: =D8/E8*1.11 -> 0.11880488 | H8: 27.5 | I8: =H8*F8 -> 2.943364 | M8: 25-29 | N8: 7972184.1 | O8: 671943.28 | P8: =SUM(N8:O8) -> 8644127.4 | Q8: =O8/SUM(N8:O8) -> 0.077734079 | R8: =Q8*1.17 -> 0.090948872 | S8: 27.5 | T8: =S8*Q8 -> 2.1376872
B9: 30-34 | C9: 4980226.9 | D9: 476336.09 | E9: 6664517 | F9: =D9/E9 -> 0.07147346 | G9: =D9/E9*1.11 -> 0.079335541 | H9: 32.5 | I9: =H9*F9 -> 2.3228875 | M9: 30-34 | N9: 7547042.5 | O9: 479492.96 | P9: =SUM(N9:O9) -> 8026535.4 | Q9: =O9/SUM(N9:O9) -> 0.059738472 | R9: =Q9*1.17 -> 0.069894012 | S9: 32.5 | T9: =S9*Q9 -> 1.9415003
B10: 35-39 | C10: 5260436.7 | D10: 248741.15 | E10: 6304778 | F10: =D10/E10 -> 0.039452801 | G10: =D10/E10*1.11 -> 0.043792609 | H10: 37.5 | I10: =H10*F10 -> 1.47948 | M10: 35-39 | N10: 6878283.8 | O10: 242730.04 | P10: =SUM(N10:O10) -> 7121013.9 | Q10: =O10/SUM(N10:O10) -> 0.034086444 | R10: =Q10*1.17 -> 0.039881139 | S10: 37.5 | T10: =S10*Q10 -> 1.2782416
B11: 40-44 | C11: 4795474.7 | D11: 75172.04 | E11: 5434109 | F11: =D11/E11 -> 0.01383337 | G11: =D11/E11*1.11 -> 0.015355041 | H11: 42.5 | I11: =H11*F11 -> 0.58791822 | M11: 40-44 | N11: 6614120.3 | O11: 74405.01 | P11: =SUM(N11:O11) -> 6688525.3 | Q11: =O11/SUM(N11:O11) -> 0.011124277 | R11: =Q11*1.17 -> 0.013015404 | S11: 42.5 | T11: =S11*Q11 -> 0.47278178
B12: 45-49 | C12: 4055477.4 | D12: 12060.75 | E12: 4510458 | F12: =D12/E12 -> 0.0026739524 | G12: =D12/E12*1.11 -> 0.0029680872 | H12: 47.5 | I12: =H12*F12 -> 0.12701274 | M12: 45-49 | N12: 6128881.6 | O12: 13043.2 | P12: =SUM(N12:O12) -> 6141924.8 | Q12: =O12/SUM(N12:O12) -> 0.0021236339 | R12: =Q12*1.17 -> 0.0024846517 | S12: 47.5 | T12: =S12*Q12 -> 0.10087261
E13: =SUM(E6:E12) -> 46962825 | F13: =SUM(F6:F12)*5 -> 2.1489175 | G13: =SUM(G6:G12)*5 -> 2.3852984 | I13: =SUM(I6:I12)/SUM(F6:F12) -> 26.757257 | N13: =SUM(N6:N12) -> 51033646 | O13: =SUM(O6:O12) -> 2630859.8 | P13: =SUM(P6:P12) -> 53664505 | Q13: =SUM(Q6:Q12)*5 -> 1.5964902 | R13: =Q13*1.17 -> 1.8678936 | T13: =SUM(T6:T12)/SUM(Q6:Q12) -> 27.273643
G14: =F13*1.1 -> 2.3638092
A15: Mulheres ocupadas
B17: 2000 | M17: 2010
B18: flag_nasc_12m | M18: flag_nasc_12m
B19: idade_categ | C19: 0 | D19: 1 | E19: mulheres | F19: TEF | G19: TEF ajustada | H19: ponto_medio | M19: idade_categ | N19: 0 | O19: 1 | P19: mulheres | Q19: TEF | R19: TEF ajustada | S19: ponto_medio
B20: 15-19 | C20: 165676.08 | D20: 96136.778 | E20: 2194576 | F20: =D20/E20 -> 0.043806538 | G20: =D20/E20*1.11 -> 0.048625258 | H20: 17.5 | I20: =H20*F20 -> 0.76661442 | M20: 15-19 | N20: 2077156.3 | O20: 77495.96 | P20: =SUM(N20:O20) -> 2154652.3 | Q20: =O20/P20 -> 0.035966805 | R20: =O20/P20*1.11 -> 0.039923154 | S20: 17.5 | T20: =S20*Q20 -> 0.62941909
B21: 20-24 | C21: 1018593.9 | D21: 247329.29 | E21: 3618040.3 | F21: =D21/E21 -> 0.068360016 | G21: =D21/E21*1.11 -> 0.075879617 | H21: 22.5 | I21: =H21*F21 -> 1.5381004 | M21: 20-24 | N21: 4282520.9 | O21: 236101.39 | P21: =SUM(N21:O21) -> 4518622.3 | Q21: =O21/P21 -> 0.052250747 | R21: =O21/P21*1.11 -> 0.057998329 | S21: 22.5 | T21: =S21*Q21 -> 1.1756418
B22: 25-29 | C22: 1791006.2 | D22: 246961.47 | E22: 3510395.3 | F22: =D22/E22 -> 0.07035147 | G22: =D22/E22*1.11 -> 0.078090131 | H22: 27.5 | I22: =H22*F22 -> 1.9346654 | M22: 25-29 | N22: 4968427.5 | O22: 290840.52 | P22: =SUM(N22:O22) -> 5259268 | Q22: =O22/P22 -> 0.05530057 | R22: =O22/P22*1.11 -> 0.061383632 | S22: 27.5 | T22: =S22*Q22 -> 1.5207657
B23: 30-34 | C23: 2440687.7 | D23: 186843.94 | E23: 3503006.1 | F23: =D23/E23 -> 0.053338172 | G23: =D23/E23*1.11 -> 0.059205371 | H23: 32.5 | I23: =H23*F23 -> 1.7334906 | M23: 30-34 | N23: 4855606.2 | O23: 252284.2 | P23: =SUM(N23:O23) -> 5107890.4 | Q23: =O23/P23 -> 0.049391076 | R23: =O23/P23*1.11 -> 0.054824094 | S23: 32.5 | T23: =S23*Q23 -> 1.60521
B24: 35-39 | C24: 2720515.4 | D24: 101222.44 | E24: 3420159.9 | F24: =D24/E24 -> 0.02959582 | G24: =D24/E24*1.11 -> 0.032851361 | H24: 37.5 | I24: =H24*F24 -> 1.1098433 | M24: 35-39 | N24: 4450306.7 | O24: 132722.49 | P24: =SUM(N24:O24) -> 4583029.2 | Q24: =O24/P24 -> 0.028959555 | R24: =O24/P24*1.11 -> 0.032145106 | S24: 37.5 | T24: =S24*Q24 -> 1.0859833
B25: 40-44 | C25: 2446755.1 | D25: 28775.756 | E25: 2898979.2 | F25: =D25/E25 -> 0.0099261685 | G25: =D25/E25*1.11 -> 0.011018047 | H25: 42.5 | I25: =H25*F25 -> 0.42186216 | M25: 40-44 | N25: 4214782.2 | O25: 39071.246 | P25: =SUM(N25:O25) -> 4253853.4 | Q25: =O25/P25 -> 0.0091849065 | R25: =O25/P25*1.11 -> 0.010195246 | S25: 42.5 | T25: =S25*Q25 -> 0.39035853
B26: 45-49 | C26: 1871450.4 | D26: 4593.8341 | E26: 2180876.7 | F26: =D26/E26 -> 0.0021064163 | G26: =D26/E26*1.11 -> 0.0023381221 | H26: 47.5 | I26: =H26*F26 -> 0.10005477 | M26: 45-49 | N26: 3704871.6 | O26: 6627.7462 | P26: =SUM(N26:O26) -> 3711499.3 | Q26: =O26/P26 -> 0.0017857328 | R26: =O26/P26*1.11 -> 0.0019821634 | S26: 47.5 | T26: =S26*Q26 -> 0.084822309
E27: =SUM(E20:E26) -> 21326033 | F27: =SUM(F20:F26)*5 -> 1.387423 | G27: =SUM(G20:G26)*5 -> 1.5400395 | I27: =SUM(I20:I26)/SUM(F20:F26) -> 27.405596 | P27: =SUM(P20:P26) -> 29588815 | Q27: =SUM(Q20:Q26)*5 -> 1.164197 | R27: =SUM(R20:R26)*5 -> 1.2922586 | T27: =SUM(T20:T26)/SUM(Q20:Q26) -> 27.882742
G28: =F27*1.1 -> 1.5261653 | R28: =Q27*1.1 -> 1.2806167
A30: Mulheres desocupadas
A31: https://sidra.ibge.gov.br/tabela/3579#resultado
B32: 2000 | M32: 2010
B33: flag_nasc_12m | M33: flag_nasc_12m
B34: idade_categ | C34: 0 | D34: 1 | E34: mulheres | F34: TEF | G34: TEF ajustada | H34: ponto_medio | M34: idade_categ | N34: 0 | O34: 1 | P34: mulheres | Q34: TEF | R34: TEF ajustada | S34: ponto_medio
B35: 15-19 | C35: =C6-C20 -> 517430.18 | D35: =D6-D20 -> 538169.48 | E35: =E6-E20 -> 6726719 | F35: =D35/E35 -> 0.080004752 | G35: =D35/E35*1.11 -> 0.088805274 | H35: 17.5 | I35: =H35*F35 -> 1.4000832 | M35: 15-19 | N35: =N6-N20 -> 5932733.5 | O35: =O6-O20 -> 341794.11 | P35: =SUM(N35:O35) -> 6274527.6 | Q35: =O35/P35 -> 0.054473281 | R35: =O35/P35*1.11 -> 0.060465342 | S35: 17.5 | T35: =S35*Q35 -> 0.95328242
B36: 20-24 | C36: =C7-C21 -> 1804641.1 | D36: =D7-D21 -> 758152.36 | E36: =E7-E21 -> 4476435.7 | F36: =D36/E36 -> 0.16936518 | G36: =D36/E36*1.11 -> 0.18799536 | H36: 22.5 | I36: =H36*F36 -> 3.8107167 | M36: 20-24 | N36: =N7-N21 -> 3600722.4 | O36: =O7-O21 -> 493853.83 | P36: =SUM(N36:O36) -> 4094576.2 | Q36: =O36/P36 -> 0.12061171 | R36: =O36/P36*1.11 -> 0.133879 | S36: 22.5 | T36: =S36*Q36 -> 2.7137634
B37: 25-29 | C37: =C8-C22 -> 2326575.7 | D37: =D8-D22 -> 505811.05 | E37: =E8-E22 -> 3522796.7 | F37: =D37/E37 -> 0.14358224 | G37: =D37/E37*1.11 -> 0.15937629 | H37: 27.5 | I37: =H37*F37 -> 3.9485117 | M37: 25-29 | N37: =N8-N22 -> 3003756.6 | O37: =O8-O22 -> 381102.76 | P37: =SUM(N37:O37) -> 3384859.4 | Q37: =O37/P37 -> 0.11259043 | R37: =O37/P37*1.11 -> 0.12497537 | S37: 27.5 | T37: =S37*Q37 -> 3.0962367
B38: 30-34 | C38: =C9-C23 -> 2539539.1 | D38: =D9-D23 -> 289492.15 | E38: =E9-E23 -> 3161510.9 | F38: =D38/E38 -> 0.091567657 | G38: =D38/E38*1.11 -> 0.1016401 | H38: 32.5 | I38: =H38*F38 -> 2.9759489 | M38: 30-34 | N38: =N9-N23 -> 2691436.3 | O38: =O9-O23 -> 227208.76 | P38: =SUM(N38:O38) -> 2918645.1 | Q38: =O38/P38 -> 0.077847341 | R38: =O38/P38*1.11 -> 0.086410549 | S38: 32.5 | T38: =S38*Q38 -> 2.5300386
B39: 35-39 | C39: =C10-C24 -> 2539921.3 | D39: =D10-D24 -> 147518.71 | E39: =E10-E24 -> 2884618.1 | F39: =D39/E39 -> 0.051139772 | G39: =D39/E39*1.11 -> 0.056765147 | H39: 37.5 | I39: =H39*F39 -> 1.9177414 | M39: 35-39 | N39: =N10-N24 -> 2427977.1 | O39: =O10-O24 -> 110007.55 | P39: =SUM(N39:O39) -> 2537984.6 | Q39: =O39/P39 -> 0.043344452 | R39: =O39/P39*1.11 -> 0.048112342 | S39: 37.5 | T39: =S39*Q39 -> 1.625417
B40: 40-44 | C40: =C11-C25 -> 2348719.6 | D40: =D11-D25 -> 46396.284 | E40: =E11-E25 -> 2535129.8 | F40: =D40/E40 -> 0.018301344 | G40: =D40/E40*1.11 -> 0.020314492 | H40: 42.5 | I40: =H40*F40 -> 0.77780714 | M40: 40-44 | N40: =N11-N25 -> 2399338.2 | O40: =O11-O25 -> 35333.764 | P40: =SUM(N40:O40) -> 2434671.9 | Q40: =O40/P40 -> 0.014512741 | R40: =O40/P40*1.11 -> 0.016109143 | S40: 42.5 | T40: =S40*Q40 -> 0.61679151
B41: 45-49 | C41: =C12-C26 -> 2184027 | D41: =D12-D26 -> 7466.9159 | E41: =E12-E26 -> 2329581.3 | F41: =D41/E41 -> 0.0032052609 | G41: =D41/E41*1.11 -> 0.0035578396 | H41: 47.5 | I41: =H41*F41 -> 0.15224989 | M41: 45-49 | N41: =N12-N26 -> 2424010 | O41: =O12-O26 -> 6415.4538 | P41: =SUM(N41:O41) -> 2430425.5 | Q41: =O41/P41 -> 0.0026396422 | R41: =O41/P41*1.11 -> 0.0029300029 | S41: 47.5 | T41: =S41*Q41 -> 0.12538301
F42: =SUM(F35:F41)*5 -> 2.7858311 | G42: =SUM(G35:G41)*5 -> 3.0922725 | I42: =SUM(I35:I41)/SUM(F35:F41) -> 26.891542 | P42: =SUM(P35:P41) -> 24075690 | Q42: =SUM(Q35:Q41)*5 -> 2.130098 | R42: =SUM(R35:R41)*5 -> 2.3644087 | T42: =SUM(T35:T41)/SUM(Q35:Q41) -> 27.371775
G43: =F42*1.1 -> 3.0644142 | R43: =Q42*1.1 -> 2.3431078
C44: 1940 | D44: 1950 | E44: 1960 | F44: 1970 | G44: 1980 | H44: 1991 | I44: 2000 | J44: 2010 | K44: 2020
C45: 6.16 | D45: 6.21 | E45: 6.28 | F45: 5.76 | G45: 4.35 | H45: 2.89 | I45: 2.38 | J45: 1.9 | K45: 1.55
D46: =D45/C45-1 -> 0.0081168831 | E46: =E45/D45-1 -> 0.011272142 | F46: =F45/E45-1 -> -0.082802548 | G46: =G45/F45-1 -> -0.24479167 | H46: =H45/G45-1 -> -0.33563218 | I46: =I45/H45-1 -> -0.17647059 | J46: =J45/I45-1 -> -0.20168067 | K46: =K45/J45-1 -> -0.18421053
C47: 6.2 | D47: 6.3 | E47: 6.3 | F47: 5.8 | G47: 4.4 | H47: 2.7 | I47: 2.4
D48: =D47/C47-1 -> 0.016129032 | E48: =E47/D47-1 -> 0 | F48: =F47/E47-1 -> -0.079365079 | G48: =G47/F47-1 -> -0.24137931 | H48: =H47/G47-1 -> -0.38636364 | I48: =I47/H47-1 -> -0.11111111

Sheet Planilha7
B2: 2000 | C2: Curso que frequenta (V0430) | D2: Curso mais elevado que frequentou (V0432) | E2: Frequenta escola ou creche (V0429) | F2: Ensino fundamental em curso, sem nenhum ano completo
B3: 0 anos | C3: (1 – Creche 2 – Pré-escolar 3 – Classe de alfabetização 4 – Alfabetização de adultos) | D3: V0432 = 1 — Alfabetização de adultos V0432 = 9 — Nenhum | E3: V0429 = 4 — Nunca frequentou escola ou creche | F3: Curso que frequenta (V0430): 5 — Ensino fundamental ou 1º grau – regular seriado 6 — Ensino fundamental ou 1º grau – regular não seriado 7 — Supletivo (ensino fundamental ou 1º grau) E simultaneamente: Série que frequenta (V0431 = 1) — Primeira série
B4: 2010 | C4: curso que frequenta (V0629) | D4: curso mais elevado que frequentou (V0633) | E4: frequentou escola ou creche (V0628) | F4: Ensino fundamental em curso, sem nenhum ano completo
B5: 0 anos | C5: 01- Creche 02- Pré-escolar (maternal e jardim da infância) 03- Classe de alfabetização - CA 04- Alfabetização de jovens e adultos | D5: 01- Creche, pré-escolar (maternal e jardim de infância), classe de alfabetização - CA 02- Alfabetização de jovens e adultos | E5: 4- Não, nunca frequentou | F5: curso que frequenta (V0629) 05- Regular do ensino fundamental 06- Educação de jovens e adultos - EJA - ou supletivo do ensino fundamental e simultaneamente serie que frequenta V0631 1- Primeira série
B7: 2000 | C7: V0430 e V0432 | D7: V0432 e V0433
B8: 1 ano | C8: Curso que frequenta (V0430) 5 – Ensino fundamental ou 1º grau – regular seriado 6 – Ensino fundamental ou 1º grau – regular não-seriado 7 – Supletivo (ensino fundamental ou 1º grau) e simultaneamente serie que frequenta(V0431) ==2 – Segunda Série | D8: Curso mais elevado que frequentou e série concluída: V0432 = 2 — Antigo primário V0432 = 5 — Ensino fundamental ou 1º grau E simultaneamente: V0433 = 1 — Primeira série concluída com aprovação
B9: 2010 | C9: V0629 e V0633 | D9: V0633 e se concluiu V0634 (2 - não) como proxy porque não tem a info de ultima serie concluida
B10: 1 ano | C10: curso que frequenta (V0629) 05- Regular do ensino fundamental 06- Educação de jovens e adultos - EJA - ou supletivo do ensino fundamental e simultaneamente cserie que frequenta (V0631 - 2- Segunda série) | D10: não tem equivalencia
B12: 2000 | C12: ((V0430 %in% c(5, 6, 7)) & V0431 == 3) | D12: ((V0432 == 2 | V0432 == 5) & V0433 == 2)
B13: 2 anos | C13: curso que frequenta (5 – Ensino fundamental ou 1º grau – regular seriado 6 – Ensino fundamental ou 1º grau – regular não-seriado 7 – Supletivo (ensino fundamental ou 1º grau)) simultaneamente com serie que frequenta 3 – Terceira Série | D13: curso mais elevado que já frequentou (2 – Antigo primário 5 – Ensino fundamental ou 1º grau simultaneo com ultima serie concluida com aprovacao 2 – Segunda Série) - TALVEZ
B14: 2010 | C14: V0629 e V0631 | D14: V0633 e V0634 (fallback/proxy)
C15: curso que frequenta (V0629): 05 Regular do ensino fundamental; 06 EJA/supletivo do fundamental e simultaneamente série que frequenta (V0631 = 3) — Terceira série | D15: curso mais elevado que frequentou (V0633): 03 Antigo primário; 05 Ensino fundamental (1ª a 3ª); 08 Supletivo fundamental e simultaneamente não concluiu (V0634 = 2) — usar como proxy apenas quando não houver V0631/V0630
B16: 3 NOS
B17: 2000 | C17: # Anos de estudo = 3 ((V0430 %in% c(5, 6, 7)) & V0431 == 4) | ((V0432 == 2 | V0432 == 5) & V0433 == 3) ~ 3,
B18: 2010 | C18: (V0629 %in% c(5, 6) & (V0631 == 4 | V0630 == 4)) ~ 3,
B19: 4 anos
B20: 2000 | C20: ((V0430 %in% c(5, 6, 7)) & V0431 == 5) | ((V0432 == 2 & V0433 >= 4 & V0433 < 9) | (V0432 == 5 & V0433 == 4)) ~ 4,
B21: 2010 | C21: (V0629 %in% c(5, 6) & (V0630 == 5)) ~ 4,

Sheet var educao
A1: Anos de estudo | B1: Censo 2000 – critério conceitual | C1: Censo 2010 – critério equivalente
A2: 0 anos | B2: Nunca frequentou escola ou frequentou apenas educação infantil / alfabetização sem concluir nenhum ano | C2: Nunca frequentou escola ou frequenta/frequentou apenas creche, pré-escola, classe de alfabetização ou alfabetização de jovens e adultos, sem conclusão
A3: 1 ano | B3: Ensino fundamental com 1ª série concluída | C3: Ensino fundamental cursando 2º ano / 1ª série ou alfabetização/infantil concluída
A4: 2 anos | B4: Ensino fundamental com 2ª série concluída | C4: Ensino fundamental cursando 3º ano / 2ª série
A5: 3 anos | B5: Ensino fundamental com 3ª série concluída | C5: Ensino fundamental cursando 4º ano / 3ª série
A6: 4 anos | B6: Ensino fundamental com 4ª série / 5º ano concluído | C6: Ensino fundamental cursando 5º ano / 4ª série ou fundamental inicial concluído
A7: 5 anos | B7: Ensino fundamental com 5ª série / 6º ano concluído | C7: Ensino fundamental cursando 6º ano / 5ª série
A8: 6 anos | B8: Ensino fundamental com 6ª série / 7º ano concluído | C8: Ensino fundamental cursando 7º ano / 6ª série
A9: 7 anos | B9: Ensino fundamental com 7ª série / 8º ano concluído | C9: Ensino fundamental cursando 8º ano / 7ª série
A10: 8 anos | B10: Ensino fundamental completo (8ª série / 9º ano) | C10: Ensino fundamental completo ou cursando 9º ano
A11: 9 anos | B11: Ensino médio incompleto (1º ano do médio) | C11: Ensino médio cursando 1º/2º ano
A12: 10 anos | B12: Ensino médio incompleto avançado | C12: Ensino médio cursando 2º/3º ano
... A18: 16 anos | B18: Doutorado concluído | C18: Doutorado concluído

Sheet Planilha9
A1: Tópico | B1: Status na tese | C1: Subtópicos a abordar (se faltar) | D1: O que tirar / ajustar (se já tem)
A2: Transição da fecundidade no Brasil | B2: ✅ Já tem (forte) | C2: – Declínio da TFT– Heterogeneidade regional e social– Papel da escolaridade feminina | D2: – Evitar leituras normativas (“estágio final”, “modernização”)– Reduzir frases genéricas
A3: Mulheres no mercado de trabalho e maternidade | B3: ✅ Já tem (forte) | C3: – Custos de oportunidade do tempo– Dupla jornada– Diferença formal × informal | D3: – Evitar repetir argumentos em várias seções– Enxugar trechos muito descritivos
A4: Setor público como contexto institucional | B4: ✅ Já tem (central) | C4: – Estabilidade e previsibilidade– Licença-maternidade e jornada– Benefícios não monetários | D4: – Tirar qualquer tom de “vantagem automática”– Evitar sugerir causalidade direta
A5: Heterogeneidade interna do setor público | B5: ⚠️ Tem, mas pode fortalecer | C5: – Educação × saúde × administração– Turnos, carga emocional, exigências físicas | D5: – Evitar excesso de descrição institucional– Focar só no que afeta fecundidade
A6: Adiamento da maternidade / calendário reprodutivo | B6: ✅ Já tem | C6: – Idade ao primeiro filho– Efeito tempo (tempo effect)– Diferença entre período e coorte | D6: – Não misturar com mudança de valores– Não confundir adiamento com rejeição
A7: Mulheres sem filhos (childlessness) | B7: ⚠️ Tem, mas disperso | C7: – Childlessness como resultado de trajetórias– Janela reprodutiva estreita– Não transição à 1ª paridade | D7: – Unificar em um subtópico próprio– Evitar tratar só como “escolha”
A8: Fecundidade desejada × realizada (PNDS) | B8: ✅ Já tem | C8: – Coerência entre desejo e realização– Capacidade de controle reprodutivo | D8: – Evitar leitura normativa (“melhor planejamento”)
A9: Segunda Transição Demográfica | B9: ⚠️ Tem (problemático) | C9: (não acrescentar) | D9: ❌ Tirar como eixo teórico✔ Se ficar, apenas menção contextual
A10: Valores, preferências e ideais familiares | B10: ❌ Não tem (e não precisa) | C10: (opcional) apenas se conectar com PNDS | D10: ❌ Não abrir esse debate (foge do foco)
A13: Capítulo 1 – Revisão da literatura
A15: 1.1 Transição da fecundidade no Brasil
A16: → fenômeno, ritmo, heterogeneidades
A18: 1.2 Mulheres, mercado de trabalho e fecundidade
A19: → mecanismos gerais, escolaridade, custos, conciliação
A21: 1.3 O setor público como contexto institucional específico
A22: → estabilidade, benefícios, previsibilidade
A24: 1.4 Heterogeneidade interna do setor público
A25: → saúde, educação, administração
A27: 1.5 Adiamento da maternidade, calendário reprodutivo e não transição à primeira paridade
A28: → idade ao primeiro filho, adiamento prolongado, mulheres sem filhos
A32: Fecundidade no Brasil ↓ Mulheres no mercado de trabalho ↓ Setor público como arranjo institucional ↓ Heterogeneidade setorial no funcionalismo ↓ Preferências reprodutivas (filhos desejados) ↓ Adiamento da maternidade e fecundidade observada
