Workbook

Sheet parity
A1: total
A2: ACHIVED | Y2: DESIRED
B3: Women by age group and parity | Z3: Women by age group and parity
A4: Parity (i) | B4: 15-19 | C4: 20-24 | D4: 25-29 | E4: 30-34 | F4: 35-39 | G4: 40-44 | H4: 45-49 | I4: 40-49 | L4: Unprojected proportions of women with at least i children | Y4: Parity (i) | Z4: 15-19 | AA4: 20-24 | AB4: 25-29 | AC4: 30-34 | AD4: 35-39 | AE4: 40-44 | AF4: 45-49 | AG4: 40-49 | AJ4: Unprojected proportions of women with at least i children
A5: 0 | B5: 0 | C5: 47283.103 | D5: 54227.258 | E5: 62636.767 | F5: 74948.84 | G5: 72814.219 | H5: 118978.65 | I5: =SUM(G5:H5) -> 191792.87 | K5: Parity (i) | L5: 15-19 | M5: 20-24 | N5: 25-29 | O5: 30-34 | P5: 35-39 | Q5: 40-44 | R5: 45-49 | S5: 40-49 | Y5: 0 | Z5: 0 | AA5: 47283.103 | AB5: 54227.258 | AC5: 62636.767 | AD5: 74948.84 | AE5: 72814.219 | AF5: 118978.65 | AG5: =SUM(AE5:AF5) -> 191792.87 | AI5: Parity (i) | AJ5: 15-19 | AK5: 20-24 | AL5: 25-29 | AM5: 30-34 | AN5: 35-39 | AO5: 40-44 | AP5: 45-49 | AQ5: 40-49
A6: 1 | B6: 8337.5554 | C6: 24635.409 | D6: 29869.735 | E6: 77758.539 | F6: 81532.505 | G6: 44045.462 | H6: 87226.992 | I6: =SUM(G6:H6) -> 131272.45 | K6: =A5 -> 0 | L6: =SUM(B5:B$23)/B$24 -> 1 | M6: =SUM(C5:C$23)/C$24 -> 1 | N6: =SUM(D5:D$23)/D$24 -> 1 | O6: =SUM(E5:E$23)/E$24 -> 1 | P6: =SUM(F5:F$23)/F$24 -> 1 | Q6: =SUM(G5:G$23)/G$24 -> 1 | R6: =SUM(H5:H$23)/H$24 -> 1 | S6: =SUM(I5:I$23)/I$24 -> 1 | Y6: 1 | Z6: 8337.5554 | AA6: 24635.409 | AB6: 29869.735 | AC6: 77758.539 | AD6: 81532.505 | AE6: 44045.462 | AF6: 87226.992 | AG6: =SUM(AE6:AF6) -> 131272.45 | AI6: =Y5 -> 0 | AJ6: =SUM(Z5:Z$23)/Z$24 -> 1 | AK6: =SUM(AA5:AA$23)/AA$24 -> 1 | AL6: =SUM(AB5:AB$23)/AB$24 -> 1 | AM6: =SUM(AC5:AC$23)/AC$24 -> 1 | AN6: =SUM(AD5:AD$23)/AD$24 -> 1 | AO6: =SUM(AE5:AE$23)/AE$24 -> 1 | AP6: =SUM(AF5:AF$23)/AF$24 -> 1 | AQ6: =SUM(AG5:AG$23)/AG$24 -> 1
A7: 2 | B7: 0 | C7: 6770.633 | D7: 36573.017 | E7: 54308.839 | F7: 54748.566 | G7: 167541.15 | H7: 75359.979 | I7: =SUM(G7:H7) -> 242901.13 | K7: =A6 -> 1 | L7: =SUM(B6:B$23)/B$24 -> 1 | M7: =SUM(C6:C$23)/C$24 -> 0.3991153 | N7: =SUM(D6:D$23)/D$24 -> 0.59875777 | O7: =SUM(E6:E$23)/E$24 -> 0.69235394 | P7: =SUM(F6:F$23)/F$24 -> 0.69942003 | Q7: =SUM(G6:G$23)/G$24 -> 0.79410665 | R7: =SUM(H6:H$23)/H$24 -> 0.6522101 | S7: =SUM(I6:I$23)/I$24 -> 0.72433627 | Y7: 2 | Z7: 0 | AA7: 6770.633 | AB7: 36573.017 | AC7: 54308.839 | AD7: 54748.566 | AE7: 167541.15 | AF7: 75359.979 | AG7: =SUM(AE7:AF7) -> 242901.13 | AI7: =Y6 -> 1 | AJ7: =SUM(Z6:Z$23)/Z$24 -> 1 | AK7: =SUM(AA6:AA$23)/AA$24 -> 0.3991153 | AL7: =SUM(AB6:AB$23)/AB$24 -> 0.59875777 | AM7: =SUM(AC6:AC$23)/AC$24 -> 0.69235394 | AN7: =SUM(AD6:AD$23)/AD$24 -> 0.69942003 | AO7: =SUM(AE6:AE$23)/AE$24 -> 0.79410665 | AP7: =SUM(AF6:AF$23)/AF$24 -> 0.6522101 | AQ7: =SUM(AG6:AG$23)/AG$24 -> 0.72433627
A8: 3 | B8: 0 | C8: 0 | D8: 14478.422 | E8: 7068.6608 | F8: 29439.268 | G8: 52789.511 | H8: 32289.43 | I8: =SUM(G8:H8) -> 85078.94 | K8: =A7 -> 2 | L8: =SUM(B7:B$23)/B$24 -> 0 | M8: =SUM(C7:C$23)/C$24 -> 0.086042782 | N8: =SUM(D7:D$23)/D$24 -> 0.37774348 | O8: =SUM(E7:E$23)/E$24 -> 0.31043594 | P8: =SUM(F7:F$23)/F$24 -> 0.37243647 | Q8: =SUM(G7:G$23)/G$24 -> 0.66956137 | R8: =SUM(H7:H$23)/H$24 -> 0.39723438 | S8: =SUM(I7:I$23)/I$24 -> 0.53565849 | Y8: 3 | Z8: 0 | AA8: 0 | AB8: 14478.422 | AC8: 7068.6608 | AD8: 29439.268 | AE8: 52789.511 | AF8: 32289.43 | AG8: =SUM(AE8:AF8) -> 85078.94 | AI8: =Y7 -> 2 | AJ8: =SUM(Z7:Z$23)/Z$24 -> 0 | AK8: =SUM(AA7:AA$23)/AA$24 -> 0.086042782 | AL8: =SUM(AB7:AB$23)/AB$24 -> 0.37774348 | AM8: =SUM(AC7:AC$23)/AC$24 -> 0.31043594 | AN8: =SUM(AD7:AD$23)/AD$24 -> 0.37243647 | AO8: =SUM(AE7:AE$23)/AE$24 -> 0.66956137 | AP8: =SUM(AF7:AF$23)/AF$24 -> 0.39723438 | AQ8: =SUM(AG7:AG$23)/AG$24 -> 0.53565849
A9: 4 | B9: 0 | C9: 0 | D9: 0 | E9: 0 | F9: 8678.2383 | G9: 3452.3552 | H9: 6592.9918 | I9: =SUM(G9:H9) -> 10045.347 | K9: =A8 -> 3 | L9: =SUM(B8:B$23)/B$24 -> 0 | M9: =SUM(C8:C$23)/C$24 -> 0 | N9: =SUM(D8:D$23)/D$24 -> 0.10712978 | O9: =SUM(E8:E$23)/E$24 -> 0.043693236 | P9: =SUM(F8:F$23)/F$24 -> 0.15286906 | Q9: =SUM(G8:G$23)/G$24 -> 0.19581312 | R9: =SUM(H8:H$23)/H$24 -> 0.17694748 | S9: =SUM(I8:I$23)/I$24 -> 0.1865369 | Y9: 4 | Z9: 0 | AA9: 0 | AB9: 0 | AC9: 0 | AD9: 8678.2383 | AE9: 3452.3552 | AF9: 6592.9918 | AG9: =SUM(AE9:AF9) -> 10045.347 | AI9: =Y8 -> 3 | AJ9: =SUM(Z8:Z$23)/Z$24 -> 0 | AK9: =SUM(AA8:AA$23)/AA$24 -> 0 | AL9: =SUM(AB8:AB$23)/AB$24 -> 0.10712978 | AM9: =SUM(AC8:AC$23)/AC$24 -> 0.043693236 | AN9: =SUM(AD8:AD$23)/AD$24 -> 0.15286906 | AO9: =SUM(AE8:AE$23)/AE$24 -> 0.19581312 | AP9: =SUM(AF8:AF$23)/AF$24 -> 0.17694748 | AQ9: =SUM(AG8:AG$23)/AG$24 -> 0.1865369
A10: 5 | B10: 0 | C10: 0 | D10: 0 | E10: 1827.2861 | F10: 0 | G10: 3171.7864 | H10: 19261.645 | I10: =SUM(G10:H10) -> 22433.432 | K10: =A9 -> 4 | L10: =SUM(B9:B$23)/B$24 -> 0 | M10: =SUM(C9:C$23)/C$24 -> 0 | N10: =SUM(D9:D$23)/D$24 -> 0 | O10: =SUM(E9:E$23)/E$24 -> 0.0089748785 | P10: =SUM(F9:F$23)/F$24 -> 0.034803803 | Q10: =SUM(G9:G$23)/G$24 -> 0.046542694 | R10: =SUM(H9:H$23)/H$24 -> 0.082561321 | S10: =SUM(I9:I$23)/I$24 -> 0.064253014 | Y10: 5 | Z10: 0 | AA10: 0 | AB10: 0 | AC10: 1827.2861 | AD10: 0 | AE10: 3171.7864 | AF10: 19261.645 | AG10: =SUM(AE10:AF10) -> 22433.432 | AI10: =Y9 -> 4 | AJ10: =SUM(Z9:Z$23)/Z$24 -> 0 | AK10: =SUM(AA9:AA$23)/AA$24 -> 0 | AL10: =SUM(AB9:AB$23)/AB$24 -> 0 | AM10: =SUM(AC9:AC$23)/AC$24 -> 0.0089748785 | AN10: =SUM(AD9:AD$23)/AD$24 -> 0.034803803 | AO10: =SUM(AE9:AE$23)/AE$24 -> 0.046542694 | AP10: =SUM(AF9:AF$23)/AF$24 -> 0.082561321 | AQ10: =SUM(AG9:AG$23)/AG$24 -> 0.064253014
A11: 6 | B11: 0 | C11: 0 | D11: 0 | E11: 0 | F11: 0 | G11: 0 | H11: 2247.111 | I11: =SUM(G11:H11) -> 2247.111 | K11: =A10 -> 5 | L11: =SUM(B10:B$23)/B$24 -> 0 | M11: =SUM(C10:C$23)/C$24 -> 0 | N11: =SUM(D10:D$23)/D$24 -> 0 | O11: =SUM(E10:E$23)/E$24 -> 0.0089748785 | P11: =SUM(F10:F$23)/F$24 -> 0 | Q11: =SUM(G10:G$23)/G$24 -> 0.036780631 | R11: =SUM(H10:H$23)/H$24 -> 0.063289159 | S11: =SUM(I10:I$23)/I$24 -> 0.049814845 | Y11: 6 | Z11: 0 | AA11: 0 | AB11: 0 | AC11: 0 | AD11: 0 | AE11: 0 | AF11: 2247.111 | AG11: =SUM(AE11:AF11) -> 2247.111 | AI11: =Y10 -> 5 | AJ11: =SUM(Z10:Z$23)/Z$24 -> 0 | AK11: =SUM(AA10:AA$23)/AA$24 -> 0 | AL11: =SUM(AB10:AB$23)/AB$24 -> 0 | AM11: =SUM(AC10:AC$23)/AC$24 -> 0.0089748785 | AN11: =SUM(AD10:AD$23)/AD$24 -> 0 | AO11: =SUM(AE10:AE$23)/AE$24 -> 0.036780631 | AP11: =SUM(AF10:AF$23)/AF$24 -> 0.063289159 | AQ11: =SUM(AG10:AG$23)/AG$24 -> 0.049814845
A12: 8 | B12: 0 | C12: 0 | D12: 0 | E12: 0 | F12: 0 | G12: 812.5582 | H12: 0 | I12: =SUM(G12:H12) -> 812.5582 | K12: =A11 -> 6 | L12: =SUM(B11:B$23)/B$24 -> 0 | M12: =SUM(C11:C$23)/C$24 -> 0 | N12: =SUM(D11:D$23)/D$24 -> 0 | O12: =SUM(E11:E$23)/E$24 -> 0 | P12: =SUM(F11:F$23)/F$24 -> 0 | Q12: =SUM(G11:G$23)/G$24 -> 0.02781192 | R12: =SUM(H11:H$23)/H$24 -> 0.006984892 | S12: =SUM(I11:I$23)/I$24 -> 0.017571293 | Y12: 8 | Z12: 0 | AA12: 0 | AB12: 0 | AC12: 0 | AD12: 0 | AE12: 812.5582 | AF12: 0 | AG12: =SUM(AE12:AF12) -> 812.5582 | AI12: =Y11 -> 6 | AJ12: =SUM(Z11:Z$23)/Z$24 -> 0 | AK12: =SUM(AA11:AA$23)/AA$24 -> 0 | AL12: =SUM(AB11:AB$23)/AB$24 -> 0 | AM12: =SUM(AC11:AC$23)/AC$24 -> 0 | AN12: =SUM(AD11:AD$23)/AD$24 -> 0 | AO12: =SUM(AE11:AE$23)/AE$24 -> 0.02781192 | AP12: =SUM(AF11:AF$23)/AF$24 -> 0.006984892 | AQ12: =SUM(AG11:AG$23)/AG$24 -> 0.017571293
A13: 9 | B13: 0 | C13: 0 | D13: 0 | E13: 0 | F13: 0 | G13: 9023.1321 | H13: 0 | I13: =SUM(G13:H13) -> 9023.1321 | K13: =A12 -> 8 | L13: =SUM(B12:B$23)/B$24 -> 0 | M13: =SUM(C12:C$23)/C$24 -> 0 | N13: =SUM(D12:D$23)/D$24 -> 0 | O13: =SUM(E12:E$23)/E$24 -> 0 | P13: =SUM(F12:F$23)/F$24 -> 0 | Q13: =SUM(G12:G$23)/G$24 -> 0.02781192 | R13: =SUM(H12:H$23)/H$24 -> 0.00041629765 | S13: =SUM(I12:I$23)/I$24 -> 0.014341522 | Y13: 9 | Z13: 0 | AA13: 0 | AB13: 0 | AC13: 0 | AD13: 0 | AE13: 9023.1321 | AF13: 0 | AG13: =SUM(AE13:AF13) -> 9023.1321 | AI13: =Y12 -> 8 | AJ13: =SUM(Z12:Z$23)/Z$24 -> 0 | AK13: =SUM(AA12:AA$23)/AA$24 -> 0 | AL13: =SUM(AB12:AB$23)/AB$24 -> 0 | AM13: =SUM(AC12:AC$23)/AC$24 -> 0 | AN13: =SUM(AD12:AD$23)/AD$24 -> 0 | AO13: =SUM(AE12:AE$23)/AE$24 -> 0.02781192 | AP13: =SUM(AF12:AF$23)/AF$24 -> 0.00041629765 | AQ13: =SUM(AG12:AG$23)/AG$24 -> 0.014341522
A14: 12 | B14: 0 | C14: 0 | D14: 0 | E14: 0 | F14: 0 | G14: 0 | H14: 142.4151 | I14: =SUM(G14:H14) -> 142.4151 | K14: =A13 -> 9 | L14: =SUM(B13:B$23)/B$24 -> 0 | M14: =SUM(C13:C$23)/C$24 -> 0 | N14: =SUM(D13:D$23)/D$24 -> 0 | O14: =SUM(E13:E$23)/E$24 -> 0 | P14: =SUM(F13:F$23)/F$24 -> 0 | Q14: =SUM(G13:G$23)/G$24 -> 0.025514287 | R14: =SUM(H13:H$23)/H$24 -> 0.00041629765 | S14: =SUM(I13:I$23)/I$24 -> 0.013173633 | Y14: 12 | Z14: 0 | AA14: 0 | AB14: 0 | AC14: 0 | AD14: 0 | AE14: 0 | AF14: 142.4151 | AG14: =SUM(AE14:AF14) -> 142.4151 | AI14: =Y13 -> 9 | AJ14: =SUM(Z13:Z$23)/Z$24 -> 0 | AK14: =SUM(AA13:AA$23)/AA$24 -> 0 | AL14: =SUM(AB13:AB$23)/AB$24 -> 0 | AM14: =SUM(AC13:AC$23)/AC$24 -> 0 | AN14: =SUM(AD13:AD$23)/AD$24 -> 0 | AO14: =SUM(AE13:AE$23)/AE$24 -> 0.025514287 | AP14: =SUM(AF13:AF$23)/AF$24 -> 0.00041629765 | AQ14: =SUM(AG13:AG$23)/AG$24 -> 0.013173633
K15: =A14 -> 12 | L15: =SUM(B14:B$23)/B$24 -> 0 | M15: =SUM(C14:C$23)/C$24 -> 0 | N15: =SUM(D14:D$23)/D$24 -> 0 | O15: =SUM(E14:E$23)/E$24 -> 0 | P15: =SUM(F14:F$23)/F$24 -> 0 | Q15: =SUM(G14:G$23)/G$24 -> 0 | R15: =SUM(H14:H$23)/H$24 -> 0.00041629765 | S15: =SUM(I14:I$23)/I$24 -> 0.0002046931 | AI15: =Y14 -> 12 | AJ15: =SUM(Z14:Z$23)/Z$24 -> 0 | AK15: =SUM(AA14:AA$23)/AA$24 -> 0 | AL15: =SUM(AB14:AB$23)/AB$24 -> 0 | AM15: =SUM(AC14:AC$23)/AC$24 -> 0 | AN15: =SUM(AD14:AD$23)/AD$24 -> 0 | AO15: =SUM(AE14:AE$23)/AE$24 -> 0 | AP15: =SUM(AF14:AF$23)/AF$24 -> 0.00041629765 | AQ15: =SUM(AG14:AG$23)/AG$24 -> 0.0002046931
K19: CFR | R19: =SUM(R7:R18) -> 1.3804762 | S19: =SUM(S7:S18) -> 1.6058907 | AI19: CFR | AP19: =SUM(AP7:AP18) -> 1.3804762 | AQ19: =SUM(AQ7:AQ18) -> 1.6058907
L21: Unprojected Parity Progression Ratios | AJ21: Unprojected Parity Progression Ratios
K22: Parity (i) | L22: 15-19 | M22: 20-24 | N22: 25-29 | O22: 30-34 | P22: 35-39 | Q22: 40-44 | R22: 45-49 | S22: 40-49 | U22: 45-49 | V22: 40-49 | AI22: Parity (i) | AJ22: 15-19 | AK22: 20-24 | AL22: 25-29 | AM22: 30-34 | AN22: 35-39 | AO22: 40-44 | AP22: 45-49 | AQ22: 40-49 | AS22: 45-49 | AT22: 40-49
K23: 0 | L23: =L7/L6 -> 1 | M23: =M7/M6 -> 0.3991153 | N23: =N7/N6 -> 0.59875777 | O23: =O7/O6 -> 0.69235394 | P23: =P7/P6 -> 0.69942003 | Q23: =Q7/Q6 -> 0.79410665 | R23: =R7/R6 -> 0.6522101 | S23: =S7/S6 -> 0.72433627 | U23: =R6 -> 1 | V23: =S6 -> 1 | AI23: 0 | AJ23: =AJ7/AJ6 -> 1 | AK23: =AK7/AK6 -> 0.3991153 | AL23: =AL7/AL6 -> 0.59875777 | AM23: =AM7/AM6 -> 0.69235394 | AN23: =AN7/AN6 -> 0.69942003 | AO23: =AO7/AO6 -> 0.79410665 | AP23: =AP7/AP6 -> 0.6522101 | AQ23: =AQ7/AQ6 -> 0.72433627 | AS23: =AP6 -> 1 | AT23: =AQ6 -> 1
A24: TOTAL | B24: =SUM(B5:B23) -> 8337.5554 | C24: =SUM(C5:C23) -> 78689.145 | D24: =SUM(D5:D23) -> 135148.43 | E24: =SUM(E5:E23) -> 203600.09 | F24: =SUM(F5:F23) -> 249347.42 | G24: =SUM(G5:G23) -> 353650.18 | H24: =SUM(H5:H23) -> 342099.22 | I24: =SUM(I5:I23) -> 695749.39 | K24: 1 | L24: =L8/L7 -> 0 | M24: =M8/M7 -> 0.21558377 | N24: =N8/N7 -> 0.63087863 | O24: =O8/O7 -> 0.44837752 | P24: =P8/P7 -> 0.53249329 | Q24: =Q8/Q7 -> 0.84316303 | R24: =R8/R7 -> 0.60905893 | S24: =S8/S7 -> 0.73951631 | U24: =PRODUCT(R$23:R23) -> 0.6522101 | V24: =PRODUCT(S$23:S23) -> 0.72433627 | Y24: TOTAL | Z24: =SUM(Z5:Z23) -> 8337.5554 | AA24: =SUM(AA5:AA23) -> 78689.145 | AB24: =SUM(AB5:AB23) -> 135148.43 | AC24: =SUM(AC5:AC23) -> 203600.09 | AD24: =SUM(AD5:AD23) -> 249347.42 | AE24: =SUM(AE5:AE23) -> 353650.18 | AF24: =SUM(AF5:AF23) -> 342099.22 | AG24: =SUM(AG5:AG23) -> 695749.39 | AI24: 1 | AJ24: =AJ8/AJ7 -> 0 | AK24: =AK8/AK7 -> 0.21558377 | AL24: =AL8/AL7 -> 0.63087863 | AM24: =AM8/AM7 -> 0.44837752 | AN24: =AN8/AN7 -> 0.53249329 | AO24: =AO8/AO7 -> 0.84316303 | AP24: =AP8/AP7 -> 0.60905893 | AQ24: =AQ8/AQ7 -> 0.73951631 | AS24: =PRODUCT(AP$23:AP23) -> 0.6522101 | AT24: =PRODUCT(AQ$23:AQ23) -> 0.72433627
A25: Average parity | B25: =SUMPRODUCT($A$5:$A$23,B5:B23)/SUM(B5:B23) -> 1 | C25: =SUMPRODUCT($A$5:$A$23,C5:C23)/SUM(C5:C23) -> 0.48515809 | D25: =SUMPRODUCT($A$5:$A$23,D5:D23)/SUM(D5:D23) -> 1.083631 | E25: =SUMPRODUCT($A$5:$A$23,E5:E23)/SUM(E5:E23) -> 1.0644329 | F25: =SUMPRODUCT($A$5:$A$23,F5:F23)/SUM(F5:F23) -> 1.2595294 | G25: =SUMPRODUCT($A$5:$A$23,G5:G23)/SUM(G5:G23) -> 1.8517545 | H25: =SUMPRODUCT($A$5:$A$23,H5:H23)/SUM(H5:H23) -> 1.3817251 | I25: =SUMPRODUCT($A$5:$A$23,I5:I23)/SUM(I5:I23) -> 1.6206416 | K25: 2 | M25: =M9/M8 -> 0 | N25: =N9/N8 -> 0.28360459 | O25: =O9/O8 -> 0.140748 | P25: =P9/P8 -> 0.41045675 | Q25: =Q9/Q8 -> 0.29244984 | R25: =R9/R8 -> 0.44544854 | S25: =S9/S8 -> 0.34823849 | U25: =PRODUCT(R$23:R24) -> 0.39723438 | V25: =PRODUCT(S$23:S24) -> 0.53565849 | Y25: Average parity | Z25: =SUMPRODUCT($Y$5:$Y$23,Z5:Z23)/SUM(Z5:Z23) -> 1 | AA25: =SUMPRODUCT($Y$5:$Y$23,AA5:AA23)/SUM(AA5:AA23) -> 0.48515809 | AB25: =SUMPRODUCT($Y$5:$Y$23,AB5:AB23)/SUM(AB5:AB23) -> 1.083631 | AC25: =SUMPRODUCT($Y$5:$Y$23,AC5:AC23)/SUM(AC5:AC23) -> 1.0644329 | AD25: =SUMPRODUCT($Y$5:$Y$23,AD5:AD23)/SUM(AD5:AD23) -> 1.2595294 | AE25: =SUMPRODUCT($Y$5:$Y$23,AE5:AE23)/SUM(AE5:AE23) -> 1.8517545 | AF25: =SUMPRODUCT($Y$5:$Y$23,AF5:AF23)/SUM(AF5:AF23) -> 1.3817251 | AG25: =SUMPRODUCT($Y$5:$Y$23,AG5:AG23)/SUM(AG5:AG23) -> 1.6206416 | AI25: 2 | AK25: =AK9/AK8 -> 0 | AL25: =AL9/AL8 -> 0.28360459 | AM25: =AM9/AM8 -> 0.140748 | AN25: =AN9/AN8 -> 0.41045675 | AO25: =AO9/AO8 -> 0.29244984 | AP25: =AP9/AP8 -> 0.44544854 | AQ25: =AQ9/AQ8 -> 0.34823849 | AS25: =PRODUCT(AP$23:AP24) -> 0.39723438 | AT25: =PRODUCT(AQ$23:AQ24) -> 0.53565849
K26: 3 | N26: =N10/N9 -> 0 | O26: =O10/O9 -> 0.20540659 | P26: =P10/P9 -> 0.22767067 | Q26: =Q10/Q9 -> 0.23768936 | R26: =R10/R9 -> 0.4665866 | S26: =S10/S9 -> 0.34445203 | U26: =PRODUCT(R$23:R25) -> 0.17694748 | V26: =PRODUCT(S$23:S25) -> 0.1865369 | AI26: 3 | AL26: =AL10/AL9 -> 0 | AM26: =AM10/AM9 -> 0.20540659 | AN26: =AN10/AN9 -> 0.22767067 | AO26: =AO10/AO9 -> 0.23768936 | AP26: =AP10/AP9 -> 0.4665866 | AQ26: =AQ10/AQ9 -> 0.34445203 | AS26: =PRODUCT(AP$23:AP25) -> 0.17694748 | AT26: =PRODUCT(AQ$23:AQ25) -> 0.1865369
K27: 4 | O27: =O11/O10 -> 1 | P27: =P11/P10 -> 0 | Q27: =Q11/Q10 -> 0.79025574 | R27: =R11/R10 -> 0.76657153 | S27: =S11/S10 -> 0.77529196 | U27: =PRODUCT(R$23:R26) -> 0.082561321 | V27: =PRODUCT(S$23:S26) -> 0.064253014 | AI27: 4 | AM27: =AM11/AM10 -> 1 | AN27: =AN11/AN10 -> 0 | AO27: =AO11/AO10 -> 0.79025574 | AP27: =AP11/AP10 -> 0.76657153 | AQ27: =AQ11/AQ10 -> 0.77529196 | AS27: =PRODUCT(AP$23:AP26) -> 0.082561321 | AT27: =PRODUCT(AQ$23:AQ26) -> 0.064253014
K28: 5 | Q28: =Q12/Q11 -> 0.75615667 | R28: =R12/R11 -> 0.11036475 | S28: =S12/S11 -> 0.35273206 | U28: =PRODUCT(R$23:R27) -> 0.063289159 | V28: =PRODUCT(S$23:S27) -> 0.049814845 | AI28: 5 | AO28: =AO12/AO11 -> 0.75615667 | AP28: =AP12/AP11 -> 0.11036475 | AQ28: =AQ12/AQ11 -> 0.35273206 | AS28: =PRODUCT(AP$23:AP27) -> 0.063289159 | AT28: =PRODUCT(AQ$23:AQ27) -> 0.049814845
K29: 6 | Q29: =Q13/Q12 -> 1 | R29: =R13/R12 -> 0.059599726 | S29: =S13/S12 -> 0.81619049 | U29: =PRODUCT(R$23:R28) -> 0.006984892 | V29: =PRODUCT(S$23:S28) -> 0.017571293 | AI29: 6 | AO29: =AO13/AO12 -> 1 | AP29: =AP13/AP12 -> 0.059599726 | AQ29: =AQ13/AQ12 -> 0.81619049 | AS29: =PRODUCT(AP$23:AP28) -> 0.006984892 | AT29: =PRODUCT(AQ$23:AQ28) -> 0.017571293
K30: 8 | Q30: =Q14/Q13 -> 0.91738676 | R30: =R14/R13 -> 1 | S30: =S14/S13 -> 0.91856588 | U30: =PRODUCT(R$23:R29) -> 0.00041629765 | V30: =PRODUCT(S$23:S29) -> 0.014341522 | AI30: 8 | AO30: =AO14/AO13 -> 0.91738676 | AP30: =AP14/AP13 -> 1 | AQ30: =AQ14/AQ13 -> 0.91856588 | AS30: =PRODUCT(AP$23:AP29) -> 0.00041629765 | AT30: =PRODUCT(AQ$23:AQ29) -> 0.014341522
K31: 9 | Q31: =Q15/Q14 -> 0 | R31: =R15/R14 -> 1 | S31: =S15/S14 -> 0.01553809 | U31: =PRODUCT(R$23:R30) -> 0.00041629765 | V31: =PRODUCT(S$23:S30) -> 0.013173633 | AI31: 9 | AO31: =AO15/AO14 -> 0 | AP31: =AP15/AP14 -> 1 | AQ31: =AQ15/AQ14 -> 0.01553809 | AS31: =PRODUCT(AP$23:AP30) -> 0.00041629765 | AT31: =PRODUCT(AQ$23:AQ30) -> 0.013173633
K32: 12 | R32: =R16/R15 -> 0 | S32: =S16/S15 -> 0 | U32: =PRODUCT(R$23:R31) -> 0.00041629765 | V32: =PRODUCT(S$23:S31) -> 0.0002046931 | AI32: 12 | AP32: =AP16/AP15 -> 0 | AQ32: =AQ16/AQ15 -> 0 | AS32: =PRODUCT(AP$23:AP31) -> 0.00041629765 | AT32: =PRODUCT(AQ$23:AQ31) -> 0.0002046931
U33: =PRODUCT(R$23:R32) -> 0 | V33: =PRODUCT(S$23:S32) -> 0 | AS33: =PRODUCT(AP$23:AP32) -> 0 | AT33: =PRODUCT(AQ$23:AQ32) -> 0
V34: =SUM(V24:V33) -> 1.6058907 | AT34: =SUM(AT24:AT33) -> 1.6058907
T36: CFR | U36: =SUM(U24:U33) -> 1.3804762 | V36: =SUM(V24:V33) -> 1.6058907 | AR36: CFR | AS36: =SUM(AS24:AS33) -> 1.3804762 | AT36: =SUM(AT24:AT33) -> 1.6058907

Sheet PPR tidos
H1: ============================ | O1: ============================
A2: ============================ | H2: == | I2: Subgrupo: | J2: mu | O2: == | P2: Subgrupo: | Q2: mu
A3: == | B3: Subgrupo: | C3: mu | H3: ============================ | O3: ============================
A4: ============================
H5: --- | I5: Resumo | J5: (junta_df) | K5: --- | O5: --- | P5: Resumo | Q5: (junta_df) | R5: ---
A6: --- | B6: Resumo | C6: (junta_df) | D6: --- | I6: Age | J6: AverageParity | K6: CTFR_pprs | L6: CTFR_prop | P6: Age | Q6: AverageParity | R6: CTFR_pprs | S6: CTFR_prop
B7: Age | C7: AverageParity | D7: CTFR_pprs | E7: CTFR_prop | H7: 1 | I7: <20 | J7: 0.186 | K7: 0.186 | L7: 0.1858 | O7: 1 | P7: <20 | Q7: 0.186 | R7: 0.186 | S7: 0.1858
A8: 1 | B8: <20 | C8: 0.186 | D8: 0.186 | E8: 0.1858 | H8: 2 | I8: 20-29 | J8: 0.997 | K8: 0.997 | L8: 0.9968 | O8: 2 | P8: 20-34 | Q8: 1.244 | R8: 1.244 | S8: 1.2443
A9: 2 | B9: 20-24 | C9: 0.743 | D9: 0.743 | E9: 0.7427 | H9: 3 | I9: 30-39 | J9: 1.933 | K9: 1.933 | L9: 1.9327 | O9: 3 | P9: 35-49 | Q9: 2.339 | R9: 2.339 | S9: 2.3394
A10: 3 | B10: 25-29 | C10: 1.271 | D10: 1.271 | E10: 1.2708 | H10: 4 | I10: 40-49 | J10: 2.495 | K10: 2.495 | L10: 2.4953
A11: 4 | B11: 30-34 | C11: 1.812 | D11: 1.812 | E11: 1.8118 | O11: --- | P11: All Women | Q11: (35-49) | R11: i | S11: = | T11: 1..4 | U11: ---
A12: 5 | B12: 35-39 | C12: 2.057 | D12: 2.057 | E12: 2.0567 | H12: --- | I12: All Women | J12: (40-49) | K12: i | L12: = | M12: 1..4 | N12: --- | P12: Parity | Q12: PPR | R12: desejados
A13: 6 | B13: 40-44 | C13: 2.382 | D13: 2.382 | E13: 2.3821 | I13: Parity | J13: PPR_mu | K13: desejados | O13: 1 | P13: 0-1 | Q13: 0.8785359 | R13: ='PPR desejados'!Q13 -> 0.9313593
A14: 7 | B14: 45-49 | C14: 2.627 | D14: 2.627 | E14: 2.6273 | H14: 1 | I14: 0-1 | J14: 0.8863531 | K14: ='PPR desejados'!J14 -> 0.9320715 | O14: 2 | P14: 1-2 | Q14: 0.7876608 | R14: ='PPR desejados'!Q14 -> 0.8527571
H15: 2 | I15: 1-2 | J15: 0.8140187 | K15: ='PPR desejados'!J15 -> 0.8571591 | O15: 3 | P15: 2-3 | Q15: 0.5303733 | R15: ='PPR desejados'!Q15 -> 0.421292
A16: --- | B16: All Women | C16: (45-49) | D16: i | E16: = | F16: 1..4 | G16: --- | H16: 3 | I16: 2-3 | J16: 0.5565124 | K16: ='PPR desejados'!J16 -> 0.4465682 | O16: 4 | P16: 3-4 | Q16: 0.4853048 | R16: ='PPR desejados'!Q16 -> 0.4443761
B17: Parity | C17: tidos | D17: desejados | H17: 4 | I17: 3-4 | J17: 0.5045849 | K17: ='PPR desejados'!J17 -> 0.4793581
A18: 1 | B18: 0-1 | C18: 0.8655703 | D18: ='PPR desejados'!C17 -> 0.9206525 | O18: ============================
A19: 2 | B19: 1-2 | C19: 0.8351048 | D19: ='PPR desejados'!C18 -> 0.8514769 | H19: ============================ | O19: == | P19: Subgrupo: | Q19: pub
A20: 3 | B20: 2-3 | C20: 0.6015555 | D20: ='PPR desejados'!C19 -> 0.4611487 | H20: == | I20: Subgrupo: | J20: pub | O20: ============================
A21: 4 | B21: 3-4 | C21: 0.5574857 | D21: ='PPR desejados'!C20 -> 0.5150369 | H21: ============================
O22: --- | P22: Resumo | Q22: (junta_df) | R22: ---
A23: ============================ | H23: --- | I23: Resumo | J23: (junta_df) | K23: --- | P23: Age | Q23: AverageParity | R23: CTFR_pprs | S23: CTFR_prop
A24: == | B24: Subgrupo: | C24: pub | I24: Age | J24: AverageParity | K24: CTFR_pprs | L24: CTFR_prop | O24: 1 | P24: <20 | Q24: 1 | R24: 1 | S24: 1
A25: ============================ | H25: 1 | I25: <20 | J25: 1 | K25: 1 | L25: 1 | O25: 2 | P25: 20-34 | Q25: 0.961 | R25: 0.961 | S25: 0.9615
H26: 2 | I26: 20-29 | J26: 0.863 | K26: 0.863 | L26: 0.8634 | O26: 3 | P26: 35-49 | Q26: 1.525 | R26: 1.515 | S26: 1.5147
A27: --- | B27: Resumo | C27: (junta_df) | D27: --- | H27: 3 | I27: 30-39 | J27: 1.172 | K27: 1.172 | L27: 1.1718
B28: Age | C28: AverageParity | D28: CTFR_pprs | E28: CTFR_prop | H28: 4 | I28: 40-49 | J28: 1.621 | K28: 1.606 | L28: 1.6059 | O28: --- | P28: Public | Q28: (35-49) | R28: i | S28: = | T28: 1..4 | U28: ---
A29: 1 | B29: <20 | C29: 1 | D29: 1 | E29: 1 | P29: Parity | Q29: PPR | R29: desejados
A30: 2 | B30: 20-24 | C30: 0.485 | D30: 0.485 | E30: 0.4851 | H30: --- | I30: Public | J30: (40-49) | K30: i | L30: = | M30: 1..4 | N30: --- | O30: 1 | P30: 0-1 | Q30: 0.7177626 | R30: ='PPR desejados'!Q30 -> 0.9154161
A31: 3 | B31: 25-29 | C31: 1.084 | D31: 1.084 | E31: 1.0836 | I31: Parity | J31: PPR_pub | K31: desejados | O31: 2 | P31: 1-2 | Q31: 0.6862927 | R31: ='PPR desejados'!Q31 -> 0.8310429
A32: 4 | B32: 30-34 | C32: 1.064 | D32: 1.064 | E32: 1.0645 | H32: 1 | I32: 0-1 | J32: 0.7243363 | K32: ='PPR desejados'!J32 -> 0.9238399 | O32: 3 | P32: 2-3 | Q32: 0.3606495 | R32: ='PPR desejados'!Q32 -> 0.3677907
A33: 5 | B33: 35-39 | C33: 1.26 | D33: 1.26 | E33: 1.2595 | H33: 2 | I33: 1-2 | J33: 0.7395163 | K33: ='PPR desejados'!J33 -> 0.8568922 | O33: 4 | P33: 3-4 | Q33: 0.3179398 | R33: ='PPR desejados'!Q33 -> 0.377752
A34: 6 | B34: 40-44 | C34: 1.852 | D34: 1.824 | E34: 1.8239 | H34: 3 | I34: 2-3 | J34: 0.3482385 | K34: ='PPR desejados'!J34 -> 0.3585101
A35: 7 | B35: 45-49 | C35: 1.382 | D35: 1.38 | E35: 1.3804 | H35: 4 | I35: 3-4 | J35: 0.344452 | K35: ='PPR desejados'!J35 -> 0.4550351 | O35: ============================
O36: == | P36: Subgrupo: | Q36: yes
A37: --- | B37: Public | C37: (45-49) | D37: i | E37: = | F37: 1..4 | G37: --- | H37: ============================ | O37: ============================
B38: Parity | C38: PPR | D38: desejados | H38: == | I38: Subgrupo: | J38: yes
A39: 1 | B39: 0-1 | C39: 0.6522101 | D39: ='PPR desejados'!C38 -> 0.8984116 | H39: ============================ | O39: --- | P39: Resumo | Q39: (junta_df) | R39: ---
A40: 2 | B40: 1-2 | C40: 0.6090589 | D40: ='PPR desejados'!C39 -> 0.8138817 | P40: Age | Q40: AverageParity | R40: CTFR_pprs | S40: CTFR_prop
A41: 3 | B41: 2-3 | C41: 0.4454485 | D41: ='PPR desejados'!C40 -> 0.3333078 | H41: --- | I41: Resumo | J41: (junta_df) | K41: --- | O41: 1 | P41: <20 | Q41: 0.129 | R41: 0.129 | S41: 0.1286
A42: 4 | B42: 3-4 | C42: 0.4665866 | D42: ='PPR desejados'!C41 -> 0.3896337 | I42: Age | J42: AverageParity | K42: CTFR_pprs | L42: CTFR_prop | O42: 2 | P42: 20-34 | Q42: 0.871 | R42: 0.871 | S42: 0.8715
H43: 1 | I43: <20 | J43: 0.129 | K43: 0.129 | L43: 0.1286 | O43: 3 | P43: 35-49 | Q43: 1.845 | R43: 1.845 | S43: 1.845
A44: ============================ | H44: 2 | I44: 20-29 | J44: 0.68 | K44: 0.68 | L44: 0.6796
A45: == | B45: Subgrupo: | C45: yes | H45: 3 | I45: 30-39 | J45: 1.477 | K45: 1.477 | L45: 1.4765 | O45: --- | P45: Yes contract | Q45: (35-49) | R45: i | S45: = | T45: 1..4 | U45: ---
A46: ============================ | H46: 4 | I46: 40-49 | J46: 1.986 | K46: 1.986 | L46: 1.986 | P46: Parity | Q46: PPR | R46: desejados
O47: 1 | P47: 0-1 | Q47: 0.8311465 | R47: ='PPR desejados'!Q47 -> 0.9220204
A48: --- | B48: Resumo | C48: (junta_df) | D48: --- | H48: --- | I48: Yes contract | J48: (40-49) | K48: i | L48: = | M48: 1..4 | N48: --- | O48: 2 | P48: 1-2 | Q48: 0.7283467 | R48: ='PPR desejados'!Q48 -> 0.8495989
B49: Age | C49: AverageParity | D49: CTFR_pprs | E49: CTFR_prop | I49: Parity | J49: PPR_yes | K49: desejados | O49: 3 | P49: 2-3 | Q49: 0.4231024 | R49: ='PPR desejados'!Q49 -> 0.3440082
A50: 1 | B50: <20 | C50: 0.129 | D50: 0.129 | E50: 0.1286 | H50: 1 | I50: 0-1 | J50: 0.8651603 | K50: ='PPR desejados'!J50 -> 0.9109097 | O50: 4 | P50: 3-4 | Q50: 0.3663965 | R50: ='PPR desejados'!Q50 -> 0.420074
A51: 2 | B51: 20-24 | C51: 0.432 | D51: 0.432 | E51: 0.4319 | H51: 2 | I51: 1-2 | J51: 0.7475883 | K51: ='PPR desejados'!J51 -> 0.8494105
A52: 3 | B52: 25-29 | C52: 0.904 | D52: 0.904 | E52: 0.9038 | H52: 3 | I52: 2-3 | J52: 0.46022 | K52: ='PPR desejados'!J52 -> 0.3920651 | O52: ============================
A53: 4 | B53: 30-34 | C53: 1.335 | D53: 1.335 | E53: 1.3352 | H53: 4 | I53: 3-4 | J53: 0.3723365 | K53: ='PPR desejados'!J53 -> 0.4364811 | O53: == | P53: Subgrupo: | Q53: no
A54: 5 | B54: 35-39 | C54: 1.617 | D54: 1.617 | E54: 1.617 | O54: ============================
A55: 6 | B55: 40-44 | C55: 1.856 | D55: 1.856 | E55: 1.856 | H55: ============================
A56: 7 | B56: 45-49 | C56: 2.147 | D56: 2.147 | E56: 2.147 | H56: == | I56: Subgrupo: | J56: no | O56: --- | P56: Resumo | Q56: (junta_df) | R56: ---
H57: ============================ | P57: Age | Q57: AverageParity | R57: CTFR_pprs | S57: CTFR_prop
A58: --- | B58: Yes contract | C58: (45-49) | D58: i | E58: = | F58: 1..4 | G58: --- | O58: 1 | P58: <20 | Q58: 0.135 | R58: 0.135 | S58: 0.135
B59: Parity | C59: PPR | D59: desejados | H59: --- | I59: Resumo | J59: (junta_df) | K59: --- | O59: 2 | P59: 20-34 | Q59: 1.325 | R59: 1.325 | S59: 1.3251
A60: 1 | B60: 0-1 | C60: 0.8507822 | D60: ='PPR desejados'!C59 -> 0.8794727 | I60: Age | J60: AverageParity | K60: CTFR_pprs | L60: CTFR_prop | O60: 3 | P60: 35-49 | Q60: 2.491 | R60: 2.49 | S60: 2.4899
A61: 2 | B61: 1-2 | C61: 0.8246147 | D61: ='PPR desejados'!C60 -> 0.8714525 | H61: 1 | I61: <20 | J61: 0.135 | K61: 0.135 | L61: 0.135
A62: 3 | B62: 2-3 | C62: 0.5018533 | D62: ='PPR desejados'!C61 -> 0.3450655 | H62: 2 | I62: 20-29 | J62: 1.044 | K62: 1.044 | L62: 1.0437 | O62: --- | P62: No contract | Q62: (35-49) | R62: i | S62: = | T62: 1..4 | U62: ---
A63: 4 | B63: 3-4 | C63: 0.417298 | D63: ='PPR desejados'!C62 -> 0.427406 | H63: 3 | I63: 30-39 | J63: 2.072 | K63: 2.072 | L63: 2.072 | P63: Parity | Q63: PPR | R63: desejados
H64: 4 | I64: 40-49 | J64: 2.662 | K64: 2.66 | L64: 2.6604 | O64: 1 | P64: 0-1 | Q64: 0.8947422 | R64: ='PPR desejados'!Q64 -> 0.9278961
A65: ============================ | O65: 2 | P65: 1-2 | Q65: 0.8122887 | R65: ='PPR desejados'!Q65 -> 0.8614063
A66: == | B66: Subgrupo: | C66: no | H66: --- | I66: No contract | J66: (40-49) | K66: i | L66: = | M66: 1..4 | N66: --- | O66: 3 | P66: 2-3 | Q66: 0.5636914 | R66: ='PPR desejados'!Q66 -> 0.4410989
A67: ============================ | I67: Parity | J67: PPR_no | K67: desejados | O67: 4 | P67: 3-4 | Q67: 0.4891794 | R67: ='PPR desejados'!Q67 -> 0.436025
H68: 1 | I68: 0-1 | J68: 0.8895658 | K68: ='PPR desejados'!J68 -> 0.9325308
A69: --- | B69: Resumo | C69: (junta_df) | D69: --- | H69: 2 | I69: 1-2 | J69: 0.8417245 | K69: ='PPR desejados'!J69 -> 0.8626105
B70: Age | C70: AverageParity | D70: CTFR_pprs | E70: CTFR_prop | H70: 3 | I70: 2-3 | J70: 0.6090518 | K70: ='PPR desejados'!J70 -> 0.4756025
A71: 1 | B71: <20 | C71: 0.135 | D71: 0.135 | E71: 0.135 | H71: 4 | I71: 3-4 | J71: 0.5104586 | K71: ='PPR desejados'!J71 -> 0.4832601
A72: 2 | B72: 20-24 | C72: 0.766 | D72: 0.766 | E72: 0.766
A73: 3 | B73: 25-29 | C73: 1.337 | D73: 1.337 | E73: 1.3364
A74: 4 | B74: 30-34 | C74: 1.943 | D74: 1.943 | E74: 1.9436
A75: 5 | B75: 35-39 | C75: 2.201 | D75: 2.201 | E75: 2.2009
A76: 6 | B76: 40-44 | C76: 2.522 | D76: 2.522 | E76: 2.5217
A77: 7 | B77: 45-49 | C77: 2.836 | D77: 2.833 | E77: 2.833
A79: --- | B79: No contract | C79: (45-49) | D79: i | E79: = | F79: 1..4 | G79: ---
B80: Parity | C80: tidos | D80: desejados
A81: 1 | B81: 0-1 | C81: 0.8695805 | D81: ='PPR desejados'!C80 -> 0.9272098
A82: 2 | B82: 1-2 | C82: 0.8281233 | D82: ='PPR desejados'!C81 -> 0.859271
A83: 3 | B83: 2-3 | C83: 0.6715995 | D83: ='PPR desejados'!C82 -> 0.5252636
A84: 4 | B84: 3-4 | C84: 0.5982155 | D84: ='PPR desejados'!C83 -> 0.5296859

Sheet PPR desejados
A1: ============================ | H1: ============================ | O1: ============================
A2: == | B2: Subgrupo: | C2: mu | H2: == | I2: Subgrupo: | J2: mu | O2: == | P2: Subgrupo: | Q2: mu
A3: ============================ | H3: ============================ | O3: ============================
A5: --- | B5: Resumo | C5: (junta_df) | D5: --- | H5: --- | I5: Resumo | J5: (junta_df) | K5: --- | O5: --- | P5: Resumo | Q5: (junta_df) | R5: ---
B6: Age | C6: AverageParity | D6: CTFR_pprs | E6: CTFR_prop | I6: Age | J6: AverageParity | K6: CTFR_pprs | L6: CTFR_prop | P6: Age | Q6: AverageParity | R6: CTFR_pprs | S6: CTFR_prop
A7: 1 | B7: <20 | C7: 1.868 | D7: 1.868 | E7: 1.8685 | H7: 1 | I7: <20 | J7: 1.868 | K7: 1.868 | L7: 1.8685 | O7: 1 | P7: <20 | Q7: 1.868 | R7: 1.868 | S7: 1.8685
A8: 2 | B8: 20-24 | C8: 1.867 | D8: 1.867 | E8: 1.8666 | H8: 2 | I8: 20-29 | J8: 1.892 | K8: 1.892 | L8: 1.8923 | O8: 2 | P8: 20-34 | Q8: 1.951 | R8: 1.951 | S8: 1.9514
A9: 3 | B9: 25-29 | C9: 1.92 | D9: 1.92 | E9: 1.9202 | H9: 3 | I9: 30-39 | J9: 2.144 | K9: 2.144 | L9: 2.1442 | O9: 3 | P9: 35-49 | Q9: 2.372 | R9: 2.371 | S9: 2.3714
A10: 4 | B10: 30-34 | C10: 2.086 | D10: 2.086 | E10: 2.0861 | H10: 4 | I10: 40-49 | J10: 2.466 | K10: 2.465 | L10: 2.4653
A11: 5 | B11: 35-39 | C11: 2.204 | D11: 2.204 | E11: 2.2038 | O11: --- | P11: PPR | Q11: (35-49) | R11: i | S11: = | T11: 1..4 | U11: ---
A12: 6 | B12: 40-44 | C12: 2.423 | D12: 2.422 | E12: 2.4223 | H12: --- | I12: PPR | J12: (40-49) | K12: i | L12: = | M12: 1..4 | N12: --- | P12: Parity | Q12: PPR
A13: 7 | B13: 45-49 | C13: 2.517 | D13: 2.515 | E13: 2.515 | I13: Parity | J13: PPR | O13: 1 | P13: 1 | Q13: 0.9313593
H14: 1 | I14: 1 | J14: 0.9320715 | O14: 2 | P14: 2 | Q14: 0.8527571
A15: --- | B15: PPR | C15: (45-49) | D15: i | E15: = | F15: 1..4 | G15: --- | H15: 2 | I15: 2 | J15: 0.8571591 | O15: 3 | P15: 3 | Q15: 0.421292
B16: Parity | C16: PPR_mu | H16: 3 | I16: 3 | J16: 0.4465682 | O16: 4 | P16: 4 | Q16: 0.4443761
A17: 1 | B17: 1 | C17: 0.9206525 | H17: 4 | I17: 4 | J17: 0.4793581
A18: 2 | B18: 2 | C18: 0.8514769 | O18: ============================
A19: 3 | B19: 3 | C19: 0.4611487 | H19: ============================ | O19: == | P19: Subgrupo: | Q19: pub
A20: 4 | B20: 4 | C20: 0.5150369 | H20: == | I20: Subgrupo: | J20: pub | O20: ============================
H21: ============================
A22: ============================ | O22: --- | P22: Resumo | Q22: (junta_df) | R22: ---
A23: == | B23: Subgrupo: | C23: pub | H23: --- | I23: Resumo | J23: (junta_df) | K23: --- | P23: Age | Q23: AverageParity | R23: CTFR_pprs | S23: CTFR_prop
A24: ============================ | I24: Age | J24: AverageParity | K24: CTFR_pprs | L24: CTFR_prop | O24: 1 | P24: <20 | Q24: 2 | R24: 2 | S24: 2
H25: 1 | I25: <20 | J25: 2 | K25: 2 | L25: 2 | O25: 2 | P25: 20-34 | Q25: 1.946 | R25: 1.946 | S25: 1.9459
A26: --- | B26: Resumo | C26: (junta_df) | D26: --- | H26: 2 | I26: 20-29 | J26: 1.845 | K26: 1.845 | L26: 1.8448 | O26: 3 | P26: 35-49 | Q26: 2.204 | R26: 2.174 | S26: 2.1737
B27: Age | C27: AverageParity | D27: CTFR_pprs | E27: CTFR_prop | H27: 3 | I27: 30-39 | J27: 1.964 | K27: 1.964 | L27: 1.9645
A28: 1 | B28: <20 | C28: 2 | D28: 2 | E28: 2 | H28: 4 | I28: 40-49 | J28: 2.321 | K28: 2.279 | L28: 2.2788 | O28: --- | P28: PPR | Q28: (35-49) | R28: i | S28: = | T28: 1..4 | U28: ---
A29: 2 | B29: 20-24 | C29: 1.601 | D29: 1.601 | E29: 1.601 | P29: Parity | Q29: PPR
A30: 3 | B30: 25-29 | C30: 1.995 | D30: 1.995 | E30: 1.9952 | H30: --- | I30: PPR | J30: (40-49) | K30: i | L30: = | M30: 1..4 | N30: --- | O30: 1 | P30: 1 | Q30: 0.9154161
A31: 4 | B31: 30-34 | C31: 2.049 | D31: 2.049 | E31: 2.0486 | I31: Parity | J31: PPR | O31: 2 | P31: 2 | Q31: 0.8310429
A32: 5 | B32: 35-39 | C32: 1.896 | D32: 1.896 | E32: 1.8956 | H32: 1 | I32: 1 | J32: 0.9238399 | O32: 3 | P32: 3 | Q32: 0.3677907
A33: 6 | B33: 40-44 | C33: 2.508 | D33: 2.452 | E33: 2.4525 | H33: 2 | I33: 2 | J33: 0.8568922 | O33: 4 | P33: 4 | Q33: 0.377752
A34: 7 | B34: 45-49 | C34: 2.105 | D34: 2.077 | E34: 2.0769 | H34: 3 | I34: 3 | J34: 0.3585101
H35: 4 | I35: 4 | J35: 0.4550351 | O35: ============================
A36: --- | B36: PPR | C36: (45-49) | D36: i | E36: = | F36: 1..4 | G36: --- | O36: == | P36: Subgrupo: | Q36: yes
B37: Parity | C37: PPR_pub | H37: ============================ | O37: ============================
A38: 1 | B38: 1 | C38: 0.8984116 | H38: == | I38: Subgrupo: | J38: yes
A39: 2 | B39: 2 | C39: 0.8138817 | H39: ============================ | O39: --- | P39: Resumo | Q39: (junta_df) | R39: ---
A40: 3 | B40: 3 | C40: 0.3333078 | P40: Age | Q40: AverageParity | R40: CTFR_pprs | S40: CTFR_prop
A41: 4 | B41: 4 | C41: 0.3896337 | H41: --- | I41: Resumo | J41: (junta_df) | K41: --- | O41: 1 | P41: <20 | Q41: 1.997 | R41: 1.997 | S41: 1.997
I42: Age | J42: AverageParity | K42: CTFR_pprs | L42: CTFR_prop | O42: 2 | P42: 20-34 | Q42: 1.933 | R42: 1.933 | S42: 1.9331
A43: ============================ | H43: 1 | I43: <20 | J43: 1.997 | K43: 1.997 | L43: 1.997 | O43: 3 | P43: 35-49 | Q43: 2.212 | R43: 2.212 | S43: 2.2117
A44: == | B44: Subgrupo: | C44: yes | H44: 2 | I44: 20-29 | J44: 1.838 | K44: 1.838 | L44: 1.8379
A45: ============================ | H45: 3 | I45: 30-39 | J45: 2.12 | K45: 2.12 | L45: 2.1196 | O45: --- | P45: PPR | Q45: (35-49) | R45: i | S45: = | T45: 1..4 | U45: ---
H46: 4 | I46: 40-49 | J46: 2.295 | K46: 2.295 | L46: 2.2952 | P46: Parity | Q46: PPR
A47: --- | B47: Resumo | C47: (junta_df) | D47: --- | O47: 1 | P47: 1 | Q47: 0.9220204
B48: Age | C48: AverageParity | D48: CTFR_pprs | E48: CTFR_prop | H48: --- | I48: PPR | J48: (40-49) | K48: i | L48: = | M48: 1..4 | N48: --- | O48: 2 | P48: 2 | Q48: 0.8495989
A49: 1 | B49: <20 | C49: 1.997 | D49: 1.997 | E49: 1.997 | I49: Parity | J49: PPR | O49: 3 | P49: 3 | Q49: 0.3440082
A50: 2 | B50: 20-24 | C50: 1.837 | D50: 1.837 | E50: 1.8366 | H50: 1 | I50: 1 | J50: 0.9109097 | O50: 4 | P50: 4 | Q50: 0.420074
A51: 3 | B51: 25-29 | C51: 1.84 | D51: 1.84 | E51: 1.8396 | H51: 2 | I51: 2 | J51: 0.8494105
A52: 4 | B52: 30-34 | C52: 2.162 | D52: 2.162 | E52: 2.1622 | H52: 3 | I52: 3 | J52: 0.3920651 | O52: ============================
A53: 5 | B53: 35-39 | C53: 2.077 | D53: 2.077 | E53: 2.0776 | H53: 4 | I53: 4 | J53: 0.4364811 | O53: == | P53: Subgrupo: | Q53: no
A54: 6 | B54: 40-44 | C54: 2.358 | D54: 2.358 | E54: 2.3581 | O54: ============================
A55: 7 | B55: 45-49 | C55: 2.218 | D55: 2.218 | E55: 2.2182 | H55: ============================
H56: == | I56: Subgrupo: | J56: no | O56: --- | P56: Resumo | Q56: (junta_df) | R56: ---
A57: --- | B57: PPR | C57: (45-49) | D57: i | E57: = | F57: 1..4 | G57: --- | H57: ============================ | P57: Age | Q57: AverageParity | R57: CTFR_pprs | S57: CTFR_prop
B58: Parity | C58: PPR_yes | O58: 1 | P58: <20 | Q58: 1.87 | R58: 1.87 | S58: 1.8703
A59: 1 | B59: 1 | C59: 0.8794727 | H59: --- | I59: Resumo | J59: (junta_df) | K59: --- | O59: 2 | P59: 20-34 | Q59: 1.941 | R59: 1.941 | S59: 1.9415
A60: 2 | B60: 2 | C60: 0.8714525 | I60: Age | J60: AverageParity | K60: CTFR_pprs | L60: CTFR_prop | O60: 3 | P60: 35-49 | Q60: 2.395 | R60: 2.392 | S60: 2.3922
A61: 3 | B61: 3 | C61: 0.3450655 | H61: 1 | I61: <20 | J61: 1.87 | K61: 1.87 | L61: 1.8703
A62: 4 | B62: 4 | C62: 0.427406 | H62: 2 | I62: 20-29 | J62: 1.904 | K62: 1.904 | L62: 1.9042 | O62: --- | P62: PPR | Q62: (35-49) | R62: i | S62: = | T62: 1..4 | U62: ---
H63: 3 | I63: 30-39 | J63: 2.113 | K63: 2.113 | L63: 2.1126 | P63: Parity | Q63: PPR
A64: ============================ | H64: 4 | I64: 40-49 | J64: 2.507 | K64: 2.504 | L64: 2.5036 | O64: 1 | P64: 1 | Q64: 0.9278961
A65: == | B65: Subgrupo: | C65: no | O65: 2 | P65: 2 | Q65: 0.8614063
A66: ============================ | H66: --- | I66: PPR | J66: (40-49) | K66: i | L66: = | M66: 1..4 | N66: --- | O66: 3 | P66: 3 | Q66: 0.4410989
I67: Parity | J67: PPR | O67: 4 | P67: 4 | Q67: 0.436025
A68: --- | B68: Resumo | C68: (junta_df) | D68: --- | H68: 1 | I68: 1 | J68: 0.9325308
B69: Age | C69: AverageParity | D69: CTFR_pprs | E69: CTFR_prop | H69: 2 | I69: 2 | J69: 0.8626105
A70: 1 | B70: <20 | C70: 1.87 | D70: 1.87 | E70: 1.8703 | H70: 3 | I70: 3 | J70: 0.4756025
A71: 2 | B71: 20-24 | C71: 1.886 | D71: 1.886 | E71: 1.8857 | H71: 4 | I71: 4 | J71: 0.4832601
A72: 3 | B72: 25-29 | C72: 1.924 | D72: 1.924 | E72: 1.9242
A73: 4 | B73: 30-34 | C73: 2.023 | D73: 2.023 | E73: 2.0225
A74: 5 | B74: 35-39 | C74: 2.205 | D74: 2.203 | E74: 2.2035
A75: 6 | B75: 40-44 | C75: 2.432 | D75: 2.43 | E75: 2.4294
A76: 7 | B76: 45-49 | C76: 2.6 | D76: 2.596 | E76: 2.5961
A78: --- | B78: PPR | C78: (45-49) | D78: i | E78: = | F78: 1..4 | G78: ---
B79: Parity | C79: PPR_no
A80: 1 | B80: 1 | C80: 0.9272098
A81: 2 | B81: 2 | C81: 0.859271
A82: 3 | B82: 3 | C82: 0.5252636
A83: 4 | B83: 4 | C83: 0.5296859

Sheet mulheres
A1: > | B1: svytable(~addNA(M712_CART) | C1: design | D1: = | E1: mu)
A2: addNA(M712_CART)
B3: 1 | C3: 2 | D3: 3 | E3: 95 | F3: <NA>
B4: 11873344 | C4: 21155353 | D4: 1370872 | E4: 73393.8 | F4: 17888493
A7: idade_categ
B8: <20 | C8: 20-24 | D8: 25-29 | E8: 30-34 | F8: 35-39 | G8: 40-44 | H8: 45-49 | I8: Total
B9: 8417796 | C9: 8660654 | D9: 8023502 | E9: 7276364 | F9: 7097828 | G9: 6947801 | H9: 5937511 | I9: =SUM(B9:H9) -> 52361456
A12: > | B12: svytable(~CM008_SITU+idade_categ | C12: design | D12: = | E12: mu)
B13: idade_categ
A14: CM008_SITU | C14: <20 | D14: 20-24 | E14: 25-29 | F14: 30-34 | G14: 35-39 | H14: 40-44 | I14: 45-49 | J14: total
B15: 1 | C15: 6880481.3 | D15: 7147455 | E15: 6748987.1 | F15: 6152921.7 | G15: 6031203 | H15: 5786108 | I15: 5081694.3 | J15: =SUM(C15:I15) -> 43828850 | K15: =J15/$I$9 -> 0.83704415
B16: 2 | C16: 1537314.8 | D16: 1513199.2 | E16: 1274514.8 | F16: 1123442.1 | G16: 1066625.3 | H16: 1161692.5 | I16: 855817.1 | J16: =SUM(C16:I16) -> 8532605.8 | K16: =J16/$I$9 -> 0.16295585
A19: > | B19: svytable(~CM004_MACR+idade_categ | C19: design | D19: = | E19: mu)
B20: idade_categ
A21: CM004_MACR | C21: <20 | D21: 20-24 | E21: 25-29 | F21: 30-34 | G21: 35-39 | H21: 40-44 | I21: 45-49 | J21: total
B22: 1 | C22: 747944.7 | D22: 718881.5 | E22: 637721.7 | F22: 599902.5 | G22: 479944 | H22: 412261.1 | I22: 280600.8 | J22: =SUM(C22:I22) -> 3877256.3 | K22: =J22/$I$9 -> 0.074047908
B23: 2 | C23: 2541140.1 | D23: 2390808.1 | E23: 2234308.6 | F23: 1868657.8 | G23: 1794270.1 | H23: 1571375.2 | I23: 1421764.3 | J23: =SUM(C23:I23) -> 13822324 | K23: =J23/$I$9 -> 0.26397899
B24: 3 | C24: 3380772.2 | D24: 3834307.7 | E24: 3403946.2 | F24: 3170723 | G24: 3332925.7 | H24: 3156997 | I24: 2796194 | J24: =SUM(C24:I24) -> 23075866 | K24: =J24/$I$9 -> 0.44070329
B25: 4 | C25: 1165220.6 | D25: 1100138.6 | E25: 1167287 | F25: 1113891.2 | G25: 960148.1 | H25: 1275012.1 | I25: 998188.2 | J25: =SUM(C25:I25) -> 7779885.8 | K25: =J25/$I$9 -> 0.14858039
B26: 5 | C26: 582718.4 | D26: 616518.3 | E26: 580238.4 | F26: 523189.2 | G26: 530540.4 | H26: 532155.1 | I26: 440764.2 | J26: =SUM(C26:I26) -> 3806124 | K26: =J26/$I$9 -> 0.072689423
A28: > | B28: svytable(~escolarizacao_cat+idade_categ | C28: design | D28: = | E28: mu)
B29: idade_categ
A30: escolarizacao_cat | C30: <20 | D30: 20-24 | E30: 25-29 | F30: 30-34 | G30: 35-39 | H30: 40-44 | I30: 45-49 | J30: total
B31: <8 | C31: 2475865.4 | D31: 2018834.8 | E31: 2623450.7 | F31: 2588101 | G31: 2846353.1 | H31: 3129908.8 | I31: 3206123.6 | J31: =SUM(C31:I31) -> 18888637 | K31: =J31/$I$9 -> 0.36073553
B32: 45969 | C32: 5648637.1 | D32: 5459932.5 | E32: 4080871.7 | F32: 3546276.2 | G32: 3091456 | H32: 2829245.5 | I32: 1813221.8 | J32: =SUM(C32:I32) -> 26469641 | K32: =J32/$I$9 -> 0.50551766
B33: 12+ | C33: 246125.1 | D33: 1101211.2 | E33: 1234738.4 | F33: 1099988.9 | G33: 1110661.9 | H33: 936292.9 | I33: 821358.6 | J33: =SUM(C33:I33) -> 6550377 | K33: =J33/$I$9 -> 0.12509921
A35: > | B35: svytable(~etnia_cat+idade_categ | C35: design | D35: = | E35: mu)
B36: idade_categ
A37: etnia_cat | C37: <20 | D37: 20-24 | E37: 25-29 | F37: 30-34 | G37: 35-39 | H37: 40-44 | I37: 45-49 | J37: total
B38: Branca | C38: 2978255 | D38: 3348152.9 | E38: 3019700.7 | F38: 2864515.6 | G38: 2903187.3 | H38: 3073902.9 | I38: 2686201.7 | J38: =SUM(C38:I38) -> 20873916 | K38: =J38/$I$9 -> 0.39865041
B39: Negra | C39: 4766161.2 | D39: 4688728.7 | E39: 4467841.6 | F39: 4003088.6 | G39: 3827348.1 | H39: 3518047.6 | I39: 2998907 | J39: =SUM(C39:I39) -> 28270123 | K39: =J39/$I$9 -> 0.5399033
B40: Outra | C40: 598786.9 | D40: 556877.3 | E40: 429450 | F40: 352412.3 | G40: 314293.4 | H40: 263925.8 | I40: 199427.2 | J40: =SUM(C40:I40) -> 2715172.9 | K40: =J40/$I$9 -> 0.051854419

Sheet resumo
B2: Characteristics | C2: number of Women (Weighted data) | E2: % | N2: Characteristics | O2: CTFR (achived) | P2: CTFR (desired) | Q2: % of women with no children
C3: all women | D3: public servants | E3: all women | F3: public servants | N3: Total
B4: Total | C4: =mulheres!I9 -> 52361456 | D4: =[1]resumo!C3 -> 1370872 | E4: 1 | F4: =[1]resumo!D3 -> 1 | N4: Household location
B5: Household location | N5: Urban
B6: Urban | C6: =mulheres!J15 -> 43828850 | D6: =[1]resumo!C5 -> 1236773 | E6: =mulheres!K15 -> 0.83704415 | F6: =[1]resumo!D5 -> 0.90217977 | N6: Rural
B7: Rural | C7: =mulheres!J16 -> 8532605.8 | D7: =[1]resumo!C6 -> 134099.01 | E7: =mulheres!K16 -> 0.16295585 | F7: =[1]resumo!D6 -> 0.097820227 | N7: Region
B8: Region | N8: North
B9: North | C9: =mulheres!J22 -> 3877256.3 | D9: =[1]resumo!C8 -> 109218.71 | E9: =mulheres!K22 -> 0.074047908 | F9: =[1]resumo!D8 -> 0.079670977 | N9: Northeast
B10: Northeast | C10: =mulheres!J23 -> 13822324 | D10: =[1]resumo!C9 -> 239070.29 | E10: =mulheres!K23 -> 0.26397899 | F10: =[1]resumo!D9 -> 0.17439286 | N10: Southeast
B11: Southeast | C11: =mulheres!J24 -> 23075866 | D11: =[1]resumo!C10 -> 610527.33 | E11: =mulheres!K24 -> 0.44070329 | F11: =[1]resumo!D10 -> 0.44535691 | N11: South
B12: South | C12: =mulheres!J25 -> 7779885.8 | D12: =[1]resumo!C11 -> 291846.94 | E12: =mulheres!K25 -> 0.14858039 | F12: =[1]resumo!D11 -> 0.21289145 | N12: Central-West
B13: Central-West | C13: =mulheres!J26 -> 3806124 | D13: =[1]resumo!C12 -> 120208.76 | E13: =mulheres!K26 -> 0.072689423 | F13: =[1]resumo!D12 -> 0.087687807 | N13: Education
B14: Education | N14: Up to 8 years
B15: Up to 7 years | C15: =mulheres!J31 -> 18888637 | D15: =[1]resumo!C14 -> 122900.57 | E15: =mulheres!K31 -> 0.36073553 | F15: =[1]resumo!D14 -> 0.089683254 | N15: 9–11 years
B16: 8–11 years | C16: =mulheres!J32 -> 26469641 | D16: =[1]resumo!C15 -> 461148.44 | E16: =mulheres!K32 -> 0.50551766 | F16: =[1]resumo!D15 -> 0.33651019 | N16: 12 or more years
B17: 12 or more years | C17: =mulheres!J33 -> 6550377 | D17: =[1]resumo!C16 -> 786335.76 | E17: =mulheres!K33 -> 0.12509921 | F17: =[1]resumo!D16 -> 0.57380655 | N17: Ethnicity
B18: Ethnicity | N18: White
B19: White | C19: =mulheres!J38 -> 20873916 | D19: =[1]resumo!C18 -> 700554.37 | E19: =mulheres!K38 -> 0.39865041 | F19: =[1]resumo!D18 -> 0.51507104 | N19: Black
B20: Black | C20: =mulheres!J39 -> 28270123 | D20: =[1]resumo!C19 -> 610856.02 | E20: =mulheres!K39 -> 0.5399033 | F20: =[1]resumo!D19 -> 0.4491218 | N20: Other
B21: Other | C21: =mulheres!J40 -> 2715172.9 | D21: =[1]resumo!C20 -> 48701.755 | E21: =mulheres!K40 -> 0.051854419 | F21: =[1]resumo!D20 -> 0.035807161
O22: =desejados!C4 -> <20 | P22: =desejados!D4 -> 20-24 | Q22: =desejados!E4 -> 25-29 | R22: =desejados!F4 -> 30-34 | S22: =desejados!G4 -> 35-39 | T22: =desejados!H4 -> 40-44
N23: Mean intended number | O23: =desejados!D23 -> 1.8666804 | P23: =desejados!E23 -> 1.9202251 | Q23: =desejados!F23 -> 2.0861798 | R23: =desejados!G23 -> 2.2040976 | S23: =desejados!H23 -> 2.4231515 | T23: =desejados!I23 -> 2.5170012
N24: Mean actual number | O24: =nascidos!C23 -> 0.18578847 | P24: =nascidos!D23 -> 0.74276584 | Q24: =nascidos!E23 -> 1.2707499 | R24: =nascidos!F23 -> 1.8116451 | S24: =nascidos!G23 -> 2.0568047 | T24: =nascidos!H23 -> 2.3819344
N25: Difference | O25: =O23-O24 -> 1.6808919 | P25: =P23-P24 -> 1.1774592 | Q25: =Q23-Q24 -> 0.81542981 | R25: =R23-R24 -> 0.39245247 | S25: =S23-S24 -> 0.36634681 | T25: =T23-T24 -> 0.1350668
B28: Marital status | C28: Single (never married) | D28: Currently married (civil marriage) | E28: Currently living together (consensual union) | F28: Widowed | G28: Separated | H28: Legally separated (de facto separated) | I28: Divorced | J28: Indeterminate / Not specified | K28: total
A29: Weighted data | B29: All Women | C29: 13486168 | D29: 19226004 | E29: 14288390 | F29: 706341.84 | G29: 3893959 | H29: 103432.86 | I29: 610026.45 | J29: 47134.02 | K29: =SUM(C29:J29) -> 52361456
B30: Public servants | C30: =[1]descritiva!E14 -> 316287.44 | D30: =[1]descritiva!F14 -> 604590.04 | E30: =[1]descritiva!G14 -> 233160.54 | F30: =[1]descritiva!H14 -> 28820.761 | G30: =[1]descritiva!I14 -> 128289.57 | H30: =[1]descritiva!J14 -> 2630.997 | I30: =[1]descritiva!K14 -> 57092.683 | J30: =[1]descritiva!L14 -> 0 | K30: =[1]descritiva!M14 -> 1370872
A31: % | B31: All Women | C31: =C29/SUM($C$29:$J$29) -> 0.25755906 | D31: =D29/SUM($C$29:$J$29) -> 0.36717856 | E31: =E29/SUM($C$29:$J$29) -> 0.27287993 | F31: =F29/SUM($C$29:$J$29) -> 0.013489729 | G31: =G29/SUM($C$29:$J$29) -> 0.074366896 | H31: =H29/SUM($C$29:$J$29) -> 0.0019753626 | I31: =I29/SUM($C$29:$J$29) -> 0.011650296 | J31: =J29/SUM($C$29:$J$29) -> 0.00090016633 | K31: =K29/SUM($C$29:$J$29) -> 1
B32: Public servants | C32: =[1]descritiva!E15 -> 0.23071988 | D32: =[1]descritiva!F15 -> 0.44102588 | E32: =[1]descritiva!G15 -> 0.17008192 | F32: =[1]descritiva!H15 -> 0.02102367 | G32: =[1]descritiva!I15 -> 0.093582458 | H32: =[1]descritiva!J15 -> 0.0019192141 | I32: =[1]descritiva!K15 -> 0.041646982 | J32: =[1]descritiva!L15 -> 0 | K32: =[1]descritiva!M15 -> 1

Sheet PPR Resumo
A3: Considering Women aged 45-49
B4: All Women | D4: Public Servants | F4: With formal contract | H4: Without formal contract
A5: Parity | B5: Actual | C5: Intended | D5: Actual | E5: Intended | F5: Actual | G5: Intended | H5: Actual | I5: Intended
A6: 0–1 | B6: 0.866 | C6: 0.921 | D6: 0.652 | E6: 0.898 | F6: 0.851 | G6: 0.879 | H6: 0.87 | I6: 0.927
A7: 1–2 | B7: 0.835 | C7: 0.851 | D7: 0.609 | E7: 0.814 | F7: 0.825 | G7: 0.871 | H7: 0.828 | I7: 0.859
A8: 2–3 | B8: 0.602 | C8: 0.461 | D8: 0.445 | E8: 0.333 | F8: 0.502 | G8: 0.345 | H8: 0.672 | I8: 0.525
A9: 3–4 | B9: 0.557 | C9: 0.515 | D9: 0.467 | E9: 0.39 | F9: 0.417 | G9: 0.427 | H9: 0.598 | I9: 0.53
A11: Considering Women aged 40-49
B12: All Women | D12: Public Servants | F12: With formal contract | H12: Without formal contract
A13: Parity | B13: Actual | C13: Intended | D13: Actual | E13: Intended | F13: Actual | G13: Intended | H13: Actual | I13: Intended
A14: 0–1 | B14: 0.886 | C14: 0.932 | D14: 0.724 | E14: 0.924 | F14: 0.865 | G14: 0.911 | H14: 0.89 | I14: 0.933
A15: 1–2 | B15: 0.814 | C15: 0.857 | D15: 0.74 | E15: 0.857 | F15: 0.748 | G15: 0.849 | H15: 0.842 | I15: 0.863
A16: 2–3 | B16: 0.557 | C16: 0.447 | D16: 0.348 | E16: 0.359 | F16: 0.46 | G16: 0.392 | H16: 0.609 | I16: 0.476
A17: 3–4 | B17: 0.505 | C17: 0.479 | D17: 0.344 | E17: 0.455 | F17: 0.372 | G17: 0.436 | H17: 0.51 | I17: 0.483
A19: Considering Women aged 35-49
B20: All Women | D20: Public Servants | F20: With formal contract | H20: Without formal contract
A21: Parity | B21: Actual | C21: Intended | D21: Actual | E21: Intended | F21: Actual | G21: Intended | H21: Actual | I21: Intended
A22: 0–1 | B22: 0.879 | C22: 0.931 | D22: 0.718 | E22: 0.915 | F22: 0.831 | G22: 0.922 | H22: 0.895 | I22: 0.928
A23: 1–2 | B23: 0.788 | C23: 0.853 | D23: 0.686 | E23: 0.831 | F23: 0.728 | G23: 0.85 | H23: 0.812 | I23: 0.861
A24: 2–3 | B24: 0.53 | C24: 0.421 | D24: 0.361 | E24: 0.368 | F24: 0.423 | G24: 0.344 | H24: 0.564 | I24: 0.441
A25: 3–4 | B25: 0.485 | C25: 0.444 | D25: 0.318 | E25: 0.378 | F25: 0.366 | G25: 0.42 | H25: 0.489 | I25: 0.436
B27: All Women | C27: Public Servants | D27: With formal contract | E27: Without formal contract
B28: =C14-B14 -> 0.046 | C28: =E14-D14 -> 0.2 | D28: =G14-F14 -> 0.046 | E28: =I14-H14 -> 0.043
B29: =C15-B15 -> 0.043 | C29: =E15-D15 -> 0.117 | D29: =G15-F15 -> 0.101 | E29: =I15-H15 -> 0.021
B30: =C16-B16 -> -0.11 | C30: =E16-D16 -> 0.011 | D30: =G16-F16 -> -0.068 | E30: =I16-H16 -> -0.133
B31: =C17-B17 -> -0.026 | C31: =E17-D17 -> 0.111 | D31: =G17-F17 -> 0.064 | E31: =I17-H17 -> -0.027

Sheet summary
A1: Category | B1: Women (%) | C1: Formal contract (%) | D1: No formal contract (%) | E1: Public servants (%)
A2: Age group
A3: < 20 years | B3: 16.1 | C3: 5.4 | D3: 14.5 | E3: 0.6
A4: 20–24 years | B4: 16.5 | C4: 17.9 | D4: 16.4 | E4: 5.7
A5: 25–29 years | B5: 15.3 | C5: 19.8 | D5: 15.5 | E5: 9.9
A6: 30–34 years | B6: 13.9 | C6: 15.6 | D6: 14.5 | E6: 14.9
A7: 35–39 years | B7: 13.6 | C7: 15.7 | D7: 14.5 | E7: 18.2
A8: 40–44 years | B8: 13.3 | C8: 14.1 | D8: 13.6 | E8: 25.8
A9: 45–49 years | B9: 11.3 | C9: 11.4 | D9: 10.9 | E9: 25
A16: Category | B16: Women (%) | C16: Formal contract (%) | D16: No formal contract (%) | E16: Public servants (%)
A17: Age group
A18: <30 | B18: 47.9 | C18: 16.2 | D18: 43.2 | E18: 16.2 | F18: 222175 | G18: =F18/SUM(F18:F20) -> 0.16206838
A19: 30-39 | B19: 27.5 | C19: 33 | D19: 31.3 | E19: 33 | F19: 452948 | G19: =F19/SUM(F18:F20) -> 0.33040867
A20: 40-49 | B20: 24.6 | C20: 50.8 | D20: 25.4 | E20: 50.8 | F20: 695749 | G20: =F20/SUM(F18:F20) -> 0.50752295
A21: Educational attainment (years of schooling)
A22: < 8 years | B22: 36.4 | C22: 20.4 | D22: 40.1 | E22: 9 | F22: 122901
A23: 8–11 years | B23: 51 | C23: 56.3 | D23: 50.6 | E23: 33.7 | F23: 461148 | H23: Category | I23: Women (%) | J23: Formal contract (%) | K23: No formal contract (%) | L23: Public servants (%) | N23: Status employment | O23: Formal contract (%) | P23: No formal contract (%) | Q23: Public servants (%)
A24: 12 years or more | B24: 12.6 | C24: 23.3 | D24: 9.3 | E24: 57.4 | F24: 786336 | H24: Current religion | N24: Mean | O24: 799 | P24: 426 | Q24: 1148
A25: Race or color | H25: Afro-Brazilian | I25: 0.3 | J25: 0.4 | K25: 0.2 | L25: 2.6 | N25: Median | O25: 508 | P25: 300 | Q25: 840
A26: White | B26: 40.3 | C26: 46.2 | D26: 37.6 | E26: 51.5 | F26: 700554 | H26: Catholic | I26: 61.6 | J26: 61.3 | K26: 59.4 | L26: 66.5 | N26: SD | O26: 923 | P26: 685 | Q26: 1099
A27: Black | B27: 54.5 | C27: 49 | D27: 56.8 | E27: 44.9 | F27: 610856 | H27: Spiritist | I27: 3.4 | J27: 5.1 | K27: 3.1 | L27: 4.6 | N27: Min | O27: 10 | P27: 4 | Q27: 70
A28: Other | B28: 5.2 | C28: 4.8 | D28: 5.6 | E28: 3.6 | F28: 48702 | H28: Evangelical (Pentecostal) | I28: 11.6 | J28: 10.9 | K28: 12.5 | L28: 6.4 | N28: Max | O28: 16000 | P28: 20000 | Q28: 10000
A29: Marital status | H29: Evangelical (Traditional) | I29: 13.1 | J29: 13.7 | K29: 13.6 | L29: 14
A30: Single | B30: 25.8 | C30: 24.6 | D30: 24 | E30: 23.1 | F30: 316287 | H30: None | I30: 8 | J30: 6.2 | K30: 8.8 | L30: 5.2
A31: Married | B31: 36.8 | C31: 37.4 | D31: 36.2 | E31: 44.1 | F31: 604590 | H31: Other | I31: 2 | J31: 2.5 | K31: 2.3 | L31: 0.7
A32: In a union | B32: 27.3 | C32: 24.4 | D32: 28.6 | E32: 17 | F32: 233161 | H32: Religious attendance
A33: Widowed / Separated / Divorced | B33: 10.2 | C33: 13.6 | D33: 11.1 | E33: 15.8 | F33: 216834 | H33: Never | I33: 15.7 | J33: 14.8 | K33: 15.4 | L33: 12.4
A34: Region | H34: Less than once a month | I34: 21.9 | J34: 21.3 | K34: 21.8 | L34: 18.7
A35: Central-West | B35: 7.3 | C35: 6.1 | D35: 7.5 | E35: 8.8 | F35: 120209 | H35: Up to three times a month | I35: 18.1 | J35: 16.8 | K35: 18.6 | L35: 21.3
A36: Northeast | B36: 26.4 | C36: 15 | D36: 28.6 | E36: 17.4 | F36: 239070 | H36: Once a week | I36: 24.1 | J36: 27.4 | K36: 23.2 | L36: 33.8
A37: North | B37: 7.4 | C37: 3.9 | D37: 8.2 | E37: 8 | F37: 109219 | H37: More than once a week | I37: 20.2 | J37: 19.6 | K37: 21 | L37: 13.8
A38: Southeast | B38: 44.1 | C38: 56.4 | D38: 41.1 | E38: 44.5 | F38: 610527
A39: South | B39: 14.9 | C39: 18.6 | D39: 14.6 | E39: 21.3 | F39: 291847
A40: Place of residence | H40: Employment and income status
A41: Rural | B41: 16.3 | C41: 6.6 | D41: 17.1 | E41: 9.8 | F41: 134099 | H41: With income | I41: 85.5 | J41: 90.6 | K41: 81.7 | L41: 98.5
A42: Urban | B42: 83.7 | C42: 93.4 | D42: 82.9 | E42: 90.2 | F42: 1236773 | H42: Not working / without income | I42: 14.5 | J42: 9.4 | K42: 18.3 | L42: 1.5

Sheet Planilha1
A1: ------------------------------------------------------
A2: idade_categ_10 | I2: ------------------------
A3: ------------------------------------------------------ | I3: N | J3: ponderado | K3: para: | L3: mu
B4: Categoria | C4: Mulheres | D4: Funcionarias_Publicas | E4: Com_Carteira | F4: Sem_Carteira | J4: M619B_FILH_cat
A5: 1 | B5: <30 | C5: 25101952 | D5: 222175 | E5: 5131391 | F5: 9822083 | I5: filhos_vivos_incluindo_gravidez_cat | K5: 0 | L5: 1 | M5: 2 | N5: 3 | O5: 4+
A6: 2 | B6: 30-39 | C6: 14374192 | D6: 452948 | E6: 3721373 | F6: 6139318 | J6: 0 | K6: 1375127 | L6: 3144148 | M6: 9591668 | N6: 2120473 | O6: 506524
A7: 3 | B7: 40-49 | C7: 12885312 | D7: 695749 | E7: 3020581 | F7: 5193953 | J7: 1 | K7: 573128 | L7: 3752986 | M7: 5904608 | N7: 1330200 | O7: 517223
A8: 4 | B8: Total | C8: 52361456 | D8: 1370872 | E8: 11873344 | F8: 21155353 | J8: 2 | K8: 703220 | L8: 1046869 | M8: 8029639 | N8: 1988593 | O8: 1073987
J9: 3 | K9: 550239 | L9: 809097 | M9: 1130345 | N9: 2638127 | O9: 1022050
J10: 4+ | K10: 316985 | L10: 470003 | M10: 1602434 | N10: 293615 | O10: 1261671
A11: ------------------------------------------------------
A12: escolarizacao_cat | I12: ------------------------
A13: ------------------------------------------------------ | I13: N | J13: ponderado | K13: para: | L13: pub
B14: Categoria | C14: Mulheres | D14: Funcionarias_Publicas | E14: Com_Carteira | F14: Sem_Carteira | J14: M619B_FILH_cat
A15: 1 | B15: <8 | C15: 18888637 | D15: 122901 | E15: 2392494 | F15: 8420200 | I15: filhos_vivos_incluindo_gravidez_cat | K15: 0 | L15: 1 | M15: 2 | N15: 3 | O15: 4+
A16: 2 | B16: 46334 | C16: 26469641 | D16: 461148 | E16: 6613582 | F16: 10613589 | J16: 0 | K16: 74019 | L16: 62757 | M16: 202448 | N16: 22487 | O16: 21075
A17: 3 | B17: 12+ | C17: 6550377 | D17: 786336 | E17: 2742555 | F17: 1942142 | J17: 1 | K17: 12301 | L17: 133128 | M17: 141336 | N17: 44601 | O17: 20250
A18: 4 | B18: Total | C18: 51908655 | D18: 1370385 | E18: 11748632 | F18: 20975932 | J18: 2 | K18: 518 | L18: 12449 | M18: 306707 | N18: 58755 | O18: 33003
J19: 3 | K19: 17039 | L19: 4203 | M19: 5966 | N19: 76290 | O19: 22719
J20: 4+ | K20: 222 | L20: 1715 | M20: 22388 | N20: 5009 | O20: 23428
A21: ------------------------------------------------------
A22: etnia_cat | I22: ------------------------
A23: ------------------------------------------------------ | I23: N | J23: ponderado | K23: para: | L23: yes
B24: Categoria | C24: Mulheres | D24: Funcionarias_Publicas | E24: Com_Carteira | F24: Sem_Carteira | J24: M619B_FILH_cat
A25: 1 | B25: Branca | C25: 20873916 | D25: 700554 | E25: 5449257 | F25: 7864086 | I25: filhos_vivos_incluindo_gravidez_cat | K25: 0 | L25: 1 | M25: 2 | N25: 3 | O25: 4+
A26: 2 | B26: Negra | C26: 28270123 | D26: 610856 | E26: 5776437 | F26: 11880916 | J26: 0 | K26: 330176 | L26: 697992 | M26: 2454384 | N26: 482624 | O26: 137573
A27: 3 | B27: Outra | C27: 2715173 | D27: 48702 | E27: 568777 | F27: 1174628 | J27: 1 | K27: 155501 | L27: 1005298 | M27: 1556655 | N27: 289341 | O27: 145343
A28: 4 | B28: Total | C28: 51859212 | D28: 1360112 | E28: 11794470 | F28: 20919630 | J28: 2 | K28: 157972 | L28: 136331 | M28: 1919695 | N28: 433989 | O28: 291452
J29: 3 | K29: 123487 | L29: 172435 | M29: 229335 | N29: 418780 | O29: 134873
J30: 4+ | K30: 63056 | L30: 55125 | M30: 214676 | N30: 35177 | O30: 144065
A31: ------------------------------------------------------
A32: estado_conj_cat | I32: ------------------------
A33: ------------------------------------------------------ | I33: N | J33: ponderado | K33: para: | L33: no
B34: Categoria | C34: Mulheres | D34: Funcionarias_Publicas | E34: Com_Carteira | F34: Sem_Carteira | J34: M619B_FILH_cat
A35: 1 | B35: 1.Solteira | C35: 13486168 | D35: 316287 | E35: 2916027 | F35: 5077975 | I35: filhos_vivos_incluindo_gravidez_cat | K35: 0 | L35: 1 | M35: 2 | N35: 3 | O35: 4+
A36: 2 | B36: 2.Casada | C36: 19226004 | D36: 604590 | E36: 4435268 | F36: 7648697 | J36: 0 | K36: 474119 | L36: 1372910 | M36: 3603510 | N36: 811452 | O36: 208392
A37: 3 | B37: 3.Unida | C37: 14288390 | D37: 233161 | E37: 2893957 | F37: 6047442 | J37: 1 | K37: 225199 | L37: 1419785 | M37: 2121199 | N37: 519138 | O37: 229067
A38: 4 | B38: 4.Viuva-Separada-Divorciada-Desquitada | C38: 5313760 | D38: 216834 | E38: 1606833 | F38: 2355973 | J38: 2 | K38: 303955 | L38: 525474 | M38: 3244567 | N38: 876322 | O38: 386611
A39: 5 | B39: Total | C39: 52314322 | D39: 1370872 | E39: 11852086 | F39: 21130088 | J39: 3 | K39: 230035 | L39: 359543 | M39: 500065 | N39: 1192895 | O39: 483259
J40: 4+ | K40: 140229 | L40: 282702 | M40: 748168 | N40: 127886 | O40: 567120
A42: ------------------------------------------------------
A43: regiao_cat
A44: ------------------------------------------------------
B45: Categoria | C45: Mulheres | D45: Funcionarias_Publicas | E45: Com_Carteira | F45: Sem_Carteira
A46: 1 | B46: Centro-Oeste | C46: 3806124 | D46: 120209 | E46: 728843 | F46: 1587066
A47: 2 | B47: Nordeste | C47: 13822324 | D47: 239070 | E47: 1783191 | F47: 6049640
A48: 3 | B48: Norte | C48: 3877256 | D48: 109219 | E48: 457495 | F48: 1737201
A49: 4 | B49: Sudeste | C49: 23075866 | D49: 610527 | E49: 6700541 | F49: 8687497
A50: 5 | B50: Sul | C50: 7779886 | D50: 291847 | E50: 2203274 | F50: 3093949
A51: 6 | B51: Total | C51: 52361456 | D51: 1370872 | E51: 11873344 | F51: 21155353
A54: ------------------------------------------------------
A55: situ_domicilio_cat
A56: ------------------------------------------------------
B57: Categoria | C57: Mulheres | D57: Funcionarias_Publicas | E57: Com_Carteira | F57: Sem_Carteira
A58: 1 | B58: Rural | C58: 8532606 | D58: 134099 | E58: 784548 | F58: 3612145
A59: 2 | B59: Urbano | C59: 43828850 | D59: 1236773 | E59: 11088796 | F59: 17543208
A60: 3 | B60: Total | C60: 52361456 | D60: 1370872 | E60: 11873344 | F60: 21155353
A63: ------------------------------------------------------
A64: religiao_atual_cat
A65: ------------------------------------------------------
B66: Categoria | C66: Mulheres | D66: Funcionarias_Publicas | E66: Com_Carteira | F66: Sem_Carteira
A67: 1 | B67: Afro-brasileira | C67: 174960 | D67: 35392 | E67: 41780 | F67: 46983
A68: 2 | B68: Catolica | C68: 32204685 | D68: 909376 | E68: 7258644 | F68: 12537868
A69: 3 | B69: Espirita | C69: 1761369 | D69: 63592 | E69: 601638 | F69: 659577
A70: 4 | B70: Evangelica_Pentecostal | C70: 6050070 | D70: 87381 | E70: 1291081 | F70: 2636907
A71: 5 | B71: Evangelica_Tradicional | C71: 6864019 | D71: 191529 | E71: 1626561 | F71: 2882439
A72: 6 | B72: Nenhuma | C72: 4164081 | D72: 71388 | E72: 738432 | F72: 1863568
A73: 7 | B73: Outra | C73: 1064929 | D73: 9721 | E73: 292416 | F73: 494291
A74: 8 | B74: Total | C74: 52284114 | D74: 1368378 | E74: 11850554 | F74: 21121634
A77: ------------------------------------------------------
A78: religiao_freq_cat
A79: ------------------------------------------------------
B80: Categoria | C80: Mulheres | D80: Funcionarias_Publicas | E80: Com_Carteira | F80: Sem_Carteira
A81: 1 | B81: 1.Nunca | C81: 8212489 | D81: 170081 | E81: 1754247 | F81: 3237888
A82: 2 | B82: 2.Menos_1m | C82: 11402895 | D82: 256159 | E82: 2519605 | F82: 4594224
A83: 3 | B83: 3.ate_3m | C83: 9427247 | D83: 291907 | E83: 1983655 | F83: 3921688
A84: 4 | B84: 4.1_semana | C84: 12573954 | D84: 463815 | E84: 3238213 | F84: 4892208
A85: 5 | B85: 5.Mais_1_semana | C85: 10530759 | D85: 188909 | E85: 2318187 | F85: 4436641
A86: 6 | B86: Total | C86: 52147345 | D86: 1370872 | E86: 11813907 | F86: 21082650
A89: ------------------------------------------------------
A90: rend_status_cat
A91: ------------------------------------------------------
B92: Categoria | C92: Mulheres | D92: Funcionarias_Publicas | E92: Com_Carteira | F92: Sem_Carteira
A93: 1 | B93: Com_rendimento | C93: 27665937 | D93: 1231652 | E93: 10371256 | F93: 16063029
A94: 2 | B94: nao_trab_sem_rend | C94: 4695726 | D94: 18469 | E94: 1078812 | F94: 3598219
A95: 3 | B95: Total | C95: 32361663 | D95: 1250121 | E95: 11450068 | F95: 19661248

Sheet reasons_children
A1: 633- Which of the following reasons best explain why you had children or became pregnant before the age of 20?
A2: Reason | B2: Response | C2: Women (%) | D2: Formal contract (%) | E2: No formal contract (%) | F2: Public servants (%)
A3: Got pregnant unintentionally | B3: Yes | C3: 64.7 | D3: 71.6 | E3: 62.2 | F3: 23
B4: No | C4: 34.7 | D4: 28.3 | E4: 36.7 | F4: 77 | G4: a grande maioria não foi sem querer
B5: Don’t know | C5: 0.6 | D5: 0.1 | E5: 1.1 | F5: 0
A6: Wanted to leave parents’ house | B6: Yes | C6: 24.3 | D6: 22.8 | E6: 23.7 | F6: 27.8
B7: No | C7: 75.6 | D7: 77.1 | E7: 76.2 | F7: 72.2
B8: Don’t know | C8: 0.1 | D8: 0.1 | E8: 0.1 | F8: 0
A9: Wanted to get married | B9: Yes | C9: 38.1 | D9: 27.3 | E9: 40.1 | F9: 46.5 | G9: amais que a media queria casar
B10: No | C10: 61.8 | D10: 72.6 | E10: 59.9 | F10: 53.5
B11: Don’t know | C11: 0.1 | D11: 0.1 | E11: 0.1 | F11: 0
A12: Didn’t know how to avoid having children | B12: Yes | C12: 23.6 | D12: 30.8 | E12: 21.4 | F12: 3.8 | G12: a esmagadora maioria sabeia como evitar filhos, mto mais do que a media
B13: No | C13: 76.3 | D13: 69.1 | E13: 78.5 | F13: 96.2
B14: Don’t know | C14: 0.2 | D14: 0.1 | E14: 0.1 | F14: 0
A15: Didn’t have money to buy contraceptives | B15: Yes | C15: 18.5 | D15: 16.8 | E15: 17.6 | F15: 1.2
B16: No | C16: 81.2 | D16: 83.1 | E16: 82.3 | F16: 98.8 | G16: a grande maioria tinha dinheiro pra comprar contraceptivo
B17: Don’t know | C17: 0.4 | D17: 0.1 | E17: 0.1 | F17: 0
A18: Married early | B18: Yes | C18: 51.1 | D18: 47.4 | E18: 50.1 | F18: 93.4
B19: No | C19: 48.9 | D19: 52.5 | E19: 49.8 | F19: 6.6 | G19: a grande maioria casou cedo
B20: Don’t know | C20: 0.1 | D20: 0.1 | E20: 0 | F20: 0
A21: Had no other option | B21: Yes | C21: 16.3 | D21: 28.2 | E21: 14.9 | F21: 13.2
B22: No | C22: 83.2 | D22: 71.7 | E22: 84.7 | F22: 86.8
B23: Don’t know | C23: 0.5 | D23: 0.2 | E23: 0.4 | F23: 0
A24: Wanted to be a mother right away | B24: Yes | C24: 38.4 | D24: 26.9 | E24: 40.1 | F24: 49.1 | G24: metade delas quis se tornar mae
B25: No | C25: 60.9 | D25: 71.7 | E25: 59.6 | F25: 23
B26: Don’t know | C26: 0.7 | D26: 1.4 | E26: 0.2 | F26: 27.8
A27: Husband/partner wanted to have children right away | B27: Yes | C27: 42.1 | D27: 28.3 | E27: 41.7 | F27: 91.8 | G27: marido queria agora
B28: No | C28: 55.9 | D28: 70.8 | E28: 55.8 | F28: 8.2
B29: Don’t know | C29: 2 | D29: 0.8 | E29: 2.5 | F29: 0
A30: Did not know where to get contraception | B30: Yes | C30: 16.3 | D30: 13.3 | E30: 13.5 | F30: 0
B31: No | C31: 83.6 | D31: 86.6 | E31: 86.3 | F31: 100 | G31: todas com acesso a informaçao e ao metodo
B32: Don’t know | C32: 0.1 | D32: 0.1 | E32: 0.1 | F32: 0
A33: Method failed (forgot pill, condom failure, etc.) | B33: Yes | C33: 20.2 | D33: 18.8 | E33: 23.6 | F33: 8.7
B34: No | C34: 79.5 | D34: 79.3 | E34: 76.3 | F34: 91.3 | G34: a maioria o metodo não falhou, o que corrobora com querer acima
B35: Don’t know | C35: 0.3 | D35: 1.9 | E35: 0.1 | F35: 0
A36: Other reasons | B36: Yes | C36: 0.9 | D36: 1.4 | E36: 1.4 | F36: 0
B37: No | C37: 99.1 | D37: 98.6 | E37: 98.6 | F37: 100
A39: 637 Which of the following reasons best explains why you did not have any live births before the age of 30?
A40: Reason | B40: Response | C40: Women (%) | D40: Formal contract (%) | E40: No formal contract (%) | F40: Public servants (%)
A41: Never wanted to have children | B41: Yes | C41: 26.4 | D41: 25.8 | E41: 27.3 | F41: 31.1
B42: No | C42: 72.4 | D42: 74.1 | E42: 71.1 | F42: 66.7 | G42: a minoria não queria ter filhos, ou seja, a maoria queria
B43: Don’t know | C43: 1.2 | D43: 0.1 | E43: 1.6 | F43: 2.1
A44: Haven’t wanted to have children yet | B44: Yes | C44: 28 | D44: 30.4 | E44: 30.2 | F44: 21.5
B45: No | C45: 71.2 | D45: 69.2 | E45: 68.1 | F45: 78.5 | G45: a maioria delas não queria antes dos 30
B46: Don’t know | C46: 0.8 | D46: 0.5 | E46: 1.7 | F46: 0
A47: Wanted to study or have a career before having children | B47: Yes | C47: 60 | D47: 70.2 | E47: 56.9 | F47: 75.7
B48: No | C48: 39.7 | D48: 29.6 | E48: 42.4 | F48: 24.3 | G48: muito mais da maioria queria se dedicar aos estudos ou carreira
B49: Don’t know | C49: 0.3 | D49: 0.1 | E49: 0.6 | F49: 0
A50: Wanted to enjoy other things in life before becoming a mother | B50: Yes | C50: 55.9 | D50: 62.8 | E50: 55.6 | F50: 67.8 | G50: a maioria delas queria se divertir com outras coisas antes de se tornar mae
B51: No | C51: 43.8 | D51: 37 | E51: 43.7 | F51: 32.2
B52: Don’t know | C52: 0.3 | D52: 0.2 | E52: 0.7 | F52: 0
A53: Afraid of going through pregnancy | B53: Yes | C53: 21.5 | D53: 19.3 | E53: 22.5 | F53: 23.1 | G53: muitas com medo de passar pela maternidade, acho que eh meio geral tb mas as func publicas parecem ter um pouco mais
B54: No | C54: 78.2 | D54: 80.6 | E54: 76.8 | F54: 76.9
B55: Don’t know | C55: 0.3 | D55: 0.1 | E55: 0.6 | F55: 0
A56: Fear of childbirth | B56: Yes | C56: 21.3 | D56: 17.5 | E56: 20.2 | F56: 22.8
B57: No | C57: 78.2 | D57: 82.3 | E57: 79.1 | F57: 75.2 | G57: maioria não tinha medo de ser mae mas parece geral ne
B58: Don’t know | C58: 0.5 | D58: 0.2 | E58: 0.6 | F58: 2
A59: Never had sexual intercourse | B59: Yes | C59: 12.2 | D59: 11.9 | E59: 9.7 | F59: 5.6
B60: No | C60: 87.5 | D60: 87.7 | E60: 89.6 | F60: 94.4 | G60: não sei se essa respsta ajuda em algo
B61: Don’t know | C61: 0.3 | D61: 0.4 | E61: 0.6 | F61: 0
A62: Got pregnant and lost the baby | B62: Yes | C62: 12.2 | D62: 10.4 | E62: 14.2 | F62: 8.9
B63: No | C63: 87.6 | D63: 89.5 | E63: 85.2 | F63: 91.1 | G63: a maior parte delas não tinham nem ficado gravidas e nem perderam o bebe
B64: Don’t know | C64: 0.3 | D64: 0.1 | E64: 0.6 | F64: 0
A65: Got pregnant and had an abortion | B65: Yes | C65: 5 | D65: 3.4 | E65: 6.9 | F65: 2.3
B66: No | C66: 94.8 | D66: 96.5 | E66: 92.5 | F66: 97.7 | G66: a maior parte delas não tinham nem ficado gravidas e nem perderam o bebe
B67: Don’t know | C67: 0.3 | D67: 0.1 | E67: 0.6 | F67: 0
A68: Never married | B68: Yes | C68: 27.2 | D68: 28.6 | E68: 24 | F68: 32.2
B69: No | C69: 72.5 | D69: 71.3 | E69: 75.4 | F69: 67.8 | G69: a maioria tb não era casada, responderam sim para nunca caosu
B70: Don’t know | C70: 0.3 | D70: 0.1 | E70: 0.6 | F70: 0
A71: Never had a partner with whom I wanted to have children | B71: Yes | C71: 17.8 | D71: 23 | E71: 12.2 | F71: 18.6
B72: No | C72: 82 | D72: 76.9 | E72: 87.1 | F72: 81.4
B73: Don’t know | C73: 0.3 | D73: 0.1 | E73: 0.6 | F73: 0
A74: Partner/husband does not want or did not want children | B74: Yes | C74: 7.3 | D74: 8.6 | E74: 8.3 | F74: 4 | G74: menos que. Amedia respondeu que não teve um parceiro que não queria ter filhos
B75: No | C75: 92.3 | D75: 91 | E75: 91.1 | F75: 96
B76: Don’t know | C76: 0.4 | D76: 0.4 | E76: 0.6 | F76: 0
A77: Other reasons | B77: Yes | C77: 8.5 | D77: 5.7 | E77: 10.5 | F77: 5.5
B78: No | C78: 91.5 | D78: 94.3 | E78: 89.5 | F78: 94.5
A80: 642 - Which of the following situations best explains the impact on your life of not having children before the age of 30
A81: Reason | B81: Response | C81: Women (%) | D81: Formal contract (%) | E81: No formal contract (%) | F81: Public servants (%)
A82: Put it off too long and had no children | B82: Yes | C82: 18.8 | D82: 19.4 | E82: 17.1 | F82: 25 | G82: mais que a media trespondeu que adiou mto e não podia mais ter filhos
B83: No | C83: 80.3 | D83: 80.2 | E83: 81.1 | F83: 75
B84: Don’t know | C84: 0.9 | D84: 0.4 | E84: 1.8 | F84: 0
A85: Put it off too long and had difficulty conceiving | B85: Yes | C85: 16.8 | D85: 14 | E85: 17.1 | F85: 13.4
B86: No | C86: 81.2 | D86: 84.4 | E86: 79.9 | F86: 85.8
B87: Don’t know | C87: 2 | D87: 1.6 | E87: 2.9 | F87: 0.9
A88: Separated and stayed alone | B88: Yes | C88: 4.2 | D88: 5.7 | E88: 4.2 | F88: 6.1
B89: No | C89: 95.3 | D89: 94.2 | E89: 94.8 | F89: 93.9
B90: Don’t know | C90: 0.4 | D90: 0.1 | E90: 0.9 | F90: 0
A91: Lost partner who wanted children sooner | B91: Yes | C91: 0.4 | D91: 0.1 | E91: 0.8 | F91: 0
B92: No | C92: 99.2 | D92: 99.8 | E92: 98.3 | F92: 100
B93: Don’t know | C93: 0.4 | D93: 0.1 | E93: 0.9 | F93: 0
A94: Felt frustrated for not becoming a mother | B94: Yes | C94: 13.6 | D94: 10.5 | E94: 18 | F94: 11.3
B95: No | C95: 85.4 | D95: 89.1 | E95: 81 | F95: 85.8 | G95: muitas não se sentiram frustradas por não ter filhos antes dos 30, mas isso eh uma caracteristica que parece geral
B96: Don’t know | C96: 1 | D96: 0.4 | E96: 1 | F96: 3
A97: Found it easier to date or maintain relationships | B97: Yes | C97: 34.7 | D97: 38.9 | E97: 33.4 | F97: 40
B98: No | C98: 63.7 | D98: 60 | E98: 65.7 | F98: 50.8 | G98: menos que a media respondeu que não ficou facil manter uma relacao amorosa
B99: Don’t know | C99: 1.6 | D99: 1.1 | E99: 0.9 | F99: 9.2 | G99: maior que a meia eh a propocao que respondeu não sabe para essa questao
A100: Achieved professional goals | B100: Yes | C100: 47.1 | D100: 58.6 | E100: 42.6 | F100: 66.3
B101: No | C101: 52.3 | D101: 41.4 | E101: 55.9 | F101: 33.7 | G101: muitas colocaram que era para atingir objetivos profissionais
B102: Don’t know | C102: 0.6 | D102: 0.1 | E102: 1.6 | F102: 0
...

Sheet achived x desired
A2: ------------------------
A3: Resultados | B3: para: | C3: mu
B4: All Women | C4: Desired number of children
A5: M619B_FILH_cat | B5: Number of achived children | C5: 0 | D5: 1 | E5: 2 | F5: 3 | G5: 4+
B6: 0 | C6: 0.08215631 | D6: 0.18784558 | E6: 0.57304948 | F6: 0.12668662 | G6: 0.03026201
B7: 1 | C7: 0.04745164 | D7: 0.31072538 | E7: 0.48886714 | F7: 0.11013276 | G7: 0.04282307
B8: 2 | C8: 0.05475808 | D8: 0.08151718 | E8: 0.62524894 | F8: 0.15484701 | G8: 0.0836288
B9: 3 | C9: 0.08947183 | D9: 0.13156356 | E9: 0.18380021 | F9: 0.42897359 | G9: 0.16619081
B10: 4+ | C10: 0.08035692 | D10: 0.11914772 | E10: 0.40622374 | F10: 0.07443269 | G10: 0.31983892
A12: ------------------------
A13: Resultados | B13: para: | C13: pub
B14: pub | C14: Desired number of children
A15: M619B_FILH_cat | B15: Number of achived children | C15: 0 | D15: 1 | E15: 2 | F15: 3 | G15: 4+
B16: 0 | C16: 0.19336953 | D16: 0.16394734 | E16: 0.5288798 | F16: 0.058745409 | G16: 0.055057922
B17: 1 | C17: 0.034984754 | D17: 0.3786172 | E17: 0.40196074 | F17: 0.12684536 | G17: 0.057591945
B18: 2 | C18: 0.001260061 | D18: 0.030257289 | E18: 0.74546153 | F18: 0.14280524 | G18: 0.080215871
B19: 3 | C19: 0.13499422 | D19: 0.033303409 | E19: 0.047265467 | F19: 0.60443562 | G19: 0.18000129
B20: 4+ | C20: 0.004205733 | D20: 0.032497804 | E20: 0.42432319 | F20: 0.094937201 | G20: 0.44403607
A22: ------------------------
A23: Resultados | B23: para: | C23: yes
B24: yes | C24: Desired number of children
A25: M619B_FILH_cat | B25: Number of achived children | C25: 0 | D25: 1 | E25: 2 | F25: 3 | G25: 4+
B26: 0 | C26: 0.08047684 | D26: 0.1701278 | E26: 0.59822902 | F26: 0.11763435 | G26: 0.03353198
B27: 1 | C27: 0.04933176 | D27: 0.31892582 | E27: 0.49384091 | F27: 0.09179211 | G27: 0.0461094
B28: 2 | C28: 0.0537424 | D28: 0.04637994 | E28: 0.65308217 | F28: 0.14764336 | G28: 0.09915214
B29: 3 | C29: 0.11445575 | D29: 0.159823 | E29: 0.21256191 | F29: 0.38815113 | G29: 0.12500821
B30: 4+ | C30: 0.12313242 | D30: 0.10764492 | E30: 0.41920887 | F30: 0.06869114 | G30: 0.28132265
A32: ------------------------
A33: Resultados | B33: para: | C33: no
B34: no | C34: Desired number of children
A35: M619B_FILH_cat | B35: Number of achived children | C35: 0 | D35: 1 | E35: 2 | F35: 3 | G35: 4+
B36: 0 | C36: 0.07327524 | D36: 0.21218381 | E36: 0.5569237 | F36: 0.12541022 | G36: 0.03220704
B37: 1 | C37: 0.04988474 | D37: 0.31450221 | E37: 0.4698753 | F37: 0.11499628 | G37: 0.05074147
B38: 2 | C38: 0.05695319 | D38: 0.09845994 | E38: 0.60794644 | F38: 0.16419961 | G38: 0.07244081
B39: 3 | C39: 0.08317132 | D39: 0.12999607 | E39: 0.18080321 | F39: 0.43130252 | G39: 0.17472688
B40: 4+ | C40: 0.07514513 | D40: 0.1514931 | E40: 0.40092492 | F40: 0.0685311 | G40: 0.30390575
A47: ------------------------
A48: Resultados | B48: para: | C48: mu
B49: M619B_FILH_cat
A50: filhos_vivos_incluindo_gravidez_cat | B50: 0 | C50: 1 | D50: 2 | E50: 3 | F50: 4+
B51: 0 | C51: 0.08215631 | D51: 0.18784558 | E51: 0.57304948 | F51: 0.12668662 | G51: 0.03026201
B52: 1 | C52: 0.04745164 | D52: 0.31072538 | E52: 0.48886714 | F52: 0.11013276 | G52: 0.04282307
B53: 2 | C53: 0.05475808 | D53: 0.08151718 | E53: 0.62524894 | F53: 0.15484701 | G53: 0.0836288
B54: 3 | C54: 0.08947183 | D54: 0.13156356 | E54: 0.18380021 | F54: 0.42897359 | G54: 0.16619081
B55: 4+ | C55: 0.08035692 | D55: 0.11914772 | E55: 0.40622374 | F55: 0.07443269 | G55: 0.31983892
A57: ------------------------
A58: Resultados | B58: para: | C58: pub
B59: M619B_FILH_cat
A60: filhos_vivos_incluindo_gravidez_cat | B60: 0 | C60: 1 | D60: 2 | E60: 3 | F60: 4+
B61: 0 | C61: 0.19336953 | D61: 0.16394734 | E61: 0.5288798 | F61: 0.058745409 | G61: 0.055057922
B62: 1 | C62: 0.034984754 | D62: 0.3786172 | E62: 0.40196074 | F62: 0.12684536 | G62: 0.057591945
B63: 2 | C63: 0.001260061 | D63: 0.030257289 | E63: 0.74546153 | F63: 0.14280524 | G63: 0.080215871
B64: 3 | C64: 0.13499422 | D64: 0.033303409 | E64: 0.047265467 | F64: 0.60443562 | G64: 0.18000129
B65: 4+ | C65: 0.004205733 | D65: 0.032497804 | E65: 0.42432319 | F65: 0.094937201 | G65: 0.44403607
A67: ------------------------
A68: Resultados | B68: para: | C68: yes
B69: M619B_FILH_cat
A70: filhos_vivos_incluindo_gravidez_cat | B70: 0 | C70: 1 | D70: 2 | E70: 3 | F70: 4+
B71: 0 | C71: 0.08047684 | D71: 0.1701278 | E71: 0.59822902 | F71: 0.11763435 | G71: 0.03353198
B72: 1 | C72: 0.04933176 | D72: 0.31892582 | E72: 0.49384091 | F72: 0.09179211 | G72: 0.0461094
B73: 2 | C73: 0.0537424 | D73: 0.04637994 | E73: 0.65308217 | F73: 0.14764336 | G73: 0.09915214
B74: 3 | C74: 0.11445575 | D74: 0.159823 | E74: 0.21256191 | F74: 0.38815113 | G74: 0.12500821
B75: 4+ | C75: 0.12313242 | D75: 0.10764492 | E75: 0.41920887 | F75: 0.06869114 | G75: 0.28132265
A77: ------------------------
A78: Resultados | B78: para: | C78: no
B79: M619B_FILH_cat
A80: filhos_vivos_incluindo_gravidez_cat | B80: 0 | C80: 1 | D80: 2 | E80: 3 | F80: 4+
B81: 0 | C81: 0.07327524 | D81: 0.21218381 | E81: 0.5569237 | F81: 0.12541022 | G81: 0.03220704
B82: 1 | C82: 0.04988474 | D82: 0.31450221 | E82: 0.4698753 | F82: 0.11499628 | G82: 0.05074147
B83: 2 | C83: 0.05695319 | D83: 0.09845994 | E83: 0.60794644 | F83: 0.16419961 | G83: 0.07244081
B84: 3 | C84: 0.08317132 | D84: 0.12999607 | E84: 0.18080321 | F84: 0.43130252 | G84: 0.17472688
B85: 4+ | C85: 0.07514513 | D85: 0.1514931 | E85: 0.40092492 | F85: 0.0685311 | G85: 0.30390575

Sheet nascidos
A1: > | B1: #total
A2: > | B2: svytable(~M236_TOTA+idade_categ | C2: design | D2: = | E2: mu)
B3: idade_categ
A4: M236_TOTA | C4: <20 | D4: 20-24 | E4: 25-29 | F4: 30-34 | G4: 35-39 | H4: 40-44 | I4: 45-49 | J4: total
B5: 0 | C5: 7058627.8 | D5: 4454962 | E5: 2591187.9 | F5: 1231445.8 | G5: 962857.93 | H5: 666197.69 | I5: 798177.88 | J5: =SUM(C5:I5) -> 17763457
B6: 1 | C6: 1175591.6 | D6: 2558709.8 | E6: 2414794 | F6: 1808178.5 | G6: 1603725.7 | H6: 1276629.4 | I6: 847451.48 | J6: =SUM(C6:I6) -> 11685080
B7: 2 | C7: 163484.35 | D7: 1178151.5 | E7: 1710284.5 | F7: 2385446 | G7: 2371004.3 | H7: 2412963.1 | I7: 1710077 | J7: =SUM(C7:I7) -> 11931411
B8: 3 | C8: 19000.129 | D8: 387222.5 | E8: 977716.69 | F8: 1249019.1 | G8: 1211616.8 | H8: 1420700.5 | I8: 1142485.7 | J8: =SUM(C8:I8) -> 6407761.5
B9: 4 | C9: 1092.2003 | D9: 63221.399 | E9: 245030.37 | F9: 313283.53 | G9: 561620.6 | H9: 505777.65 | I9: 618045.53 | J9: =SUM(C9:I9) -> 2308071.3
B10: 5 | C10: 0 | D10: 11404.832 | E10: 66963.979 | F10: 178930.15 | G10: 178661.56 | H10: 313574.61 | I10: 279621.56 | J10: =SUM(C10:I10) -> 1029156.7
B11: 6 | C11: 0 | D11: 2627.6026 | E11: 13137.186 | F11: 69458.22 | G11: 75017.564 | H11: 163144.78 | I11: 255457.98 | J11: =SUM(C11:I11) -> 578843.33
B12: 7 | C12: 0 | D12: 4354.6496 | E12: 1510.9247 | F12: 35080.942 | G12: 84800.699 | H12: 69580.24 | I12: 86491.805 | J12: =SUM(C12:I12) -> 281819.26
B13: 8 | C13: 0 | D13: 0 | E13: 2876.3081 | F13: 4300.8181 | G13: 17688.138 | H13: 30369.085 | I13: 85326.235 | J13: =SUM(C13:I13) -> 140560.58
B14: 9 | C14: 0 | D14: 0 | E14: 0 | F14: 652.7242 | G14: 24173.34 | H14: 46940.233 | I14: 27106.973 | J14: =SUM(C14:I14) -> 98873.27
B15: 10 | C15: 0 | D15: 0 | E15: 0 | F15: 567.9368 | G15: 2039.4108 | H15: 7364.3735 | I15: 52032.424 | J15: =SUM(C15:I15) -> 62004.145
B16: 11 | C16: 0 | D16: 0 | E16: 0 | F16: 0 | G16: 2153.5619 | H16: 28691.307 | I16: 10519.45 | J16: =SUM(C16:I16) -> 41364.319
... B21: 16 | C21: 0 | D21: 0 | E21: 0 | F21: 0 | G21: 0 | H21: 0 | I21: 7263.7302 | J21: =SUM(C21:I21) -> 7263.7302
A22: > | C22: =SUMPRODUCT($B$5:$B$21,C5:C21) -> 1563929.5 | D22: =SUMPRODUCT($B$5:$B$21,D5:D21) -> 6432838.1 | E22: =SUMPRODUCT($B$5:$B$21,E5:E21) -> 10195865 | F22: =SUMPRODUCT($B$5:$B$21,F5:F21) -> 13182189 | G22: =SUMPRODUCT($B$5:$B$21,G5:G21) -> 14598846 | H22: =SUMPRODUCT($B$5:$B$21,H5:H21) -> 16549205 | I22: =SUMPRODUCT($B$5:$B$21,I5:I21) -> 15600225 | J22: =SUM(C22:I22) -> 78123097
C23: =C22/SUM(C5:C21) -> 0.18578847 | D23: =D22/SUM(D5:D21) -> 0.74276584 | E23: =E22/SUM(E5:E21) -> 1.2707499 | F23: =F22/SUM(F5:F21) -> 1.8116451 | G23: =G22/SUM(G5:G21) -> 2.0568047 | H23: =H22/SUM(H5:H21) -> 2.3819344 | I23: =I22/SUM(I5:I21) -> 2.6274012 | J23: =J22/SUM(J5:J21) -> 1.4919963
A26: > | B26: # | C26: Situacaoo | D26: domicilio
A27: > | B27: svytable(~M236_TOTA+idade_categ+CM008_SITU | C27: design | D27: = | E27: mu)
B28: CM008_SITU | C28: = | D28: 1
B30: idade_categ
A31: M236_TOTA | C31: <20 | D31: 20-24 | E31: 25-29 | F31: 30-34 | G31: 35-39 | H31: 40-44 | I31: 45-49 | J31: total
B32: 0 | C32: 5850338 | D32: 3846243 | E32: 2326078 | F32: 1082566 | G32: 902476.8 | H32: 578971.8 | I32: 690093.3 | J32: =SUM(C32:I32) -> 15276767
B33: 1 | C33: 902780.6 | D33: 2010803 | E33: 2087317 | F33: 1630837 | G33: 1407120 | H33: 1162413 | I33: 797404.6 | J33: =SUM(C33:I33) -> 9998675.2
B34: 2 | C34: 123242.6 | D34: 967486.4 | E34: 1292793 | F34: 1974331 | G34: 2031901 | H34: 2017592 | I34: 1528128 | J34: =SUM(C34:I34) -> 9935474
B35: 3 | C35: 4120.185 | D35: 270401.7 | E35: 802988.4 | F35: 1022087 | G35: 994626.4 | H35: 1214943 | I35: 958804.1 | J35: =SUM(C35:I35) -> 5267970.8
B36: 4 | C36: 0 | D36: 42367.58 | E36: 174777.8 | F36: 232232.9 | G36: 430270.7 | H36: 377087.7 | I36: 516256 | J36: =SUM(C36:I36) -> 1772992.7
B37: 5 | C37: 0 | D37: 4699.373 | E37: 55059.24 | F37: 125743.8 | G37: 130888.9 | H37: 212848.9 | I37: 214023.4 | J37: =SUM(C37:I37) -> 743263.61
B38: 6 | C38: 0 | D38: 1099.206 | E38: 9655.541 | F38: 50546.79 | G38: 37126.3 | H38: 115177.3 | I38: 201143.4 | J38: =SUM(C38:I38) -> 414748.54
B39: 7 | C39: 0 | D39: 4354.65 | E39: 317.6095 | F39: 31537.48 | G39: 62615.53 | H39: 36897.42 | I39: 32459.33 | J39: =SUM(C39:I39) -> 168182.02
B40: 8 | C40: 0 | D40: 0 | E40: 0 | F40: 2318.267 | G40: 9981.272 | H40: 18595.95 | I40: 62930.48 | J40: =SUM(C40:I40) -> 93825.969
B41: 9 | C41: 0 | D41: 0 | E41: 0 | F41: 652.7242 | G41: 20242.72 | H41: 28877.64 | I41: 21996.2 | J41: =SUM(C41:I41) -> 71769.284
B42: 10 | C42: 0 | D42: 0 | E42: 0 | F42: 68.60361 | G42: 189.0732 | H42: 5048.368 | I42: 34140.79 | J42: =SUM(C42:I42) -> 39446.835
B43: 11 | C43: 0 | D43: 0 | E43: 0 | F43: 0 | G43: 1990.55 | H43: 14108.75 | I43: 4347.684 | J43: =SUM(C43:I43) -> 20446.984
... B48: 16 | C48: 0 | D48: 0 | E48: 0 | F48: 0 | G48: 0 | H48: 0 | I48: 7263.73 | J48: =SUM(C48:I48) -> 7263.73
C49: =SUMPRODUCT($B$32:$B$48,C32:C48) -> 1161626.4 | D49: =SUMPRODUCT($B$32:$B$48,D32:D48) -> 4987025.9 | E49: =SUMPRODUCT($B$32:$B$48,E32:E48) -> 8116432.1 | F49: =SUMPRODUCT($B$32:$B$48,F32:F48) -> 10752560 | G49: =SUMPRODUCT($B$32:$B$48,G32:G48) -> 11800282 | H49: =SUMPRODUCT($B$32:$B$48,H32:H48) -> 13023825 | I49: =SUMPRODUCT($B$32:$B$48,I32:I48) -> 12665805 | J49: =SUM(C49:I49) -> 62507556
B51: CM008_SITU | C51: = | D51: 2
B53: idade_categ
A54: M236_TOTA | C54: <20 | D54: 20-24 | E54: 25-29 | F54: 30-34 | G54: 35-39 | H54: 40-44 | I54: 45-49 | J54: total
B55: 0 | C55: 1208290 | D55: 608719 | E55: 265109.5 | F55: 148879.6 | G55: 60381.14 | H55: 87225.85 | I55: 108084.6 | J55: =SUM(C55:I55) -> 2486689.7
B56: 1 | C56: 272811 | D56: 547906.7 | E56: 327476.6 | F56: 177341.9 | G56: 196606.1 | H56: 114216 | I56: 50046.84 | J56: =SUM(C56:I56) -> 1686405.1
B57: 2 | C57: 40241.73 | D57: 210665.1 | E57: 417491.8 | F57: 411114.6 | G57: 339103.4 | H57: 395370.8 | I57: 181949.2 | J57: =SUM(C57:I57) -> 1995936.6
B58: 3 | C58: 14879.94 | D58: 116820.8 | E58: 174728.3 | F58: 226932.2 | G58: 216990.4 | H58: 205757.9 | I58: 183681.6 | J58: =SUM(C58:I58) -> 1139791.1
B59: 4 | C59: 1092.2 | D59: 20853.82 | E59: 70252.57 | F59: 81050.66 | G59: 131349.9 | H59: 128689.9 | I59: 101789.5 | J59: =SUM(C59:I59) -> 535078.55
B60: 5 | C60: 0 | D60: 6705.459 | E60: 11904.74 | F60: 53186.37 | G60: 47772.62 | H60: 100725.7 | I60: 65598.15 | J60: =SUM(C60:I60) -> 285893.04
B61: 6 | C61: 0 | D61: 1528.397 | E61: 3481.645 | F61: 18911.43 | G61: 37891.26 | H61: 47967.5 | I61: 54314.54 | J61: =SUM(C61:I61) -> 164094.77
B62: 7 | C62: 0 | D62: 0 | E62: 1193.315 | F62: 3543.462 | G62: 22185.17 | H62: 32682.82 | I62: 54032.47 | J62: =SUM(C62:I62) -> 113637.24
B63: 8 | C63: 0 | D63: 0 | E63: 2876.308 | F63: 1982.551 | G63: 7706.866 | H63: 11773.14 | I63: 22395.76 | J63: =SUM(C63:I63) -> 46734.625
B64: 9 | C64: 0 | D64: 0 | E64: 0 | F64: 0 | G64: 3930.616 | H64: 18062.59 | I64: 5110.771 | J64: =SUM(C64:I64) -> 27103.977
B65: 10 | C65: 0 | D65: 0 | E65: 0 | F65: 499.3332 | G65: 1850.338 | H65: 2316.006 | I65: 17891.64 | J65: =SUM(C65:I65) -> 22557.317
B66: 11 | C66: 0 | D66: 0 | E66: 0 | F66: 0 | G66: 163.0122 | H66: 14582.56 | I66: 6171.766 | J66: =SUM(C66:I66) -> 20917.338
... B71: 16 | C71: 0 | D71: 0 | E71: 0 | F71: 0 | G71: 0 | H71: 0 | I71: 0 | J71: =SUM(C71:I71) -> 0
C72: =SUMPRODUCT($B$55:$B$71,C55:C71) -> 402303.08 | D72: =SUMPRODUCT($B$55:$B$71,D55:D71) -> 1445812.3 | E72: =SUMPRODUCT($B$55:$B$71,E55:E71) -> 2079432.6 | F72: =SUMPRODUCT($B$55:$B$71,F55:F71) -> 2429628.7 | G72: =SUMPRODUCT($B$55:$B$71,G55:G71) -> 2798564.9 | H72: =SUMPRODUCT($B$55:$B$71,H55:H71) -> 3525380 | I72: =SUMPRODUCT($B$55:$B$71,I55:I71) -> 2934419.8 | J72: =SUM(C72:I72) -> 15615541
A73: >
A74: > | B74: # | C74: Regiao
A75: > | B75: svytable(~M236_TOTA+idade_categ+CM004_MACR | C75: design | D75: = | E75: mu)
B76: CM004_MACR | C76: = | D76: 1
B78: idade_categ
A79: M236_TOTA | C79: <20 | D79: 20-24 | E79: 25-29 | F79: 30-34 | G79: 35-39 | H79: 40-44 | I79: 45-49 | J79: total
B80: 0 | C80: 569080.4 | D80: 297623.3 | E80: 117040.8 | F80: 60226.02 | G80: 45037.39 | H80: 26503.05 | I80: 22919.71 | J80: =SUM(C80:I80) -> 1138430.7
B81: 1 | C81: 135770.7 | D81: 190378.6 | E81: 168762.6 | F81: 78129.2 | G81: 53774.8 | H81: 40732.71 | I81: 23649.51 | J81: =SUM(C81:I81) -> 691198.12
B82: 2 | C82: 28835.16 | D82: 144997.6 | E82: 146974.1 | F82: 157722.1 | G82: 134277.5 | H82: 121341.1 | I82: 57451.65 | J82: =SUM(C82:I82) -> 791599.21
B83: 3 | C83: 14258.49 | D83: 55077.54 | E83: 120703.4 | F83: 147796.2 | G83: 97469.09 | H83: 78942.2 | I83: 59139.78 | J83: =SUM(C83:I83) -> 573386.7
B84: 4 | C84: 0 | D84: 27351.62 | E84: 60337.42 | F84: 76868.8 | G84: 63719.9 | H84: 47945.11 | I84: 31298.7 | J84: =SUM(C84:I84) -> 307521.55
B85: 5 | C85: 0 | D85: 825.2478 | E85: 18029.67 | F85: 43296.16 | G85: 44698.21 | H85: 41446.33 | I85: 25285.73 | J85: =SUM(C85:I85) -> 173581.35
B86: 6 | C86: 0 | D86: 2627.603 | E86: 5587.963 | F86: 25840.53 | G86: 16601.03 | H86: 16681.44 | I86: 22337.41 | J86: =SUM(C86:I86) -> 89675.976
B87: 7 | C87: 0 | D87: 0 | E87: 285.6917 | F87: 6624.159 | G87: 10486.24 | H87: 12639.24 | I87: 3803.388 | J87: =SUM(C87:I87) -> 33838.719
B88: 8 | C88: 0 | D88: 0 | E88: 0 | F88: 3145.266 | G88: 10094.43 | H88: 6986.251 | I88: 21847.52 | J88: =SUM(C88:I88) -> 42073.467
B89: 9 | C89: 0 | D89: 0 | E89: 0 | F89: 0 | G89: 1845.63 | H89: 13202.6 | I89: 1514.655 | J89: =SUM(C89:I89) -> 16562.885
B90: 10 | C90: 0 | D90: 0 | E90: 0 | F90: 254.1132 | G90: 1082.378 | H90: 2297.258 | I90: 6576.346 | J90: =SUM(C90:I90) -> 10210.095
B91: 11 | C91: 0 | D91: 0 | E91: 0 | F91: 0 | G91: 163.0122 | H91: 0 | I91: 1855.244 | J91: =SUM(C91:I91) -> 2018.2562
... B96: 16 | C96: 0 | D96: 0 | E96: 0 | F96: 0 | G96: 0 | H96: 0 | I96: 0 | J96: =SUM(C96:I96) -> 0
C97: =SUMPRODUCT($B$80:$B$96,C80:C96) -> 236216.49 | D97: =SUMPRODUCT($B$80:$B$96,D80:D96) -> 774904.76 | E97: =SUMPRODUCT($B$80:$B$96,E80:E96) -> 1191846.6 | F97: =SUMPRODUCT($B$80:$B$96,F80:F96) -> 1590033.6 | G97: =SUMPRODUCT($B$80:$B$96,G80:G96) -> 1384648 | H97: =SUMPRODUCT($B$80:$B$96,H80:H96) -> 1348368.4 | I97: =SUMPRODUCT($B$80:$B$96,I80:I96) -> 1037880.4 | J97: =SUMPRODUCT($B$80:$B$96,J80:J96) -> 7563898.2
B98: CM004_MACR | C98: = | D98: 2
B100: idade_categ
A101: M236_TOTA | B101: <20 | C101: 20-24 | D101: 25-29 | E101: 30-34 | F101: 35-39 | G101: 40-44 | H101: 45-49 | J101: total
B102: 0 | C102: 2111040 | D102: 1065959 | E102: 576027.9 | F102: 270442.8 | G102: 193674.1 | H102: 178551.8 | I102: 274988.6 | J102: =SUM(C102:I102) -> 4670684.2
B103: 1 | C103: 341533.5 | D103: 724714.1 | E103: 679842.1 | F103: 411180.1 | G103: 345742.7 | H103: 200171.5 | I103: 167285.4 | J103: =SUM(C103:I103) -> 2870469.4
B104: 2 | C104: 83825.06 | D104: 386720.4 | E104: 532413.4 | F104: 672107.9 | G104: 538529.6 | H104: 437880.1 | I104: 237855.6 | J104: =SUM(C104:I104) -> 2889332.1
B105: 3 | C105: 4741.638 | D105: 184534.8 | E105: 319909 | F105: 286068.1 | G105: 370199.2 | H105: 304271 | I105: 270571.9 | J105: =SUM(C105:I105) -> 1740295.6
B106: 4 | C106: 0 | D106: 17550.45 | E106: 95121.16 | F106: 95564.74 | G106: 188371.5 | H106: 121705.7 | I106: 132676.9 | J106: =SUM(C106:I106) -> 650990.45
B107: 5 | C107: 0 | D107: 6974.284 | E107: 23800.42 | F107: 80056.58 | G107: 75393.16 | H107: 141564.9 | I107: 118497.1 | J107: =SUM(C107:I107) -> 446286.44
B108: 6 | C108: 0 | D108: 0 | E108: 4471.972 | F108: 24816.75 | G108: 45760.08 | H108: 81342.98 | I108: 93289.47 | J108: =SUM(C108:I108) -> 249681.25
B109: 7 | C109: 0 | D109: 4354.65 | E109: 0 | F109: 27872.19 | G109: 13233.17 | H109: 25749.5 | I109: 53655.16 | J109: =SUM(C109:I109) -> 124864.67
B110: 8 | C110: 0 | D110: 0 | E110: 2722.693 | F110: 303.4405 | G110: 4031.408 | H110: 19130.76 | I110: 15888.12 | J110: =SUM(C110:I110) -> 42076.421
B111: 9 | C111: 0 | D111: 0 | E111: 0 | F111: 0 | G111: 15396.44 | H111: 28927.39 | I111: 19296.7 | J111: =SUM(C111:I111) -> 63620.53
B112: 10 | C112: 0 | D112: 0 | E112: 0 | F112: 245.22 | G112: 957.0333 | H112: 5019.551 | I112: 16511.73 | J112: =SUM(C112:I112) -> 22733.534
B113: 11 | C113: 0 | D113: 0 | E113: 0 | F113: 0 | G113: 1207.371 | H113: 24736.31 | I113: 1853.005 | J113: =SUM(C113:I113) -> 27796.686
... B118: 16 | C118: 0 | D118: 0 | E118: 0 | F118: 0 | G118: 0 | H118: 0 | I118: 7263.73 | J118: =SUM(C118:I118) -> 7263.73
C119: =SUMPRODUCT($B$102:$B$118,C102:C118) -> 523408.53 | D119: =SUMPRODUCT($B$102:$B$118,D102:D118) -> 2187315.1 | E119: =SUMPRODUCT($B$102:$B$118,E102:E118) -> 3252496 | F119: =SUMPRODUCT($B$102:$B$118,F102:F118) -> 3745027.6 | G119: =SUMPRODUCT($B$102:$B$118,G102:G118) -> 4247780.1 | H119: =SUMPRODUCT($B$102:$B$118,H102:H118) -> 4617489.1 | I119: =SUMPRODUCT($B$102:$B$118,I102:I118) -> 4266291.1 | J119: =SUMPRODUCT($B$80:$B$96,J102:J118) -> 22839808
B120: CM004_MACR | C120: = | D120: 3
B122: idade_categ
A123: M236_TOTA | B123: <20 | C123: 20-24 | D123: 25-29 | E123: 30-34 | F123: 35-39 | G123: 40-44 | H123: 45-49 | J123: total
B124: 0 | C124: 2917802 | D124: 2283146 | E124: 1287052 | F124: 562534.5 | G124: 555693.6 | H124: 313464.2 | I124: 377485.1 | J124: =SUM(C124:I124) -> 8297177.4
B125: 1 | C125: 445612.3 | D125: 1036909 | E125: 1006982 | F125: 927551.4 | G125: 877970.5 | H125: 703120.8 | I125: 427038.9 | J125: =SUM(C125:I125) -> 5425184.9
B126: 2 | C126: 17357.72 | D126: 418122.8 | E126: 645508.9 | F126: 1006786 | G126: 1086481 | H126: 1120546 | I126: 988820.7 | J126: =SUM(C126:I126) -> 5283623.1
B127: 3 | C127: 0 | D127: 92385.47 | E127: 409736.2 | F127: 561626.8 | G127: 488142.6 | H127: 667570.3 | I127: 494831.5 | J127: =SUM(C127:I127) -> 2714292.9
B128: 4 | C128: 0 | D128: 3091.169 | E128: 41137.21 | F128: 66249.13 | G128: 232237.8 | H128: 189645.1 | I128: 230030.5 | J128: =SUM(C128:I128) -> 762390.91
...

Sheet desejados
A1: > | B1: #total
A2: > | B2: svytable(~M236_TOTA+idade_categ | C2: design | D2: = | E2: mu)
B3: idade_categ
A4: M236_TOTA | C4: <20 | D4: 20-24 | E4: 25-29 | F4: 30-34 | G4: 35-39 | H4: 40-44 | I4: 45-49 | J4: total
B5: 0 | C5: 697839.7 | D5: 526746 | E5: 445470.1 | F5: 497812.9 | G5: 493104.4 | H5: 396245.7 | I5: 461480.3 | J5: =SUM(C5:I5) -> 3518699.1
B6: 1 | C6: 1511189 | D6: 2024128 | E6: 1708728 | F6: 1280256 | G6: 1017685 | H6: 885856.6 | I6: 795260.6 | J6: =SUM(C6:I6) -> 9223103.2
B7: 2 | C7: 4741306 | D7: 4552356 | E7: 4269818 | F7: 3649949 | G7: 3462222 | H7: 3126314 | I7: 2456730 | J7: =SUM(C7:I7) -> 26258695
B8: 3 | C8: 1094546 | D8: 1157093 | E8: 1197828 | F8: 1262847 | G8: 1313202 | H8: 1325872 | I8: 1019620 | J8: =SUM(C8:I8) -> 8371008
B9: 4 | C9: 186963.8 | D9: 229362.1 | E9: 230848.7 | F9: 331024.1 | G9: 519896.4 | H9: 596519.1 | I9: 529248.8 | J9: =SUM(C9:I9) -> 2623863
B10: 5 | C10: 75829.39 | D10: 44558.01 | E10: 48827.92 | F10: 121460.9 | G10: 110822.1 | H10: 242984 | I10: 198730.7 | J10: =SUM(C10:I10) -> 843213.02
B11: 6 | C11: 24173.32 | D11: 39503.53 | E11: 20794.26 | F11: 29386.5 | G11: 59291.53 | H11: 109265.9 | I11: 171430.4 | J11: =SUM(C11:I11) -> 453845.44
B12: 7 | C12: 0 | D12: 1563.708 | E12: 144.3586 | F12: 1236.963 | G12: 24490.06 | H12: 39388.83 | I12: 30311.03 | J12: =SUM(C12:I12) -> 97134.95
B13: 8 | C13: 1925.921 | D13: 1482.491 | E13: 2056.743 | F13: 1196.798 | G13: 25301.79 | H13: 34562.57 | I13: 41838.86 | J13: =SUM(C13:I13) -> 108365.17
B14: 9 | C14: 0 | D14: 0 | E14: 0 | F14: 35.31135 | G14: 1526.771 | H14: 10501.53 | I14: 2284.873 | J14: =SUM(C14:I14) -> 14348.485
B15: 10 | C15: 0 | D15: 611.1729 | E15: 4592.504 | F15: 7311.648 | G15: 12130.68 | H15: 22057.16 | I15: 76018.71 | J15: =SUM(C15:I15) -> 122721.87
B16: 11 | C16: 0 | D16: 544.7613 | E16: 0 | F16: 45402.64 | G16: 1771.55 | H16: 164.3157 | I16: 12268.85 | J16: =SUM(C16:I16) -> 60152.117
... B21: 24 | C21: 0 | D21: 0 | E21: 0 | F21: 0 | G21: 0 | H21: 0 | I21: 642.3241 | J21: =SUM(C21:I21) -> 642.3241
A22: > | C22: =SUMPRODUCT($B$5:$B$21,C5:C21) -> 15571471 | D22: =SUMPRODUCT($B$5:$B$21,D5:D21) -> 16012289 | E22: =SUMPRODUCT($B$5:$B$21,E5:E21) -> 15231033 | F22: =SUMPRODUCT($B$5:$B$21,F5:F21) -> 15081103 | G22: =SUMPRODUCT($B$5:$B$21,G5:G21) -> 15545170 | H22: =SUMPRODUCT($B$5:$B$21,H5:H21) -> 16503958 | I22: =SUMPRODUCT($B$5:$B$21,I5:I21) -> 14638727 | J22: =SUM(C22:I22) -> 1.0858375e+08
C23: =C22/SUM(C5:C21) -> 1.8683549 | D23: =D22/SUM(D5:D21) -> 1.8666804 | E23: =E22/SUM(E5:E21) -> 1.9202251 | F23: =F22/SUM(F5:F21) -> 2.0861798 | G23: =G22/SUM(G5:G21) -> 2.2040976 | H23: =H22/SUM(H5:H21) -> 2.4231515 | I23: =I22/SUM(I5:I21) -> 2.5170012 | J23: =J22/SUM(J5:J21) -> 2.0981167
A26: > | B26: # | C26: Situacaoo | D26: domicilio
A27: > | B27: svytable(~M236_TOTA+idade_categ+CM008_SITU | C27: design | D27: = | E27: mu)
B28: CM008_SITU | C28: = | D28: 1
B30: idade_categ
A31: M236_TOTA | C31: <20 | D31: 20-24 | E31: 25-29 | F31: 30-34 | G31: 35-39 | H31: 40-44 | I31: 45-49 | J31: total
B32: 0 | C32: 646482.1 | D32: 415050.5 | E32: 411542.7 | F32: 432113 | G32: 471550.3 | H32: 373108.2 | I32: 401898.5 | J32: =SUM(C32:I32) -> 3151745.3
B33: 1 | C33: 1265721 | D33: 1791219 | E33: 1500113 | F33: 1150593 | G33: 915624.2 | H33: 801396.5 | I33: 755124.4 | J33: =SUM(C33:I33) -> 8179791.1
B34: 2 | C34: 3784859 | D34: 3702119 | E34: 3585261 | F34: 3058560 | G34: 2988576 | H34: 2628186 | I34: 2146851 | J34: =SUM(C34:I34) -> 21894412
B35: 3 | C35: 899496.3 | D35: 906089 | E35: 964226.8 | F35: 1053909 | G35: 1071634 | H35: 1042663 | I35: 843708.8 | J35: =SUM(C35:I35) -> 6781726.9
B36: 4 | C36: 130102.4 | D36: 208100.2 | E36: 164402.9 | F36: 276166.6 | G36: 389654 | H36: 462850 | I36: 411235.6 | J36: =SUM(C36:I36) -> 2042511.7
B37: 5 | C37: 69037.29 | D37: 32691.46 | E37: 35416.41 | F37: 87909.03 | G37: 80047.61 | H37: 204697.8 | I37: 138379.4 | J37: =SUM(C37:I37) -> 648179
B38: 6 | C38: 24173.32 | D38: 36186.32 | E38: 15040.29 | F38: 19575.07 | G38: 35857.95 | H38: 61152.95 | I38: 137259.7 | J38: =SUM(C38:I38) -> 329245.6
B39: 7 | C39: 0 | D39: 35.31135 | E39: 0 | F39: 258.534 | G39: 18012 | H39: 35180.55 | I39: 23719.31 | J39: =SUM(C39:I39) -> 77205.705
B40: 8 | C40: 315.1291 | D40: 0 | E40: 2056.743 | F40: 208.1174 | G40: 13326.37 | H40: 16721.31 | I40: 24637.05 | J40: =SUM(C40:I40) -> 57264.72
B41: 9 | C41: 0 | D41: 0 | E41: 0 | F41: 35.31135 | G41: 541.5506 | H41: 8140.351 | I41: 1552.097 | J41: =SUM(C41:I41) -> 10269.31
B42: 10 | C42: 0 | D42: 611.1729 | E42: 0 | F42: 5814.095 | G42: 4413.301 | H42: 15545.38 | I42: 63495.28 | J42: =SUM(C42:I42) -> 89879.229
B43: 11 | C43: 0 | D43: 544.7613 | E43: 0 | F43: 45402.64 | G43: 1608.538 | H43: 0 | I43: 11972.53 | J43: =SUM(C43:I43) -> 59528.469
... B48: 24 | C48: 0 | D48: 0 | E48: 0 | F48: 0 | G48: 0 | H48: 0 | I48: 0 | J48: =SUM(C48:I48) -> 0
C49: =SUMPRODUCT($B$32:$B$48,C32:C48) -> 12553667 | D49: =SUMPRODUCT($B$32:$B$48,D32:D48) -> 13139051 | E49: =SUMPRODUCT($B$32:$B$48,E32:E48) -> 12537017 | F49: =SUMPRODUCT($B$32:$B$48,F32:F48) -> 12652464 | G49: =SUMPRODUCT($B$32:$B$48,G32:G48) -> 12662827 | H49: =SUMPRODUCT($B$32:$B$48,H32:H48) -> 13279571 | I49: =SUMPRODUCT($B$32:$B$48,I32:I48) -> 12047349 | J49: =SUM(C49:I49) -> 88871948
B51: CM008_SITU | C51: = | D51: 2
B53: idade_categ
A54: M236_TOTA | C54: <20 | D54: 20-24 | E54: 25-29 | F54: 30-34 | G54: 35-39 | H54: 40-44 | I54: 45-49 | J54: total
B55: 0 | C55: 51357.63 | D55: 111695.5 | E55: 33927.39 | F55: 65699.88 | G55: 21554.05 | H55: 23137.47 | I55: 59581.72 | J55: =SUM(C55:I55) -> 366953.64
B56: 1 | C56: 245467.8 | D56: 232909.1 | E56: 208615 | F56: 129662.8 | G56: 102061 | H56: 84460.08 | I56: 40136.17 | J56: =SUM(C56:I56) -> 1043312
B57: 2 | C57: 956446.6 | D57: 850236.9 | E57: 684556.6 | F57: 591388.8 | G57: 473646.2 | H57: 498128.8 | I57: 309879.1 | J57: =SUM(C57:I57) -> 4364283
B58: 3 | C58: 195050.1 | D58: 251003.6 | E58: 233601.2 | F58: 208937.4 | G58: 241568.4 | H58: 283209.2 | I58: 175910.8 | J58: =SUM(C58:I58) -> 1589280.7
B59: 4 | C59: 56861.32 | D59: 21261.94 | E59: 66445.85 | F59: 54857.56 | G59: 130242.5 | H59: 133669.1 | I59: 118013.2 | J59: =SUM(C59:I59) -> 581351.47
B60: 5 | C60: 6792.103 | D60: 11866.55 | E60: 13411.51 | F60: 33551.85 | G60: 30774.48 | H60: 38286.25 | I60: 60351.31 | J60: =SUM(C60:I60) -> 195034.05
B61: 6 | C61: 0 | D61: 3317.21 | E61: 5753.969 | F61: 9811.428 | G61: 23433.58 | H61: 48112.92 | I61: 34170.63 | J61: =SUM(C61:I61) -> 124599.74
B62: 7 | C62: 0 | D62: 1528.397 | E62: 144.3586 | F62: 978.4295 | G62: 6478.055 | H62: 4208.273 | I62: 6591.725 | J62: =SUM(C62:I62) -> 19929.238
B63: 8 | C63: 1610.792 | D63: 1482.491 | E63: 0 | F63: 988.6801 | G63: 11975.42 | H63: 17841.26 | I63: 17201.81 | J63: =SUM(C63:I63) -> 51100.453
B64: 9 | C64: 0 | D64: 0 | E64: 0 | F64: 0 | G64: 985.2204 | H64: 2361.18 | I64: 732.7766 | J64: =SUM(C64:I64) -> 4079.177
B65: 10 | C65: 0 | D65: 0 | E65: 4592.504 | F65: 1497.553 | G65: 7717.378 | H65: 6511.78 | I65: 12523.43 | J65: =SUM(C65:I65) -> 32842.645
B66: 11 | C66: 0 | D66: 0 | E66: 0 | F66: 0 | G66: 163.0122 | H66: 164.3157 | I66: 296.3217 | J66: =SUM(C66:I66) -> 623.6496
... B71: 24 | C71: 0 | D71: 0 | E71: 0 | F71: 0 | G71: 0 | H71: 0 | I71: 642.3241 | J71: =SUM(C71:I71) -> 642.3241
C72: =SUMPRODUCT($B$55:$B$71,C55:C71) -> 3017803.4 | D72: =SUMPRODUCT($B$55:$B$71,D55:D71) -> 2873236.2 | E72: =SUMPRODUCT($B$55:$B$71,E55:E71) -> 2694014.8 | F72: =SUMPRODUCT($B$55:$B$71,F55:F71) -> 2428636 | G72: =SUMPRODUCT($B$55:$B$71,G55:G71) -> 2882345.6 | H72: =SUMPRODUCT($B$55:$B$71,H55:H71) -> 3224389 | I72: =SUMPRODUCT($B$55:$B$71,I55:I71) -> 2591376.2 | J72: =SUM(C72:I72) -> 19711801
A73: >
A74: > | B74: # | C74: Regiao
A75: > | B75: svytable(~M236_TOTA+idade_categ+CM004_MACR | C75: design | D75: = | E75: mu)
B76: CM004_MACR | C76: = | D76: 1
B78: idade_categ
A79: M236_TOTA | C79: <20 | D79: 20-24 | E79: 25-29 | F79: 30-34 | G79: 35-39 | H79: 40-44 | I79: 45-49 | J79: total
B80: 0 | C80: 55244.8 | D80: 38329.53 | E80: 46017.55 | F80: 37828.6 | G80: 32631.29 | H80: 32653.08 | I80: 14879.94 | J80: =SUM(C80:I80) -> 257584.79
B81: 1 | C81: 99402.74 | D81: 111225.6 | E81: 122463.5 | F81: 96786.17 | G81: 50152.18 | H81: 40397.59 | I81: 40721.38 | J81: =SUM(C81:I81) -> 561149.16
B82: 2 | C82: 432027.2 | D82: 444833.6 | E82: 301326.4 | F82: 250183.9 | G82: 212069.4 | H82: 179711.5 | I82: 78229.25 | J82: =SUM(C82:I82) -> 1898381.2
B83: 3 | C83: 114372 | D83: 88804.97 | E83: 117410.5 | F83: 127346.2 | G83: 103853.8 | H83: 84336.47 | I83: 56612.66 | J83: =SUM(C83:I83) -> 692736.6
B84: 4 | C84: 33689.49 | D84: 24343.46 | E84: 38637.23 | F84: 44408.47 | G84: 40289.84 | H84: 35575.47 | I84: 33484.24 | J84: =SUM(C84:I84) -> 250428.2
B85: 5 | C85: 10351.3 | D85: 5444.075 | E85: 5869.707 | F85: 26250.09 | G85: 20470.95 | H85: 9031.907 | I85: 22334.46 | J85: =SUM(C85:I85) -> 99752.489
B86: 6 | C86: 102.9446 | D86: 3546.714 | E86: 3697.128 | F86: 5658.545 | G86: 13625.14 | H86: 8900.057 | I86: 15827.68 | J86: =SUM(C86:I86) -> 51358.209
B87: 7 | C87: 0 | D87: 1528.397 | E87: 144.3586 | F87: 1236.963 | G87: 912.1479 | H87: 10315.13 | I87: 1072.534 | J87: =SUM(C87:I87) -> 15209.53
B88: 8 | C88: 0 | D88: 825.2478 | E88: 0 | F88: 988.6801 | G88: 0 | H88: 3782.009 | I88: 9234.248 | J88: =SUM(C88:I88) -> 14830.185
B89: 9 | C89: 0 | D89: 0 | E89: 0 | F89: 0 | G89: 345.054 | H89: 2664.901 | I89: 732.7766 | J89: =SUM(C89:I89) -> 3742.7316
B90: 10 | C90: 0 | D90: 0 | E90: 0 | F90: 4003.965 | G90: 168.9959 | H90: 528.7568 | I90: 2034.042 | J90: =SUM(C90:I90) -> 6735.7597
B91: 11 | C91: 0 | D91: 0 | E91: 0 | F91: 0 | G91: 163.0122 | H91: 0 | I91: 0 | J91: =SUM(C91:I91) -> 163.0122
... B96: 24 | C96: 0 | D96: 0 | E96: 0 | F96: 0 | G96: 0 | H96: 0 | I96: 642.3241 | J96: =SUM(C96:I96) -> 642.3241
C97: =SUMPRODUCT($B$80:$B$96,C80:C96) -> 1500287.7 | D97: =SUMPRODUCT($B$80:$B$96,D80:D96) -> 1430483 | E97: =SUMPRODUCT($B$80:$B$96,E80:E96) -> 1284438.5 | F97: =SUMPRODUCT($B$80:$B$96,F80:F96) -> 1392227.3 | G97: =SUMPRODUCT($B$80:$B$96,G80:G96) -> 1170630.7 | H97: =SUMPRODUCT($B$80:$B$96,H80:H96) -> 1025425.4 | I97: =SUMPRODUCT($B$80:$B$96,I80:I96) -> 868473.55 | J97: =SUMPRODUCT($B$80:$B$96,J80:J96) -> 8671966.2
B98: CM004_MACR | C98: = | D98: 2
B100: idade_categ
A101: M236_TOTA | B101: <20 | C101: 20-24 | D101: 25-29 | E101: 30-34 | F101: 35-39 | G101: 40-44 | H101: 45-49 | J101: total
B102: 0 | C102: 129596.4 | D102: 198646.8 | E102: 138882.5 | F102: 144896.2 | G102: 153695 | H102: 136397.7 | I102: 202957.4 | J102: =SUM(C102:I102) -> 1105072
B103: 1 | C103: 501554.1 | D103: 524494.8 | E103: 480762.6 | F103: 338252.9 | G103: 239118.8 | H103: 208374.2 | I103: 187621.8 | J103: =SUM(C103:I103) -> 2480179.2
B104: 2 | C104: 1420029 | D104: 1223359 | E104: 1146936 | F104: 865242.9 | G104: 842974.6 | H104: 632169.2 | I104: 461248 | J104: =SUM(C104:I104) -> 6591958.7
B105: 3 | C105: 346020.2 | D105: 306895.2 | E105: 319002.6 | F105: 359554.3 | G105: 281839.1 | H105: 237084.9 | I105: 228300.6 | J105: =SUM(C105:I105) -> 2078696.9
B106: 4 | C106: 100856.9 | D106: 88836.35 | E106: 104866.1 | F106: 92953.07 | G106: 189129.8 | H106: 155425.5 | I106: 127129 | J106: =SUM(C106:I106) -> 859196.72
B107: 5 | C107: 23342.78 | D107: 17675.73 | E107: 11392.3 | F107: 39095.85 | G107: 35805.09 | H107: 67703.19 | I107: 66062.54 | J107: =SUM(C107:I107) -> 261077.48
B108: 6 | C108: 0 | D108: 10704.65 | E108: 8790.695 | F108: 12949.61 | G108: 15598.33 | H108: 55651.35 | I108: 58738.23 | J108: =SUM(C108:I108) -> 162432.87
B109: 7 | C109: 0 | D109: 0 | E109: 0 | F109: 0 | G109: 3577.779 | H109: 3153.43 | I109: 18407.49 | J109: =SUM(C109:I109) -> 25138.699
B110: 8 | C110: 0 | D110: 0 | E110: 0 | F110: 0 | G110: 9566.491 | H110: 29809.37 | I110: 14986.97 | J110: =SUM(C110:I110) -> 54362.831
B111: 9 | C111: 0 | D111: 0 | E111: 0 | F111: 0 | G111: 290.8301 | H111: 6574.206 | I111: 0 | J111: =SUM(C111:I111) -> 6865.0361
B112: 10 | C112: 0 | D112: 611.1729 | E112: 3241.224 | F112: 1878.08 | G112: 7261.55 | H112: 14403.29 | I112: 14147.01 | J112: =SUM(C112:I112) -> 41542.327
B113: 11 | C113: 0 | D113: 0 | E113: 0 | F113: 0 | G113: 0 | H113: 0 | I113: 296.3217 | J113: =SUM(C113:I113) -> 296.3217
... B118: 24 | C118: 0 | D118: 0 | E118: 0 | F118: 0 | G118: 0 | H118: 0 | I118: 0 | J118: =SUM(C118:I118) -> 0
C119: =SUMPRODUCT($B$102:$B$118,C102:C118) -> 4899814.2 | D119: =SUMPRODUCT($B$102:$B$118,D102:D118) -> 4405962.1 | E119: =SUMPRODUCT($B$102:$B$118,E102:E118) -> 4293224.7 | F119: =SUMPRODUCT($B$102:$B$118,F102:F118) -> 3811171.6 | G119: =SUMPRODUCT($B$102:$B$118,G102:G118) -> 4095600 | H119: =SUMPRODUCT($B$102:$B$118,H102:H118) -> 4026354.6 | I119: =SUMPRODUCT($B$102:$B$118,I102:I118) -> 3379755.5 | J119: =SUMPRODUCT($B$80:$B$96,J102:J118) -> 28911883
B120: CM004_MACR | C120: = | D120: 3
B122: idade_categ
A123: M236_TOTA | B123: <20 | C123: 20-24 | D123: 25-29 | E123: 30-34 | F123: 35-39 | G123: 40-44 | H123: 45-49 | J123: total
B124: 0 | C124: 411833.4 | D124: 220950.4 | E124: 177152.5 | F124: 235855.4 | G124: 232568.9 | H124: 130147.8 | I124: 153432.2 | J124: =SUM(C124:I124) -> 1561940.6
B125: 1 | C125: 658885.8 | D125: 1095186 | E125: 782904.8 | F125: 609439.9 | G125: 538903.7 | H125: 443894.3 | I125: 400138 | J125: =SUM(C125:I125) -> 4529352.5
B126: 2 | C126: 1759145 | D126: 1920717 | E126: 1831444 | F126: 1626278 | G126: 1639546 | H126: 1438377 | I126: 1340806 | J126: =SUM(C126:I126) -> 11556313
B127: 3 | C127: 447636.4 | D127: 467187.9 | E127: 483329.8 | F127: 488198.4 | G127: 612193.5 | H127: 664009.7 | I127: 463518.8 | J127: =SUM(C127:I127) -> 3626074.5
B128: 4 | C128: 14627 | D128: 74611.41 | E128: 56430.83 | F128: 107066.8 | G128: 204334 | H128: 224713.3 | I128: 225665.4 | J128: =SUM(C128:I128) -> 907448.74
...

Sheet mean of cheldren
A1: filhos desejados | G1: filhos tidos
A2: ========== | B2: mu | C2: ========== | G2: ========== | H2: mu | I2: ==========
B3: idade_categ | C3: prod | D3: Freq | E3: media | H3: idade_categ | I3: prod | J3: Freq | K3: media | L3: idade | M3: Mean actual number | N3: Difference
A4: 1 | B4: <20 | C4: 15571472 | D4: 8334322 | E4: 1.87 | G4: 1 | H4: <20 | I4: 1563929 | J4: 8417796 | K4: 0.19 | L4: =H4 -> <20 | M4: =K4 -> 0.19 | N4: =E4-K4 -> 1.68
A5: 2 | B5: 20-24 | C5: 16012288 | D5: 8577949 | E5: 1.87 | G5: 2 | H5: 20-24 | I5: 6432838 | J5: 8660654 | K5: 0.74 | L5: =H5 -> 20-24 | M5: =K5 -> 0.74 | N5: =E5-K5 -> 1.13
A6: 3 | B6: 25-29 | C6: 15231032 | D6: 7931899 | E6: 1.92 | G6: 3 | H6: 25-29 | I6: 10195865 | J6: 8023502 | K6: 1.27 | L6: =H6 -> 25-29 | M6: =K6 -> 1.27 | N6: =E6-K6 -> 0.65
A7: 4 | B7: 30-34 | C7: 15081102 | D7: 7229052 | E7: 2.09 | G7: 4 | H7: 30-34 | I7: 13182189 | J7: 7276364 | K7: 1.81 | L7: =H7 -> 30-34 | M7: =K7 -> 1.81 | N7: =E7-K7 -> 0.28
A8: 5 | B8: 35-39 | C8: 15545170 | D8: 7052850 | E8: 2.2 | G8: 5 | H8: 35-39 | I8: 14598846 | J8: 7097828 | K8: 2.06 | L8: =H8 -> 35-39 | M8: =K8 -> 2.06 | N8: =E8-K8 -> 0.14
A9: 6 | B9: 40-44 | C9: 16503959 | D9: 6810948 | E9: 2.42 | G9: 6 | H9: 40-44 | I9: 16549205 | J9: 6947801 | K9: 2.38 | L9: =H9 -> 40-44 | M9: =K9 -> 2.38 | N9: =E9-K9 -> 0.04
A11: ========== | B11: pub | C11: ========== | G11: ========== | H11: pub | I11: ==========
B12: idade_categ | C12: prod | D12: Freq | E12: media | H12: idade_categ | I12: prod | J12: Freq | K12: media | L12: idade | M12: Mean actual number | N12: Difference
A13: 1 | B13: <20 | C13: 16675.11 | D13: 8337.555 | E13: 2 | G13: 1 | H13: <20 | I13: 8337.555 | J13: 8337.555 | K13: 1 | L13: =H13 -> <20 | M13: =K13 -> 1 | N13: =E13-K13 -> 1
A14: 2 | B14: 20-24 | C14: 125980.92 | D14: 78689.145 | E14: 1.6 | G14: 2 | H14: 20-24 | I14: 38176.675 | J14: 78689.145 | K14: 0.49 | L14: =H14 -> 20-24 | M14: =K14 -> 0.49 | N14: =E14-K14 -> 1.11
A15: 3 | B15: 25-29 | C15: 254515.05 | D15: 127565.6 | E15: 2 | G15: 3 | H15: 25-29 | I15: 146451.04 | J15: 135148.43 | K15: 1.08 | L15: =H15 -> 25-29 | M15: =K15 -> 1.08 | N15: =E15-K15 -> 0.92
A16: 4 | B16: 30-34 | C16: 417089.77 | D16: 203600.09 | E16: 2.05 | G16: 4 | H16: 30-34 | I16: 216718.63 | J16: 203600.09 | K16: 1.06 | L16: =H16 -> 30-34 | M16: =K16 -> 1.06 | N16: =E16-K16 -> 0.99
A17: 5 | B17: 35-39 | C17: 471876.98 | D17: 248938.43 | E17: 1.9 | G17: 5 | H17: 35-39 | I17: 314060.4 | J17: 249347.42 | K17: 1.26 | L17: =H17 -> 35-39 | M17: =K17 -> 1.26 | N17: =E17-K17 -> 0.64
A18: 6 | B18: 40-44 | C18: 886844.37 | D18: 353650.17 | E18: 2.51 | G18: 6 | H18: 40-44 | I18: 654873.31 | J18: 353650.17 | K18: 1.85 | L18: =H18 -> 40-44 | M18: =K18 -> 1.85 | N18: =E18-K18 -> 0.66
A20: ========== | B20: yes | C20: ========== | G20: ========== | H20: yes | I20: ==========
B21: idade_categ | C21: prod | D21: Freq | E21: media | H21: idade_categ | I21: prod | J21: Freq | K21: media | L21: idade | M21: Mean actual number | N21: Difference
A22: 1 | B22: <20 | C22: 1285784 | D22: 643864.2 | E22: 2 | G22: 1 | H22: <20 | I22: 82785.9 | J22: 643864.2 | K22: 0.13 | L22: =H22 -> <20 | M22: =K22 -> 0.13 | N22: =E22-K22 -> 1.87
A23: 2 | B23: 20-24 | C23: 3873485 | D23: 2109106.1 | E23: 1.84 | G23: 2 | H23: 20-24 | I23: 920299.7 | J23: 2130765.5 | K23: 0.43 | L23: =H23 -> 20-24 | M23: =K23 -> 0.43 | N23: =E23-K23 -> 1.41
A24: 3 | B24: 25-29 | C24: 4301021 | D24: 2338073.4 | E24: 1.84 | G24: 3 | H24: 25-29 | I24: 2129940.5 | J24: 2356760.9 | K24: 0.9 | L24: =H24 -> 25-29 | M24: =K24 -> 0.9 | N24: =E24-K24 -> 0.94
A25: 4 | B25: 30-34 | C25: 3993074 | D25: 1846805.4 | E25: 2.16 | G25: 4 | H25: 30-34 | I25: 2477127.5 | J25: 1855138 | K25: 1.34 | L25: =H25 -> 30-34 | M25: =K25 -> 1.34 | N25: =E25-K25 -> 0.82
A26: 5 | B26: 35-39 | C26: 3863683 | D26: 1859889.4 | E26: 2.08 | G26: 5 | H26: 35-39 | I26: 3017539.7 | J26: 1866234.5 | K26: 1.62 | L26: =H26 -> 35-39 | M26: =K26 -> 1.62 | N26: =E26-K26 -> 0.46
A27: 6 | B27: 40-44 | C27: 3884004 | D27: 1647253.3 | E27: 2.36 | G27: 6 | H27: 40-44 | I27: 3099642.7 | J27: 1670248.6 | K27: 1.86 | L27: =H27 -> 40-44 | M27: =K27 -> 1.86 | N27: =E27-K27 -> 0.5
A29: ========== | B29: no | C29: ========== | G29: ========== | H29: no | I29: ==========
B30: idade_categ | C30: prod | D30: Freq | E30: media | H30: idade_categ | I30: prod | J30: Freq | K30: media | L30: idade | M30: Mean actual number | N30: Difference
A31: 1 | B31: <20 | C31: 5647432 | D31: 3019745 | E31: 1.87 | G31: 1 | H31: <20 | I31: 413723.3 | J31: 3067242 | K31: 0.13 | L31: =H31 -> <20 | M31: =K31 -> 0.13 | N31: =E31-K31 -> 1.74
A32: 2 | B32: 20-24 | C32: 6496781 | D32: 3445347 | E32: 1.89 | G32: 2 | H32: 20-24 | I32: 2656054.6 | J32: 3467206 | K32: 0.77 | L32: =H32 -> 20-24 | M32: =K32 -> 0.77 | N32: =E32-K32 -> 1.12
A33: 3 | B33: 25-29 | C33: 6229127 | D33: 3237471 | E33: 1.92 | G33: 3 | H33: 25-29 | I33: 4394191.2 | J33: 3287634 | K33: 1.34 | L33: =H33 -> 25-29 | M33: =K33 -> 1.34 | N33: =E33-K33 -> 0.58
A34: 4 | B34: 30-34 | C34: 6200101 | D34: 3065466 | E34: 2.02 | G34: 4 | H34: 30-34 | I34: 5976324 | J34: 3075082 | K34: 1.94 | L34: =H34 -> 30-34 | M34: =K34 -> 1.94 | N34: =E34-K34 -> 0.08
A35: 5 | B35: 35-39 | C35: 6704489 | D35: 3040863 | E35: 2.2 | G35: 5 | H35: 35-39 | I35: 6744011.6 | J35: 3064236 | K35: 2.2 | L35: =H35 -> 35-39 | M35: =K35 -> 2.2 | N35: =E35-K35 -> 0
A36: 6 | B36: 40-44 | C36: 6936629 | D36: 2852752 | E36: 2.43 | G36: 6 | H36: 40-44 | I36: 7261122.1 | J36: 2879407 | K36: 2.52 | L36: =H36 -> 40-44 | M36: =K36 -> 2.52 | N36: =E36-K36 -> -0.09
A43: ========== | B43: mu | C43: ========== | G43: ========== | H43: mu | I43: ==========
B44: idade_categ_10 | C44: prod | D44: Freq | E44: media | H44: idade_categ_10 | I44: prod | J44: Freq | K44: media | L44: idade | M44: Mean actual number | N44: Difference
A45: 1 | B45: <20 | C45: 15571472 | D45: 8334322 | E45: 1.87 | G45: 1 | H45: <20 | I45: 1563929 | J45: 8417796 | K45: 0.19 | L45: =H45 -> <20 | M45: =K45 -> 0.19 | N45: =E45-K45 -> 1.68
A46: 2 | B46: 20-29 | C46: 31243320 | D46: 16509848 | E46: 1.89 | G46: 2 | H46: 20-29 | I46: 16628703 | J46: 16684156 | K46: 1 | L46: =H46 -> 20-29 | M46: =K46 -> 1 | N46: =E46-K46 -> 0.89
A47: 3 | B47: 30-39 | C47: 30626272 | D47: 14281902 | E47: 2.14 | G47: 3 | H47: 30-39 | I47: 27781035 | J47: 14374192 | K47: 1.93 | L47: =H47 -> 30-39 | M47: =K47 -> 1.93 | N47: =E47-K47 -> 0.21
A48: 4 | B48: 40-49 | C48: 31142685 | D48: 12626888 | E48: 2.47 | G48: 4 | H48: 40-49 | I48: 32149429 | J48: 12885312 | K48: 2.5 | L48: =H48 -> 40-49 | M48: =K48 -> 2.5 | N48: =E48-K48 -> -0.03
A50: ========== | B50: pub | C50: ========== | G50: ========== | H50: pub | I50: ==========
B51: idade_categ_10 | C51: prod | D51: Freq | E51: media | H51: idade_categ_10 | I51: prod | J51: Freq | K51: media | L51: idade | M51: Mean actual number | N51: Difference
A52: 1 | B52: <20 | C52: 16675.11 | D52: 8337.555 | E52: 2 | G52: 1 | H52: <20 | I52: 8337.555 | J52: 8337.555 | K52: 1 | L52: =H52 -> <20 | M52: =K52 -> 1 | N52: =E52-K52 -> 1
A53: 2 | B53: 20-29 | C53: 380495.97 | D53: 206254.74 | E53: 1.84 | G53: 2 | H53: 20-29 | I53: 184627.71 | J53: 213837.58 | K53: 0.86 | L53: =H53 -> 20-29 | M53: =K53 -> 0.86 | N53: =E53-K53 -> 0.98
A54: 3 | B54: 30-39 | C54: 888966.76 | D54: 452538.52 | E54: 1.96 | G54: 3 | H54: 30-39 | I54: 530779.03 | J54: 452947.51 | K54: 1.17 | L54: =H54 -> 30-39 | M54: =K54 -> 1.17 | N54: =E54-K54 -> 0.79
A55: 4 | B55: 40-49 | C55: 1526717.1 | D55: 657684.24 | E55: 2.32 | G55: 4 | H55: 40-49 | I55: 1127560.4 | J55: 695749.39 | K55: 1.62 | L55: =H55 -> 40-49 | M55: =K55 -> 1.62 | N55: =E55-K55 -> 0.7
A57: ========== | B57: yes | C57: ========== | G57: ========== | H57: yes | I57: ==========
B58: idade_categ_10 | C58: prod | D58: Freq | E58: media | H58: idade_categ_10 | I58: prod | J58: Freq | K58: media | L58: idade | M58: Mean actual number | N58: Difference
A59: 1 | B59: <20 | C59: 1285784 | D59: 643864.2 | E59: 2 | G59: 1 | H59: <20 | I59: 82785.9 | J59: 643864.2 | K59: 0.13 | L59: =H59 -> <20 | M59: =K59 -> 0.13 | N59: =E59-K59 -> 1.87
A60: 2 | B60: 20-29 | C60: 8174505 | D60: 4447179.5 | E60: 1.84 | G60: 2 | H60: 20-29 | I60: 3050240.2 | J60: 4487526.4 | K60: 0.68 | L60: =H60 -> 20-29 | M60: =K60 -> 0.68 | N60: =E60-K60 -> 1.16
A61: 3 | B61: 30-39 | C61: 7856757 | D61: 3706694.8 | E61: 2.12 | G61: 3 | H61: 30-39 | I61: 5494667.2 | J61: 3721372.5 | K61: 1.48 | L61: =H61 -> 30-39 | M61: =K61 -> 1.48 | N61: =E61-K61 -> 0.64
A62: 4 | B62: 40-49 | C62: 6857155 | D62: 2987597.1 | E62: 2.3 | G62: 4 | H62: 40-49 | I62: 5999059.6 | J62: 3020581 | K62: 1.99 | L62: =H62 -> 40-49 | M62: =K62 -> 1.99 | N62: =E62-K62 -> 0.31
A64: ========== | B64: no | C64: ========== | G64: ========== | H64: no | I64: ==========
B65: idade_categ_10 | C65: prod | D65: Freq | E65: media | H65: idade_categ_10 | I65: prod | J65: Freq | K65: media | L65: idade | M65: Mean actual number | N65: Difference
A66: 1 | B66: <20 | C66: 5647432 | D66: 3019745 | E66: 1.87 | G66: 1 | H66: <20 | I66: 413723.3 | J66: 3067242 | K66: 0.13 | L66: =H66 -> <20 | M66: =K66 -> 0.13 | N66: =E66-K66 -> 1.74
A67: 2 | B67: 20-29 | C67: 12725908 | D67: 6682818 | E67: 1.9 | G67: 2 | H67: 20-29 | I67: 7050245.8 | J67: 6754840 | K67: 1.04 | L67: =H67 -> 20-29 | M67: =K67 -> 1.04 | N67: =E67-K67 -> 0.86
A68: 3 | B68: 30-39 | C68: 12904590 | D68: 6106329 | E68: 2.11 | G68: 3 | H68: 30-39 | I68: 12720336 | J68: 6139318 | K68: 2.07 | L68: =H68 -> 30-39 | M68: =K68 -> 2.07 | N68: =E68-K68 -> 0.04
A69: 4 | B69: 40-49 | C69: 12896845 | D69: 5144710 | E69: 2.51 | G69: 4 | H69: 40-49 | I69: 13825932 | J69: 5193953 | K69: 2.66 | L69: =H69 -> 40-49 | M69: =K69 -> 2.66 | N69: =E69-K69 -> -0.15
A82: ========== | B82: mu | C82: ========== | G82: ========== | H82: mu | I82: ==========
B83: idade_categ_15 | C83: prod | D83: Freq | E83: media | H83: idade_categ_15 | I83: prod | J83: Freq | K83: media | L83: idade | M83: Mean actual number | N83: Difference
A84: 1 | B84: <20 | C84: 15571472 | D84: 8334322 | E84: 1.87 | G84: 1 | H84: <20 | I84: 1563929 | J84: 8417796 | K84: 0.19 | L84: =H84 -> <20 | M84: =K84 -> 0.19 | N84: =E84-K84 -> 1.68
A85: 2 | B85: 20-34 | C85: 46324422 | D85: 23738900 | E85: 1.95 | G85: 2 | H85: 20-34 | I85: 29810892 | J85: 23960520 | K85: 1.24 | L85: =H85 -> 20-34 | M85: =K85 -> 1.24 | N85: =E85-K85 -> 0.71
A86: 3 | B86: 35-49 | C86: 46687855 | D86: 19679738 | E86: 2.37 | G86: 3 | H86: 35-49 | I86: 46748276 | J86: 19983140 | K86: 2.34 | L86: =H86 -> 35-49 | M86: =K86 -> 2.34 | N86: =E86-K86 -> 0.03
A88: ========== | B88: pub | C88: ========== | G88: ========== | H88: pub | I88: ==========
B89: idade_categ_15 | C89: prod | D89: Freq | E89: media | H89: idade_categ_15 | I89: prod | J89: Freq | K89: media | L89: idade | M89: Mean actual number | N89: Difference
A90: 1 | B90: <20 | C90: 16675.11 | D90: 8337.555 | E90: 2 | G90: 1 | H90: <20 | I90: 8337.555 | J90: 8337.555 | K90: 1 | L90: =H90 -> <20 | M90: =K90 -> 1 | N90: =E90-K90 -> 1
A91: 2 | B91: 20-34 | C91: 797585.74 | D91: 409854.84 | E91: 1.95 | G91: 2 | H91: 20-34 | I91: 401346.34 | J91: 417437.67 | K91: 0.96 | L91: =H91 -> 20-34 | M91: =K91 -> 0.96 | N91: =E91-K91 -> 0.99
A92: 3 | B92: 35-49 | C92: 1998594.1 | D92: 906622.67 | E92: 2.2 | G92: 3 | H92: 35-49 | I92: 1441620.8 | J92: 945096.81 | K92: 1.53 | L92: =H92 -> 35-49 | M92: =K92 -> 1.53 | N92: =E92-K92 -> 0.67
A94: ========== | B94: yes | C94: ========== | G94: ========== | H94: yes | I94: ==========
B95: idade_categ_15 | C95: prod | D95: Freq | E95: media | H95: idade_categ_15 | I95: prod | J95: Freq | K95: media | L95: idade | M95: Mean actual number | N95: Difference
A96: 1 | B96: <20 | C96: 1285784 | D96: 643864.2 | E96: 2 | G96: 1 | H96: <20 | I96: 82785.9 | J96: 643864.2 | K96: 0.13 | L96: =H96 -> <20 | M96: =K96 -> 0.13 | N96: =E96-K96 -> 1.87
A97: 2 | B97: 20-34 | C97: 12167580 | D97: 6293984.8 | E97: 1.93 | G97: 2 | H97: 20-34 | I97: 5527367.7 | J97: 6342664.4 | K97: 0.87 | L97: =H97 -> 20-34 | M97: =K97 -> 0.87 | N97: =E97-K97 -> 1.06
A98: 3 | B98: 35-49 | C98: 10720838 | D98: 4847486.6 | E98: 2.21 | G98: 3 | H98: 35-49 | I98: 9016599.2 | J98: 4886815.5 | K98: 1.85 | L98: =H98 -> 35-49 | M98: =K98 -> 1.85 | N98: =E98-K98 -> 0.36
A100: ========== | B100: no | C100: ========== | G100: ========== | H100: no | I100: ==========
B101: idade_categ_15 | C101: prod | D101: Freq | E101: media | H101: idade_categ_15 | I101: prod | J101: Freq | K101: media | L101: idade | M101: Mean actual number | N101: Difference
A102: 1 | B102: <20 | C102: 5647432 | D102: 3019745 | E102: 1.87 | G102: 1 | H102: <20 | I102: 413723.3 | J102: 3067242 | K102: 0.13 | L102: =H102 -> <20 | M102: =K102 -> 0.13 | N102: =E102-K102 -> 1.74
A103: 2 | B103: 20-34 | C103: 18926009 | D103: 9748284 | E103: 1.94 | G103: 2 | H103: 20-34 | I103: 13026570 | J103: 9829922 | K103: 1.33 | L103: =H103 -> 20-34 | M103: =K103 -> 1.33 | N103: =E103-K103 -> 0.61
A104: 3 | B104: 35-49 | C104: 19601334 | D104: 8185573 | E104: 2.39 | G104: 3 | H104: 35-49 | I104: 20569943 | J104: 8258189 | K104: 2.49 | L104: =H104 -> 35-49 | M104: =K104 -> 2.49 | N104: =E104-K104 -> -0.1
A120: ========== | B120: mu | C120: ========== | G120: ========== | H120: mu | I120: ==========
B121: idade_categ_10 | C121: prod | D121: Freq | E121: media | H121: idade_categ_10 | I121: prod | J121: Freq | K121: media | L121: idade | M121: Mean actual number | N121: desejado
A122: 1 | B122: <30 | C122: 46814792 | D122: 24844170 | E122: 1.88 | G122: 1 | H122: <30 | I122: 18192632 | J122: 25101952 | K122: 0.72 | L122: =H122 -> <30 | M122: =K122 -> 0.72 | N122: =E122 -> 1.88
A123: 2 | B123: 30-39 | C123: 30626272 | D123: 14281902 | E123: 2.14 | G123: 2 | H123: 30-39 | I123: 27781035 | J123: 14374192 | K123: 1.93 | L123: =H123 -> 30-39 | M123: =K123 -> 1.93 | N123: =E123 -> 2.14
A124: 3 | B124: 40-49 | C124: 31142685 | D124: 12626888 | E124: 2.47 | G124: 3 | H124: 40-49 | I124: 32149429 | J124: 12885312 | K124: 2.5 | L124: =H124 -> 40-49 | M124: =K124 -> 2.5 | N124: =E124 -> 2.47
A126: ========== | B126: pub | C126: ========== | G126: ========== | H126: pub | I126: ==========
B127: idade_categ_10 | C127: prod | D127: Freq | E127: media | H127: idade_categ_10 | I127: prod | J127: Freq | K127: media | L127: idade | M127: Mean actual number | N127: desired number
A128: 1 | B128: <30 | C128: 397171.1 | D128: 214592.3 | E128: 1.85 | G128: 1 | H128: <30 | I128: 192965.3 | J128: 222175.1 | K128: 0.87 | L128: =H128 -> <30 | M128: =K128 -> 0.87 | N128: =E128 -> 1.85
A129: 2 | B129: 30-39 | C129: 888966.8 | D129: 452538.5 | E129: 1.96 | G129: 2 | H129: 30-39 | I129: 530779 | J129: 452947.5 | K129: 1.17 | L129: =H129 -> 30-39 | M129: =K129 -> 1.17 | N129: =E129 -> 1.96
A130: 3 | B130: 40-49 | C130: 1526717.1 | D130: 657684.2 | E130: 2.32 | G130: 3 | H130: 40-49 | I130: 1127560.4 | J130: 695749.4 | K130: 1.62 | L130: =H130 -> 40-49 | M130: =K130 -> 1.62 | N130: =E130 -> 2.32
A132: ========== | B132: yes | C132: ========== | G132: ========== | H132: yes | I132: ==========
B133: idade_categ_10 | C133: prod | D133: Freq | E133: media | H133: idade_categ_10 | I133: prod | J133: Freq | K133: media | L133: idade | M133: Mean actual number | N133: Difference
A134: 1 | B134: <30 | C134: 9460289 | D134: 5091044 | E134: 1.86 | G134: 1 | H134: <30 | I134: 3133026 | J134: 5131391 | K134: 0.61 | L134: =H134 -> <30 | M134: =K134 -> 0.61 | N134: =E134 -> 1.86
A135: 2 | B135: 30-39 | C135: 7856757 | D135: 3706695 | E135: 2.12 | G135: 2 | H135: 30-39 | I135: 5494667 | J135: 3721373 | K135: 1.48 | L135: =H135 -> 30-39 | M135: =K135 -> 1.48 | N135: =E135 -> 2.12
A136: 3 | B136: 40-49 | C136: 6857155 | D136: 2987597 | E136: 2.3 | G136: 3 | H136: 40-49 | I136: 5999060 | J136: 3020581 | K136: 1.99 | L136: =H136 -> 40-49 | M136: =K136 -> 1.99 | N136: =E136 -> 2.3
A138: ========== | B138: no | C138: ========== | G138: ========== | H138: no | I138: ==========
B139: idade_categ_10 | C139: prod | D139: Freq | E139: media | H139: idade_categ_10 | I139: prod | J139: Freq | K139: media | L139: idade | M139: Mean actual number | N139: Difference
A140: 1 | B140: <30 | C140: 18373340 | D140: 9702562 | E140: 1.89 | G140: 1 | H140: <30 | I140: 7463969 | J140: 9822083 | K140: 0.76 | L140: =H140 -> <30 | M140: =K140 -> 0.76 | N140: =E140 -> 1.89
A141: 2 | B141: 30-39 | C141: 12904590 | D141: 6106329 | E141: 2.11 | G141: 2 | H141: 30-39 | I141: 12720336 | J141: 6139318 | K141: 2.07 | L141: =H141 -> 30-39 | M141: =K141 -> 2.07 | N141: =E141 -> 2.11
A142: 3 | B142: 40-49 | C142: 12896845 | D142: 5144710 | E142: 2.51 | G142: 3 | H142: 40-49 | I142: 13825932 | J142: 5193953 | K142: 2.66 | L142: =H142 -> 40-49 | M142: =K142 -> 2.66 | N142: =E142 -> 2.51

Sheet regression
B4: grupo | C4: mean desired number | D4: mean desired number of childless (18–35) | E4: intention to have 2nd child | F4: intention to have 3rd child | G4: actual number of children (40–49) | H4: actual number of children (35–49) | J4: y_want_2nd | K4: yes | L4: no | M4: Public
B5: yes (Formal contract) | C5: 2.05 | D5: 1.94 | E5: =K8 -> 0.65536664 | F5: =K17 -> 0.24816233 | G5: 1.97 | H5: 1.83 | J5: 0 | K5: 1056038.7 | L5: 1412176.5 | M5: 145429.3
B6: no (No formal contract) | C6: 2.11 | D6: 1.92 | E6: =L8 -> 0.65677889 | F6: =L17 -> 0.2270694 | G6: 2.67 | H6: 2.5 | J6: 1 | K6: 2008199.5 | L6: 2702303.8 | M6: 207976.9
B7: pub (Public servants) | C7: 2.12 | D7: 1.88 | E7: =M8 -> 0.58849251 | F7: =M17 -> 0.21884041 | G7: 1.62 | H7: 1.52 | J7: no | K7: =K5/SUM(K5:K6) -> 0.34463336 | L7: =L5/SUM(L5:L6) -> 0.34322111 | M7: =M5/SUM(M5:M6) -> 0.41150749
J8: yes | K8: =K6/SUM(K5:K6) -> 0.65536664 | L8: =L6/SUM(L5:L6) -> 0.65677889 | M8: =M6/SUM(M5:M6) -> 0.58849251
J13: y_want_3nd | K13: yes | L13: no | M13: Public
B14: employment | C14: mean desired number | D14: mean desired number of childless (18–35) | E14: intention to have 2nd child | F14: intention to have 3rd child | G14: actual number of children (40–49) | H14: actual number of children (35–49) | J14: 0 | K14: 2016892.1 | L14: 3810645.9 | M14: 308474.61
B15: yes (Formal contract) | C15: - | D15: - | E15: - | F15: - | G15: - | H15: - | J15: 1 | K15: 665724.32 | L15: 1119480.9 | M15: 86418.59
B16: no (No formal contract) | C16: 1.21*** | D16: 1.20*** | E16: -0.01 | F16: 0.13 | G16: 0.23*** | H16: 0.29*** | J16: no | K16: =K14/SUM(K14:K15) -> 0.75183767 | L16: =L14/SUM(L14:L15) -> 0.7729306 | M16: =M14/SUM(M14:M15) -> 0.78115959
B17: pub (Public servants) | C17: 1.19* | D17: 1.21 | E17: 0.1 | F17: 0.36* | G17: 0.18 | H17: 0.21* | J17: yes | K17: =K15/SUM(K14:K15) -> 0.24816233 | L17: =L15/SUM(L14:L15) -> 0.2270694 | M17: =M15/SUM(M14:M15) -> 0.21884041
B18: *p<0.1; **p<0.05; ***p<0.01
C19: ordinal | D19: ordinal | E19: logistic | F19: logistic | G19: ordinal | H19: ordinal
A25: Table - models for desired number of children among Brazilian women (ordered logit regression)
A26: Model | B26: Variables included | C26: Coef. Public servants | D26: p-value | E26: AIC | F26: Interpretation
A27: 1. Group | B27: Only employment type | C27: 0.385 | D27: <0.001 | E27: 26250 | F27: Public servants desire more children than other women - a crude effect without controls.
A28: 2. + Education | B28: group + education | C28: 0.388 | D28: <0.001 | E28: 26144 | F28: The effect remains virtually unchanged (it is not explained by educational level).
A29: 3. + Marital status | B29: group + education + marital status | C29: 0.298 | D29: 0.002 | E29: 25840 | F29: The coefficient decreases but remains significant (part of the difference is due to the higher share of married/cohabiting women in the public sector).
A30: 4. + Age | B30: group + education + marital status + age | C30: 0.186 | D30: 0.059 | E30: 25692 | F30: The effect drops by about half (age explains much of the difference, but a small institutional effect remains).
A31: 5. + Region | B31: group + education + marital status + age + region | C31: 0.144 | D31: 0.146 | E31: 25647 | F31: The effect further weakens and loses significance (regional composition accounts for an additional part of the difference, as public servants are concentrated in lower-fertility regions).
A34: Table - models for desired fertility among childless women (ordered logit regression)
A35: Model | B35: Variables included | C35: Coef. Public servants | D35: p-value | E35: AIC | F35: Interpretation
A36: 1. Group | B36: Only employment type | C36: 0.285 | D36: 0.067 | E36: 14025 | F36: Public servants show a slightly higher desired number of children than other women.
A37: 2. + Education | B37: group + education | C37: 0.257 | D37: 0.105 | E37: 14012 | F37: After controlling for education, the effect weakens and loses significance (part of the initial difference reflects educational composition).
A38: 3. + Marital status | B38: group + education + marital status | C38: 0.219 | D38: 0.167 | E38: 13939 | F38: The coefficient continues to decline (the remaining difference is partly due to the higher share of married/cohabiting women in the public sector).
A39: 4. + Age | B39: group + education + marital status + age | C39: 0.193 | D39: 0.223 | E39: 13923 | F39: The effect further weakens (age explains much of the variation in fertility desires).
A40: 5. + Region | B40: group + education + marital status + age + region | C40: 0.15 | D40: 0.343 | E40: 13902 | F40: Regional composition fully accounts for the remaining difference, indicating no distinct institutional effect.
A43: Table logistic regression for the desire of a second child among mothers of one child
A44: Model | B44: Variables included | C44: Coef. Public servants of a second child among mothers of one child | D44: p-value | E44: AIC | F44: Interpretation
A45: 1. Group | B45: Only employment type | C45: 0.132 | D45: 0.582 | E45: 2498 | F45: Public servants are slightly more likely to express the desire for a second child, but the effect is small and not statistically significant.
A46: 2. + Education | B46: group + education | C46: 0.047 | D46: 0.85 | E46: 2500 | F46: After controlling for education, the effect becomes smaller and remains non-significant (educational differences do not explain the weak association).
A47: 3. + Marital status | B47: group + education + marital status | C47: 0.079 | D47: 0.751 | E47: 2481 | F47: Adding marital status does not substantially change the coefficient (the difference is not driven by marital composition).
A48: 4. + Age | B48: group + education + marital status + age | C48: 0.117 | D48: 0.64 | E48: 2480 | F48: Including age does not improve the model (life-cycle factors do not explain the variation in the desire for a second child).
A49: 5. + Region | B49: group + education + marital status + age + region | C49: 0.097 | D49: 0.7 | E49: 2485 | F49: The effect remains non-significant (regional composition adds no explanatory power; public servants do not differ from others in their second-child intentions).
A51: Table logistic regression for the desire of a third child among mothers of two child
A52: Model | B52: Variables included | C52: Coef. Public servants of a third child among mothers of two child | D52: p-value | E52: AIC | F52: Interpretation
A53: 1. Group | B53: Only employment type | C53: 0.378 | D53: 0.068 | E53: 2615 | F53: Public servants show a higher likelihood of desiring a third child than other women, but the effect is only marginally significant.
A54: 2. + Education | B54: group + education | C54: 0.379 | D54: 0.073 | E54: 2613 | F54: The effect remains stable and still marginally significant (educational differences do not account for this gap).
A55: 3. + Marital status | B55: group + education + marital status | C55: 0.353 | D55: 0.095 | E55: 2611 | F55: The coefficient slightly decreases and becomes less significant (part of the difference is related to marital composition).
A56: 4. + Age | B56: group + education + marital status + age | C56: 0.34 | D56: 0.109 | E56: 2612 | F56: The effect weakens with age controls (fertility timing explains part of the association).
A57: 5. + Region | B57: group + education + marital status + age + region | C57: 0.28 | D57: 0.192 | E57: 2606 | F57: The coefficient declines and becomes non-significant (regional context fully accounts for the observed difference).
A60: Actual Number of Children (Ages 40–49) – Sequential Ordered Logit Models
A61: Model | B61: Variables included | C61: Coef. Public servants | D61: p-value | E61: AIC | F61: Interpretation
A62: 1. Group | B62: Only employment type | C62: -0.2 | D62: 0.15 | E62: 7603 | F62: Public servants have slightly fewer children than other women, but the difference is not statistically significant.
A63: 2. + Education | B63: group + education | C63: 0.257 | D63: 0.105 | E63: 14012 | F63: Once education is added, the sign reverses (the small difference seems related to educational composition, but remains non-significant).
A64: 3. + Marital status | B64: group + education + marital status | C64: 0.219 | D64: 0.167 | E64: 13939 | F64: The coefficient decreases slightly and stays non-significant (part of the variation reflects marital structure).
A65: 4. + Age | B65: group + education + marital status + age | C65: 0.193 | D65: 0.223 | E65: 13923 | F65: Adding age does not change the result (differences by age within this 40-49 group are minor).
A66: 5. + Region | B66: group + education + marital status + age + region | C66: 0.18 | D66: 0.2636535 | E66: 13918.179 | F66: The effect remains small and insignificant (once regional composition is controlled, no institutional gap remains).
A69: Actual Number of Children (Ages 35–49) – Sequential Ordered Logit Models
A70: Model | B70: Variables included | C70: Coef. Public servants | D70: p-value | E70: AIC | F70: Interpretation
A71: 1. Group | B71: Only employment type | C71: -0.193 | D71: 0.101 | E71: 12025 | F71: Public servants have slightly fewer children than other women, but the effect is only marginally significant.
A72: 2. + Education | B72: group + education | C72: 0.165 | D72: 0.173 | E72: 11578 | F72: Once education is controlled for, the sign reverses and becomes positive (differences in educational attainment explain the initial gap).
A73: 3. + Marital status | B73: group + education + marital status | C73: 0.207 | D73: 0.092 | E73: 10966 | F73: The coefficient increases and becomes marginally significant (being married/cohabiting is more common among public servants and relates to higher completed fertility).
A74: 4. + Age | B74: group + education + marital status + age | C74: 0.167 | D74: 0.172 | E74: 10897 | F74: Controlling for age slightly attenuates the effect (small differences in fertility timing remain).
A75: 5. + Region | B75: group + education + marital status + age + region | C75: 0.079 | D75: 0.521 | E75: 10784 | F75: After accounting for regional composition, the coefficient becomes small and non-significant (no independent institutional effect of public employment).

Sheet n_reasons_children
A1: 633- Which of the following reasons best explain why you had children or became pregnant before the age of 20?
A2: Reason | B2: Response | C2: Women (%) | D2: Formal contract (%) | E2: No formal contract (%) | F2: Public servants (%)
A3: Got pregnant unintentionally | B3: Yes | C3: 3674021.9 | D3: 537972.08 | E3: 1348411.6 | F3: 3729.297
B4: No | C4: 1974083.7 | D4: 212990.88 | E4: 796233.5 | F4: 12453.293
B5: Don’t know | C5: 33588.78 | D5: 677.206 | E5: 24211.56 | F5: 0
A6: Wanted to leave parents’ house | B6: Yes | C6: 1381569.6 | D6: 171296.58 | E6: 513929.85 | F6: 4501.736
B7: No | C7: 4295162 | D7: 579666.39 | E7: 1653307.4 | F7: 11680.854
B8: Don’t know | C8: 4962.799 | D8: 677.206 | E8: 1619.447 | F8: 0
A9: Wanted to get married | B9: Yes | C9: 2162910.3 | D9: 204943.73 | E9: 868693.81 | F9: 7521.576
B10: No | C10: 3513821.3 | D10: 546019.23 | E10: 1298543.4 | F10: 8661.015
B11: Don’t know | C11: 4962.799 | D11: 677.206 | E11: 1619.447 | F11: 0
A12: Didn’t know how to avoid having children | B12: Yes | C12: 1338292.2 | D12: 231731.68 | E12: 464225.59 | F12: 616.3628
B13: No | C13: 4334349.1 | D13: 519231.29 | E13: 1702346.8 | F13: 15566.228
B14: Don’t know | C14: 9053.143 | D14: 677.206 | E14: 2284.322 | F14: 0
A15: Didn’t have money to buy contraceptives | B15: Yes | C15: 1049747.5 | D15: 126577.15 | E15: 380848.36 | F15: 191.0278
B16: No | C16: 4612030.2 | D16: 624385.82 | E16: 1785615.4 | F16: 15991.563
B17: Don’t know | C17: 19916.76 | D17: 677.206 | E17: 2392.966 | F17: 0
A18: Married early | B18: Yes | C18: 2901498 | D18: 357289.44 | E18: 1087620.3 | F18: 15108.188
B19: No | C19: 2777788.4 | D19: 395400.1 | E19: 1080445.2 | F19: 1074.402
B20: Don’t know | C20: 4134.609 | D20: 677.206 | E20: 791.258 | F20: 0
A21: Had no other option | B21: Yes | C21: 924547.01 | D21: 211668.05 | E21: 323994.09 | F21: 2136.465
B22: No | C22: 4727935.9 | D22: 538742.57 | E22: 1834898.4 | F22: 14046.125
B23: Don’t know | C23: 27804.75 | D23: 1229.549 | E23: 8557.551 | F23: 0
A24: Wanted to be a mother right away | B24: Yes | C24: 2182612.7 | D24: 202302.99 | E24: 870760.14 | F24: 7951.557
B25: No | C25: 3463663.7 | D25: 540331.24 | E25: 1293080.7 | F25: 3729.297
B26: Don’t know | C26: 37144.55 | D26: 10732.52 | E26: 5015.873 | F26: 4501.736
A27: Husband/partner wanted to have children right away | B27: Yes | C27: 2390644.6 | D27: 213520.55 | E27: 904962.59 | F27: 14856.77
B28: No | C28: 3178986.3 | D28: 533577.37 | E28: 1210726.2 | F28: 1325.821
B29: Don’t know | C29: 113790.2 | D29: 6268.832 | E29: 53167.93 | F29: 0
A30: Did not know where to get contraception | B30: Yes | C30: 925683.34 | D30: 99964.628 | E30: 293535.18 | F30: 0
B31: No | C31: 4749634 | D31: 650998.34 | E31: 1872287.9 | F31: 16182.59
B32: Don’t know | C32: 6377.018 | D32: 677.206 | E32: 3033.667 | F32: 0
A33: Method failed (forgot pill, condom failure, etc.) | B33: Yes | C33: 1146032.6 | D33: 141594.2 | E33: 511484.62 | F33: 1401.804
B34: No | C34: 4511774.2 | D34: 595784.56 | E34: 1654766.2 | F34: 14780.786
B35: Don’t know | C35: 19533.46 | D35: 14261.41 | E35: 2605.902 | F35: 0
A36: Other reasons | B36: Yes | C36: 52650.69 | D36: 10090.86 | E36: 30334.72 | F36: 0
B37: No | C37: 5612546.9 | D37: 730859.14 | E37: 2135916.1 | F37: 16182.59
A39: 637 Which of the following reasons best explains why you did not have any live births before the age of 30?
A40: Reason | B40: Response | C40: Women (%) | D40: Formal contract (%) | E40: No formal contract (%) | F40: Public servants (%)
A41: Never wanted to have children | B41: Yes | C41: 1508834.8 | D41: 521115.16 | E41: 530033.39 | F41: 164272.4
B42: No | C42: 4132591.3 | D42: 1497203.6 | E42: 1378732.7 | F42: 351931.34
B43: Don’t know | C43: 69073.65 | D43: 1774.084 | E43: 31679.71 | F43: 11222.24
A44: Haven’t wanted to have children yet | B44: Yes | C44: 1597589 | D44: 611355.05 | E44: 586798.89 | F44: 113495.8
B45: No | C45: 4059549.8 | D45: 1393032.1 | E45: 1320796.2 | F45: 413930.2
B46: Don’t know | C46: 47403.42 | D46: 9748.158 | E46: 32850.69 | F46: 0
A47: Wanted to study or have a career before having children | B47: Yes | C47: 3424417.3 | D47: 1414676.3 | E47: 1104760.2 | F47: 399417.5
B48: No | C48: 2264608.6 | D48: 596985.78 | E48: 823169.83 | F48: 128008.5
B49: Don’t know | C49: 15667.53 | D49: 2624.481 | E49: 12515.68 | F49: 0
A50: Wanted to enjoy other things in life before becoming a mother | B50: Yes | C50: 3188971.8 | D50: 1264277.7 | E50: 1079738.4 | F50: 357343.2
B51: No | C51: 2498751.4 | D51: 745682.86 | E51: 848590.45 | F51: 170082.7
B52: Don’t know | C52: 17620.11 | D52: 4326.029 | E52: 12766.71 | F52: 0
A53: Afraid of going through pregnancy | B53: Yes | C53: 1228278.2 | D53: 389674.47 | E53: 436822.52 | F53: 121632.3
B54: No | C54: 4461598.1 | D54: 1622838 | E54: 1491107.6 | F54: 405793.7
B55: Don’t know | C55: 14817.13 | D55: 1774.084 | E55: 12515.68 | F55: 0
A56: Fear of childbirth | B56: Yes | C56: 1217698.8 | D56: 352869.19 | E56: 392740.82 | F56: 120292.82
B57: No | C57: 4459823.4 | D57: 1657599.5 | E57: 1535189.2 | F57: 396822.83
B58: Don’t know | C58: 27171.25 | D58: 3817.881 | E58: 12515.68 | F58: 10310.32
A59: Never had sexual intercourse | B59: Yes | C59: 695868.47 | D59: 240066.57 | E59: 188365.41 | F59: 29619.12
B60: No | C60: 4988974.3 | D60: 1766884.9 | E60: 1739564.7 | F60: 497806.86
B61: Don’t know | C61: 19850.73 | D61: 7335.054 | E61: 12515.68 | F61: 0
A62: Got pregnant and lost the baby | B62: Yes | C62: 695722.05 | D62: 209143.29 | E62: 275001.54 | F62: 46683.62
B63: No | C63: 4994681.7 | D63: 1803369.2 | E63: 1652928.5 | F63: 480742.36
B64: Don’t know | C64: 14289.76 | D64: 1774.084 | E64: 12515.68 | F64: 0
A65: Got pregnant and had an abortion | B65: Yes | C65: 283402.91 | D65: 68266.711 | E65: 133076.7 | F65: 12261.15
B66: No | C66: 5407000.8 | D66: 1944245.8 | E66: 1794853.4 | F66: 515164.83
B67: Don’t know | C67: 14289.76 | D67: 1774.084 | E67: 12515.68 | F67: 0
A68: Never married | B68: Yes | C68: 1552449.1 | D68: 576596.24 | E68: 464550.37 | F68: 169594.6
B69: No | C69: 4136846.7 | D69: 1435916.2 | E69: 1462271.8 | F69: 357831.4
B70: Don’t know | C70: 14289.76 | D70: 1774.084 | E70: 12515.68 | F70: 0
A71: Never had a partner with whom I wanted to have children | B71: Yes | C71: 1012687.3 | D71: 462617.6 | E71: 236822.59 | F71: 98242.43
B72: No | C72: 4676180.7 | D72: 1549770 | E72: 1689696.6 | F72: 429183.55
B73: Don’t know | C73: 14414.65 | D73: 1898.975 | E73: 12515.68 | F73: 0
A74: Partner/husband does not want or did not want children | B74: Yes | C74: 416837.09 | D74: 173086.22 | E74: 160306.84 | F74: 21020.12
B75: No | C75: 5258985.7 | D75: 1829122.5 | E75: 1767623.2 | F75: 506405.86
B76: Don’t know | C76: 24773.97 | D76: 7981.09 | E76: 12515.68 | F76: 0
A77: Other reasons | B77: Yes | C77: 482857.7 | D77: 114255 | E77: 202385.5 | F77: 28916.27
B78: No | C78: 5192965.1 | D78: 1887954 | E78: 1725544.6 | F78: 498509.71
A80: 642 - Which of the following situations best explains the impact on your life of not having children before the age of 30
A81: Reason | B81: Response | C81: Women (%) | D81: Formal contract (%) | E81: No formal contract (%) | F81: Public servants (%)
A82: Put it off too long and had no children | B82: Yes | C82: 1072007.6 | D82: 391540.17 | E82: 331994.93 | F82: 131954.2
B83: No | C83: 4588160.3 | D83: 1619520.1 | E83: 1572820.3 | F83: 395471.8
B84: Don’t know | C84: 50331.83 | D84: 9032.484 | E84: 35630.49 | F84: 0
A85: Put it off too long and had difficulty conceiving | B85: Yes | C85: 962095.3 | D85: 282681.05 | E85: 332315 | F85: 70443.423
B86: No | C86: 4634467.3 | D86: 1705501.5 | E86: 1551020.2 | F86: 452374.09
B87: Don’t know | C87: 113937.1 | D87: 31910.22 | E87: 57110.59 | F87: 4608.462
A88: Separated and stayed alone | B88: Yes | C88: 242538.38 | D88: 115935.56 | E88: 82174.59 | F88: 31971.6
B89: No | C89: 5443643.5 | D89: 1902383.2 | E89: 1840064.9 | F89: 495454.4
B90: Don’t know | C90: 24317.88 | D90: 1774.084 | E90: 18206.24 | F90: 0
A91: Lost partner who wanted children sooner | B91: Yes | C91: 22148.52 | D91: 2197.098 | E91: 15003.68 | F91: 0
B92: No | C92: 5659932.1 | D92: 2016121.6 | E92: 1907235.8 | F92: 523324.8
B93: Don’t know | C93: 24317.88 | D93: 1774.084 | E93: 18206.24 | F93: 0
A94: Felt frustrated for not becoming a mother | B94: Yes | C94: 774173.67 | D94: 212443.26 | E94: 349981.6 | F94: 58885.47
B95: No | C95: 4873939.7 | D95: 1798950 | E95: 1571300.8 | F95: 448979.13
B96: Don’t know | C96: 58285.09 | D96: 8699.555 | E96: 19163.39 | F96: 15460.15
A97: Found it easier to date or maintain relationships | B97: Yes | C97: 1977431.4 | D97: 783922.86 | E97: 649018.3 | F97: 210060.32
B98: No | C98: 3635077.4 | D98: 1210141.3 | E98: 1274278.5 | F98: 266889.93
B99: Don’t know | C99: 91261.85 | D99: 21228.03 | E99: 17148.98 | F99: 48547.28
A100: Achieved professional goals | B100: Yes | C100: 2689643.5 | D100: 1182868.3 | E100: 825788.4 | F100: 349734.7
B101: No | C101: 2984161.8 | D101: 835450.39 | E101: 1084074.6 | F101: 177691.3
B102: Don’t know | C102: 36694.43 | D102: 1774.084 | E102: 30582.79 | F102: 0
...

Sheet n_summary
A1: Tabela Resumo das Distribuições por Base (Valores Absolutos)
K2: database | L2: What it captures | M2: Main sample filters | N2: Variables used in the model | O2: N
A3: 1. Schoolar | K3: d_fix (desired) | L3: Desired number of children (0-4+), ordinal | M3: Women aged 15-9 | N3: y(desired); x(contract, education, marital status, age, region) | O3: 9742
A4: Categoria | B4: desejados | C4: d_childless | D4: di2 | E4: di3 | F4: d_real_40_49 | G4: d_real_35_49 | K4: d_childless | L4: Desired number among young women | M4: Ages 18-35 | N4: y(desired); x(contract, education, marital status, age, region) | O4: 5563
A5: <8 | B5: 3531 | C5: 1656 | D5: 524 | E5: 885 | F5: 1217 | G5: 1837 | K5: di2 | L5: Intention to have a second child | M5: Women with one child | N5: y(want second); x(contract, education, marital status, age, region) | O5: 1957
A6: 8–11 | B6: 4878 | C6: 3128 | D6: 1141 | E6: 1133 | F6: 907 | G6: 1528 | K6: di3 | L6: Intention to have a third child | M6: Women with two children | N6: y(want third); x(contract, education, marital status, age, region) | O6: 2330
A7: 12+ | B7: 1333 | C7: 779 | D7: 292 | E7: 312 | F7: 394 | G7: 602 | K7: d_real_40_49 | L7: Completed fertility | M7: Ages 40-49 | N7: y(real); x(contract, education, marital status, age, region) | O7: 2518
K8: d_real_35_49 | L8: Near-completed fertility | M8: Ages 35-49 | N8: y(real); x(contract, education, marital status, age, region) | O8: 3967
A9: 2. Contract
A11: Categoria | B11: desejados | C11: d_childless | D11: di2 | E11: di3 | F11: d_real_40_49 | G11: d_real_35_49
A12: yes | B12: 3012 | C12: 1845 | D12: 728 | E12: 711 | F12: 785 | G12: 1243
A13: no | B13: 6305 | C13: 3557 | D13: 1138 | E13: 1482 | F13: 1532 | G13: 2442
A14: Public servants | B14: 425 | C14: 161 | D14: 91 | E14: 137 | F14: 201 | G14: 282
A16: 3. Age (10 y)
A18: Categoria | B18: desejados | C18: d_childless | D18: di2 | E18: di3 | F18: d_real_40_49 | G18: d_real_35_49
A19: <30 | B19: 4271 | C19: 3735 | D19: 1039 | E19: 553 | F19: 0 | G19: 0
A20: 30–39 | B20: 2988 | C20: 1828 | D20: 601 | E20: 1030 | F20: 0 | G20: 1449
A21: 40–49 | B21: 2483 | C21: 0 | D21: 317 | E21: 747 | F21: 2518 | G21: 2518
A23: 4. Marital Status
A25: Categoria | B25: desejados | C25: d_childless | D25: di2 | E25: di3 | F25: d_real_40_49 | G25: d_real_35_49
A26: Solteira | B26: 2257 | C26: 1582 | D26: 213 | E26: 48 | F26: 156 | G26: 242
A27: Casada | B27: 3517 | C27: 1644 | D27: 779 | E27: 1234 | F27: 1298 | G27: 2012
A28: Unida | B28: 2608 | C28: 1733 | D28: 619 | E28: 683 | F28: 490 | G28: 920
A29: Viuva/Separada/Divorciada | B29: 1360 | C29: 604 | D29: 346 | E29: 365 | F29: 574 | G29: 793
A31: 5. Region
A33: Categoria | B33: desejados | C33: d_childless | D33: di2 | E33: di3 | F33: d_real_40_49 | G33: d_real_35_49
A34: Centro-Oeste | B34: 1921 | C34: 1110 | D34: 347 | E34: 508 | F34: 479 | G34: 772
A35: Nordeste | B35: 1899 | C35: 1099 | D35: 378 | E35: 401 | F35: 469 | G35: 733
A36: Norte | B36: 1536 | C36: 922 | D36: 256 | E36: 325 | F36: 341 | G36: 561
A37: Sudeste | B37: 2114 | C37: 1187 | D37: 452 | E37: 496 | F37: 580 | G37: 901
A38: Sul | B38: 2272 | C38: 1245 | D38: 524 | E38: 600 | F38: 649 | G38: 1000
